{"CardName":{"DefaultText":"\u6709\u8d3c\u5077\u5403\uff01","LocalizationKey":"","ParentObjectID":""},"CardDescription":{"DefaultText":"\u79c3\u9e6b\u8dd1\u4e86\uff0c\u4f46\u6211\u7684\u98df\u7269\u2026","LocalizationKey":"","ParentObjectID":""},"CardTags":[],"CardTagsWarpData":[],"CardTagsWarpType":3,"CardType":3,"ActiveCounters":[],"AffectStatsOnlyOnBase":false,"AffectStatsOnlyWhenEquipped":false,"AffectStatsOnlyWhenNotInBackground":false,"AlwaysUpdate":false,"DmgVsEscapeBonus":{"x":0.0,"y":0.0},"Ambience":{"AmbienceConditions":{"FuelRange":{"x":0.0,"y":0.0},"LiquidQuantityRange":{"x":0.0,"y":0.0},"ProgressRange":{"x":0.0,"y":0.0},"Special1Range":{"x":0.0,"y":0.0},"Special2Range":{"x":0.0,"y":0.0},"Special3Range":{"x":0.0,"y":0.0},"Special4Range":{"x":0.0,"y":0.0},"SpoilageRange":{"x":0.0,"y":0.0},"UsageRange":{"x":0.0,"y":0.0}},"BackgroundSound":{"m_FileID":0,"m_PathID":0},"RandomNoises":[]},"BPRandomSingleDrop":false,"BaseBackground":{"m_FileID":0,"m_PathID":0},"BlueprintActionTags":[],"BlueprintCardConditions":[],"BlueprintCardModifications":[],"BlueprintFinishedLog":{"Category":{"m_FileID":0,"m_PathID":0},"LogText":{"DefaultText":"","LocalizationKey":"","ParentObjectID":""}},"BlueprintResult":[],"BlueprintStages":[],"BlueprintStatConditions":[],"BlueprintStatModifications":[],"BlueprintTagConditions":[],"BlueprintUnlockSunsCost":0.0,"BuildSounds":[],"BuildingCardConditions":[],"BuildingDaytimeCost":0,"BuildingStatConditions":[],"BuildingTagConditions":[],"CanBeRenamed":false,"CanDragItemsToTravel":false,"CannotBeTrashed":false,"CannotEmpty":false,"CannotSpawnDuringTickCatchup":false,"CardBackground":{"m_FileID":0,"m_PathID":0},"CardBackgroundWarpData":"BG_SandTop","CardBackgroundWarpType":3,"CardImage":{"m_FileID":0,"m_PathID":0},"CardImageWarpData":"\u79c3\u9e6b","CardImageWarpType":3,"CardInteractions":[],"CardsOnBoard":[],"CarriesOverTo":[],"CompletedObjectives":[],"ContainedLiquidTransform":{"m_FileID":0,"m_PathID":0},"ContentWeightReduction":0.0,"CookingConditions":{"CookingPausedNotification":{"DefaultText":"","LocalizationKey":"","ParentObjectID":""},"CookingPausedSound":{"m_FileID":0,"m_PathID":0},"ExtraFuelRate":0.0,"ExtraProgressRate":0.0,"ExtraSpecial1Rate":0.0,"ExtraSpecial2Rate":0.0,"ExtraSpecial3Rate":0.0,"ExtraSpecial4Rate":0.0,"ExtraSpoilageRate":0.0,"ExtraUsageRate":0.0,"NeedsFuel":false,"NeedsProgress":false,"NeedsSpecial1":false,"NeedsSpecial2":false,"NeedsSpecial3":false,"NeedsSpecial4":false,"NeedsSpoilage":false,"NeedsUsage":false},"CookingRecipes":[],"CookingSprite":{"m_FileID":0,"m_PathID":0},"DeconstructDaytimeCost":0,"DeconstructSounds":[],"DefaultEnvCards":[],"DefaultLiquidContained":{"LiquidCard":{"m_FileID":0,"m_PathID":0},"Quantity":{"x":0.0,"y":0.0}},"DefaultLiquidImage":{"m_FileID":0,"m_PathID":0},"DismantleActions":[{"ActionDescription":{"DefaultText":"","LocalizationKey":"","ParentObjectID":""},"ActionLog":{"LogText":{"DefaultText":"<nobr=\"63da4d75ca649952e3951e581b9c634a(d0)\"><nobr>\u6709\u8d3c\u5077\u5403\uff01\u68c0\u67e5\u635f\u5931\u3002","LocalizationKey":"","ParentObjectID":""},"Category":{"m_FileID":0,"m_PathID":0}},"ActionName":{"DefaultText":"\u68c0\u67e5\u635f\u5931","LocalizationKey":"","ParentObjectID":""},"ActionSounds":[],"ActionTags":[],"ActionTagsWarpData":[],"ActionTagsWarpType":3,"AlwaysShow":false,"BlueprintsFullUnlock":[],"Cancellable":false,"ConfirmPopup":false,"CustomDestroyMessage":{"DefaultText":"","LocalizationKey":"","ParentObjectID":""},"CustomWindowPrefab":{"m_FileID":0,"m_PathID":0},"DaytimeCost":1,"DisablePitchVariation":false,"DontCloseInspectionWindow":false,"DontShowDestroyMessage":false,"ExplorationValue":0.0,"ExtraDurabilityModifications":[{"AffectedCards":[],"AffectedTags":[],"NOTAffectedThings":[],"AffectedTagsWarpData":[],"AffectedTagsWarpType":3,"AppliesTo":5,"LookInInventories":false,"RequiredDurabilities":{"SpoilageRange":{"x":0.0,"y":0.0},"UsageRange":{"x":0.0,"y":0.0},"FuelRange":{"x":0.0,"y":0.0},"ProgressRange":{"x":0.0,"y":0.0},"Special1Range":{"x":0.0,"y":0.0},"Special2Range":{"x":0.0,"y":0.0},"Special3Range":{"x":0.0,"y":0.0},"Special4Range":{"x":0.0,"y":0.0},"LiquidQuantityRange":{"x":0.0,"y":0.0}},"SpoilageChange":{"x":0.0,"y":0.0},"UsageChange":{"x":0.0,"y":0.0},"FuelChange":{"x":0.0,"y":0.0},"ChargesChange":{"x":0.0,"y":0.0},"LiquidChange":{"x":0.0,"y":0.0},"Special1Change":{"x":0.0,"y":0.0},"Special2Change":{"x":0.0,"y":0.0},"Special3Change":{"x":0.0,"y":0.0},"Special4Change":{"x":0.0,"y":0.0},"CardChanges":1,"DropOnDestroyList":false,"RandomlyAffectedCards":1.0,"RandomAmountType":1,"SendToEnvironment":[],"AffectedCardsWarpType":3,"AffectedCardsWarpData":["b51bc11578f837ae2ec4760ec4a1311b","f557e1f715a7d96cd9e4806fc0ff18bd","09421bdf7b39d14fc2b57a65abf658ba","16e51ef3b4f40479cb724732f06656dc"]}],"FadeMessage":{"DefaultText":"","LocalizationKey":"","ParentObjectID":""},"FadeTips":false,"FadeToBlack":0,"InstantStatModifications":false,"MinMaxExplorationDrops":{"x":0,"y":0},"NoCardsAffectedMessage":{"DefaultText":"\u79c3\u9e6b\u79bb\u5f00\u4e86\uff0c\u6ca1\u6709\u5e26\u8d70\u4efb\u4f55\u4e1c\u897f\u3002","LocalizationKey":"","ParentObjectID":""},"NotBaseAction":false,"NoveltyShared":false,"PerformUponInspection":false,"ProducedCards":[{"CardDropChanceModifiers":[],"CollectionMessages":[],"CollectionName":"col_0","CollectionUses":{"x":0,"y":0},"CollectionWeight":0,"CreatedLiquid":{"LiquidCard":{"m_FileID":0,"m_PathID":0},"Quantity":{}},"DroppedCards":[{"DroppedCard":{"m_FileID":0,"m_PathID":0},"DroppedCardWarpData":"e56f4224fc60b8a48e0717260f84cbae","DroppedCardWarpType":3,"Quantity":{"x":2.0,"y":2.0}}],"DroppedEncounter":{"m_FileID":0,"m_PathID":0},"DroppedEncounterWarpData":"","DroppedEncounterWarpType":3,"DurabilitiesDropChanceModifier":{"Fuel":{"DurabilityRange":{},"InterpWeightRange":{}},"Progress":{"DurabilityRange":{},"InterpWeightRange":{}},"Special1":{"DurabilityRange":{},"InterpWeightRange":{}},"Special2":{"DurabilityRange":{},"InterpWeightRange":{}},"Special3":{"DurabilityRange":{},"InterpWeightRange":{}},"Special4":{"DurabilityRange":{},"InterpWeightRange":{}},"Spoilage":{"DurabilityRange":{},"InterpWeightRange":{}},"Usage":{"DurabilityRange":{},"InterpWeightRange":{}}},"DurabilityModifications":{"ChargesChange":{},"FuelChange":{},"Special1Change":{},"Special2Change":{},"Special3Change":{},"Special4Change":{},"SpoilageChange":{},"UsageChange":{}},"StatModifications":[],"StatsDropChanceModifiers":[]}],"ReceivingCardChanges":{"ChargesChange":{"x":0.0,"y":0.0},"DropOnDestroyList":false,"FuelChange":{"x":0.0,"y":0.0},"LiquidEffectScaling":0,"LiquidQuantityChange":{"x":0.0,"y":0.0},"ModType":3,"ModifyDurability":false,"ModifyLiquid":false,"Special1Change":{"x":0.0,"y":0.0},"Special2Change":{"x":0.0,"y":0.0},"Special3Change":{"x":0.0,"y":0.0},"Special4Change":{"x":0.0,"y":0.0},"SpoilageChange":{"x":0.0,"y":0.0},"TransformIntoWarpData":"","TransferCharges":false,"TransferFuel":false,"TransferInventory":false,"TransferLiquid":false,"TransferSpecial1":false,"TransferSpecial2":false,"TransferSpecial3":false,"TransferSpecial4":false,"TransferSpoilage":false,"TransferUsage":false,"TransformInto":{"m_FileID":0,"m_PathID":0},"UsageChange":{"x":0.0,"y":0.0}},"RequiredCardsOnBoard":[],"RequiredReceivingContainer":[],"RequiredReceivingContainerTag":[],"RequiredReceivingDurabilities":{"FailMessage":{"DefaultText":"","LocalizationKey":"","ParentObjectID":""},"HideActionIfNotMet":false,"RequiredFuelPercent":{"Active":false,"FloatValue":0.0,"MaxValue":0.0},"RequiredLiquidQuantity":0.0,"RequiredProgressPercent":{"Active":false,"FloatValue":0.0,"MaxValue":0.0},"RequiredSpecial1Percent":{"Active":false,"FloatValue":0.0,"MaxValue":0.0},"RequiredSpecial2Percent":{"Active":false,"FloatValue":0.0,"MaxValue":0.0},"RequiredSpecial3Percent":{"Active":false,"FloatValue":0.0,"MaxValue":0.0},"RequiredSpecial4Percent":{"Active":false,"FloatValue":0.0,"MaxValue":0.0},"RequiredSpoilagePercent":{"Active":false,"FloatValue":0.0,"MaxValue":0.0},"RequiredUsagePercent":{"Active":false,"FloatValue":0.0,"MaxValue":0.0}},"RequiredReceivingLiquidContent":{"IsActive":false,"RequiredGroup":{"m_FileID":0,"m_PathID":0},"RequiredLiquid":{"m_FileID":0,"m_PathID":0},"RequiredQuantity":{"x":0.0,"y":0.0}},"RequiredStatValues":[],"RequiredTagsOnBoard":[],"ResetWhenDone":{"m_FileID":0,"m_PathID":0},"SaveGame":false,"StackCompatible":false,"StatInterruptions":[],"StatModifications":[{"ApplyEachTick":false,"InstantModifier":false,"IsInverse":false,"RateModifier":{"x":0,"y":0},"Stat":{"m_FileID":0,"m_PathID":0},"StatWarpData":"20196a7aa40878808740eae30798ef9f","StatWarpType":3,"ValueModifier":{"x":2000.0,"y":2000.0}}],"TravelToPreviousEnv":false,"UnavailableInDemo":false,"UseMiniTicks":2,"VictorySettings":{"SpecialEnding":false,"Victory":false,"VictoryMessage":{"DefaultText":"","LocalizationKey":"","ParentObjectID":""}},"VisibilityWithInventory":0}],"DoesNotPile":false,"DoesNotPinAutomatically":false,"DropFromTrashButton":false,"DroppedOnDestroy":[],"EffectsToInventoryContent":[],"EnvironmentDamages":[],"EnvironmentImprovements":[],"EquipmentTags":[],"ExclusivelyAcceptedLiquids":[],"ExplicitBlueprintNeeded":{"m_FileID":0,"m_PathID":0},"ExplorationResults":[],"FuelCapacity":{"Active":false,"CardStatName":{"DefaultText":"","LocalizationKey":"","ParentObjectID":""},"ExtraRateWhenEquipped":0.0,"FloatValue":0.0,"HasActionOnFull":false,"HasActionOnZero":false,"HidingOptions":0,"MaxValue":0.0,"OnFull":{"ActionDescription":{"DefaultText":"","LocalizationKey":"","ParentObjectID":""},"ActionLog":{"Category":{"m_FileID":0,"m_PathID":0},"LogText":{"DefaultText":"","LocalizationKey":"","ParentObjectID":""}},"ActionName":{"DefaultText":"","LocalizationKey":"","ParentObjectID":""},"ActionSounds":[],"ActionTags":[],"BlueprintsFullUnlock":[],"Cancellable":false,"ConfirmPopup":false,"CustomDestroyMessage":{"DefaultText":"","LocalizationKey":"","ParentObjectID":""},"CustomWindowPrefab":{"m_FileID":0,"m_PathID":0},"DaytimeCost":0,"DisablePitchVariation":false,"DontShowDestroyMessage":false,"ExtraDurabilityModifications":[],"FadeMessage":{"DefaultText":"","LocalizationKey":"","ParentObjectID":""},"FadeTips":false,"FadeToBlack":0,"InstantStatModifications":false,"NoCardsAffectedMessage":{"DefaultText":"","LocalizationKey":"","ParentObjectID":""},"NotBaseAction":false,"NoveltyShared":false,"ProducedCards":[],"ReceivingCardChanges":{"ChargesChange":{"x":0.0,"y":0.0},"DropOnDestroyList":false,"FuelChange":{"x":0.0,"y":0.0},"LiquidEffectScaling":0,"LiquidQuantityChange":{"x":0.0,"y":0.0},"ModType":0,"ModifyDurability":false,"ModifyLiquid":false,"Special1Change":{"x":0.0,"y":0.0},"Special2Change":{"x":0.0,"y":0.0},"Special3Change":{"x":0.0,"y":0.0},"Special4Change":{"x":0.0,"y":0.0},"SpoilageChange":{"x":0.0,"y":0.0},"TransferCharges":false,"TransferFuel":false,"TransferInventory":false,"TransferLiquid":false,"TransferSpecial1":false,"TransferSpecial2":false,"TransferSpecial3":false,"TransferSpecial4":false,"TransferSpoilage":false,"TransferUsage":false,"TransformInto":{"m_FileID":0,"m_PathID":0},"UsageChange":{"x":0.0,"y":0.0}},"RequiredCardsOnBoard":[],"RequiredReceivingContainer":[],"RequiredReceivingContainerTag":[],"RequiredReceivingDurabilities":{"FailMessage":{"DefaultText":"","LocalizationKey":"","ParentObjectID":""},"HideActionIfNotMet":false,"RequiredFuelPercent":{"Active":false,"FloatValue":0.0,"MaxValue":0.0},"RequiredLiquidQuantity":0.0,"RequiredProgressPercent":{"Active":false,"FloatValue":0.0,"MaxValue":0.0},"RequiredSpecial1Percent":{"Active":false,"FloatValue":0.0,"MaxValue":0.0},"RequiredSpecial2Percent":{"Active":false,"FloatValue":0.0,"MaxValue":0.0},"RequiredSpecial3Percent":{"Active":false,"FloatValue":0.0,"MaxValue":0.0},"RequiredSpecial4Percent":{"Active":false,"FloatValue":0.0,"MaxValue":0.0},"RequiredSpoilagePercent":{"Active":false,"FloatValue":0.0,"MaxValue":0.0},"RequiredUsagePercent":{"Active":false,"FloatValue":0.0,"MaxValue":0.0}},"RequiredReceivingLiquidContent":{"IsActive":false,"RequiredGroup":{"m_FileID":0,"m_PathID":0},"RequiredLiquid":{"m_FileID":0,"m_PathID":0},"RequiredQuantity":{"x":0.0,"y":0.0}},"RequiredStatValues":[],"RequiredTagsOnBoard":[],"ResetWhenDone":{"m_FileID":0,"m_PathID":0},"SaveGame":false,"StackCompatible":false,"StatInterruptions":[],"StatModifications":[],"TravelToPreviousEnv":false,"UnavailableInDemo":false,"UseMiniTicks":0,"VictorySettings":{"SpecialEnding":false,"Victory":false,"VictoryMessage":{"DefaultText":"","LocalizationKey":"","ParentObjectID":""}}},"OnFullNotification":0,"OnZero":{"ActionDescription":{"DefaultText":"","LocalizationKey":"","ParentObjectID":""},"ActionLog":{"Category":{"m_FileID":0,"m_PathID":0},"LogText":{"DefaultText":"","LocalizationKey":"","ParentObjectID":""}},"ActionName":{"DefaultText":"","LocalizationKey":"","ParentObjectID":""},"ActionSounds":[],"ActionTags":[],"BlueprintsFullUnlock":[],"Cancellable":false,"ConfirmPopup":false,"CustomDestroyMessage":{"DefaultText":"","LocalizationKey":"","ParentObjectID":""},"CustomWindowPrefab":{"m_FileID":0,"m_PathID":0},"DaytimeCost":0,"DisablePitchVariation":false,"DontShowDestroyMessage":false,"ExtraDurabilityModifications":[],"FadeMessage":{"DefaultText":"","LocalizationKey":"","ParentObjectID":""},"FadeTips":false,"FadeToBlack":0,"InstantStatModifications":false,"NoCardsAffectedMessage":{"DefaultText":"","LocalizationKey":"","ParentObjectID":""},"NotBaseAction":false,"NoveltyShared":false,"ProducedCards":[],"ReceivingCardChanges":{"ChargesChange":{"x":0.0,"y":0.0},"DropOnDestroyList":false,"FuelChange":{"x":0.0,"y":0.0},"LiquidEffectScaling":0,"LiquidQuantityChange":{"x":0.0,"y":0.0},"ModType":0,"ModifyDurability":false,"ModifyLiquid":false,"Special1Change":{"x":0.0,"y":0.0},"Special2Change":{"x":0.0,"y":0.0},"Special3Change":{"x":0.0,"y":0.0},"Special4Change":{"x":0.0,"y":0.0},"SpoilageChange":{"x":0.0,"y":0.0},"TransferCharges":false,"TransferFuel":false,"TransferInventory":false,"TransferLiquid":false,"TransferSpecial1":false,"TransferSpecial2":false,"TransferSpecial3":false,"TransferSpecial4":false,"TransferSpoilage":false,"TransferUsage":false,"TransformInto":{"m_FileID":0,"m_PathID":0},"UsageChange":{"x":0.0,"y":0.0}},"RequiredCardsOnBoard":[],"RequiredReceivingContainer":[],"RequiredReceivingContainerTag":[],"RequiredReceivingDurabilities":{"FailMessage":{"DefaultText":"","LocalizationKey":"","ParentObjectID":""},"HideActionIfNotMet":false,"RequiredFuelPercent":{"Active":false,"FloatValue":0.0,"MaxValue":0.0},"RequiredLiquidQuantity":0.0,"RequiredProgressPercent":{"Active":false,"FloatValue":0.0,"MaxValue":0.0},"RequiredSpecial1Percent":{"Active":false,"FloatValue":0.0,"MaxValue":0.0},"RequiredSpecial2Percent":{"Active":false,"FloatValue":0.0,"MaxValue":0.0},"RequiredSpecial3Percent":{"Active":false,"FloatValue":0.0,"MaxValue":0.0},"RequiredSpecial4Percent":{"Active":false,"FloatValue":0.0,"MaxValue":0.0},"RequiredSpoilagePercent":{"Active":false,"FloatValue":0.0,"MaxValue":0.0},"RequiredUsagePercent":{"Active":false,"FloatValue":0.0,"MaxValue":0.0}},"RequiredReceivingLiquidContent":{"IsActive":false,"RequiredGroup":{"m_FileID":0,"m_PathID":0},"RequiredLiquid":{"m_FileID":0,"m_PathID":0},"RequiredQuantity":{"x":0.0,"y":0.0}},"RequiredStatValues":[],"RequiredTagsOnBoard":[],"ResetWhenDone":{"m_FileID":0,"m_PathID":0},"SaveGame":false,"StackCompatible":false,"StatInterruptions":[],"StatModifications":[],"TravelToPreviousEnv":false,"UnavailableInDemo":false,"UseMiniTicks":0,"VictorySettings":{"SpecialEnding":false,"Victory":false,"VictoryMessage":{"DefaultText":"","LocalizationKey":"","ParentObjectID":""}}},"OnZeroNotification":0,"OverrideIcon":{"m_FileID":0,"m_PathID":0},"RatePerDaytimePoint":0.0,"ShowPopupOnFull":false,"ShowPopupOnZero":false,"TextDisplay":0},"InHandWhenEquipped":false,"InstancedEnvironment":false,"InventoryFilter":{"AcceptedCards":[],"AcceptedTags":[],"AcceptedTypes":[],"CardFilters":[],"NOTAcceptedCards":[],"NOTAcceptedTags":[],"NOTAcceptedTypes":[],"TagFilters":[]},"InventoryIsHidden":false,"InventorySlots":[],"InventorySlotsText":{"DefaultText":"","LocalizationKey":"","ParentObjectID":""},"IsDarkPlace":false,"IsHotPlace":false,"IsTravelCard":false,"KeepName":false,"LightSource":{"IsSourceOfLight":false,"LightColor":{"a":0.0,"b":0.0,"g":0.0,"r":0.0},"LightFlickerFreq":0.0,"LightFlickerStrength":0.0,"LightPos":{"x":0.0,"y":0.0},"LightSize":{"x":0.0,"y":0.0},"Priority":0.0},"LiquidEvaporationRate":0.0,"LiquidImages":[],"LiquidValidContainers":[],"LocalCounterEffects":[],"LocationsBackground":{"m_FileID":0,"m_PathID":0},"MaxLiquidCapacity":0.0,"MaxWeightCapacity":0.0,"NOTAcceptedLiquids":[],"ObjectWeight":0.0,"OnStatsChangeActions":[],"OnUnlockedLog":{"Category":{"m_FileID":0,"m_PathID":0},"LogText":{"DefaultText":"","LocalizationKey":"","ParentObjectID":""}},"PassiveEffects":[],"PassiveStatEffects":[],"Progress":{"Active":false,"CardStatName":{"DefaultText":"","LocalizationKey":"","ParentObjectID":""},"ExtraRateWhenEquipped":0.0,"FloatValue":0.0,"HasActionOnFull":false,"HasActionOnZero":false,"HidingOptions":0,"MaxValue":0.0,"OnFull":{"ActionDescription":{"DefaultText":"","LocalizationKey":"","ParentObjectID":""},"ActionLog":{"Category":{"m_FileID":0,"m_PathID":0},"LogText":{"DefaultText":"","LocalizationKey":"","ParentObjectID":""}},"ActionName":{"DefaultText":"","LocalizationKey":"","ParentObjectID":""},"ActionSounds":[],"ActionTags":[],"BlueprintsFullUnlock":[],"Cancellable":false,"ConfirmPopup":false,"CustomDestroyMessage":{"DefaultText":"","LocalizationKey":"","ParentObjectID":""},"CustomWindowPrefab":{"m_FileID":0,"m_PathID":0},"DaytimeCost":0,"DisablePitchVariation":false,"DontShowDestroyMessage":false,"ExtraDurabilityModifications":[],"FadeMessage":{"DefaultText":"","LocalizationKey":"","ParentObjectID":""},"FadeTips":false,"FadeToBlack":0,"InstantStatModifications":false,"NoCardsAffectedMessage":{"DefaultText":"","LocalizationKey":"","ParentObjectID":""},"NotBaseAction":false,"NoveltyShared":false,"ProducedCards":[],"ReceivingCardChanges":{"ChargesChange":{"x":0.0,"y":0.0},"DropOnDestroyList":false,"FuelChange":{"x":0.0,"y":0.0},"LiquidEffectScaling":0,"LiquidQuantityChange":{"x":0.0,"y":0.0},"ModType":0,"ModifyDurability":false,"ModifyLiquid":false,"Special1Change":{"x":0.0,"y":0.0},"Special2Change":{"x":0.0,"y":0.0},"Special3Change":{"x":0.0,"y":0.0},"Special4Change":{"x":0.0,"y":0.0},"SpoilageChange":{"x":0.0,"y":0.0},"TransferCharges":false,"TransferFuel":false,"TransferInventory":false,"TransferLiquid":false,"TransferSpecial1":false,"TransferSpecial2":false,"TransferSpecial3":false,"TransferSpecial4":false,"TransferSpoilage":false,"TransferUsage":false,"TransformInto":{"m_FileID":0,"m_PathID":0},"UsageChange":{"x":0.0,"y":0.0}},"RequiredCardsOnBoard":[],"RequiredReceivingContainer":[],"RequiredReceivingContainerTag":[],"RequiredReceivingDurabilities":{"FailMessage":{"DefaultText":"","LocalizationKey":"","ParentObjectID":""},"HideActionIfNotMet":false,"RequiredFuelPercent":{"Active":false,"FloatValue":0.0,"MaxValue":0.0},"RequiredLiquidQuantity":0.0,"RequiredProgressPercent":{"Active":false,"FloatValue":0.0,"MaxValue":0.0},"RequiredSpecial1Percent":{"Active":false,"FloatValue":0.0,"MaxValue":0.0},"RequiredSpecial2Percent":{"Active":false,"FloatValue":0.0,"MaxValue":0.0},"RequiredSpecial3Percent":{"Active":false,"FloatValue":0.0,"MaxValue":0.0},"RequiredSpecial4Percent":{"Active":false,"FloatValue":0.0,"MaxValue":0.0},"RequiredSpoilagePercent":{"Active":false,"FloatValue":0.0,"MaxValue":0.0},"RequiredUsagePercent":{"Active":false,"FloatValue":0.0,"MaxValue":0.0}},"RequiredReceivingLiquidContent":{"IsActive":false,"RequiredGroup":{"m_FileID":0,"m_PathID":0},"RequiredLiquid":{"m_FileID":0,"m_PathID":0},"RequiredQuantity":{"x":0.0,"y":0.0}},"RequiredStatValues":[],"RequiredTagsOnBoard":[],"ResetWhenDone":{"m_FileID":0,"m_PathID":0},"SaveGame":false,"StackCompatible":false,"StatInterruptions":[],"StatModifications":[],"TravelToPreviousEnv":false,"UnavailableInDemo":false,"UseMiniTicks":0,"VictorySettings":{"SpecialEnding":false,"Victory":false,"VictoryMessage":{"DefaultText":"","LocalizationKey":"","ParentObjectID":""}}},"OnFullNotification":0,"OnZero":{"ActionDescription":{"DefaultText":"","LocalizationKey":"","ParentObjectID":""},"ActionLog":{"Category":{"m_FileID":0,"m_PathID":0},"LogText":{"DefaultText":"","LocalizationKey":"","ParentObjectID":""}},"ActionName":{"DefaultText":"","LocalizationKey":"","ParentObjectID":""},"ActionSounds":[],"ActionTags":[],"BlueprintsFullUnlock":[],"Cancellable":false,"ConfirmPopup":false,"CustomDestroyMessage":{"DefaultText":"","LocalizationKey":"","ParentObjectID":""},"CustomWindowPrefab":{"m_FileID":0,"m_PathID":0},"DaytimeCost":0,"DisablePitchVariation":false,"DontShowDestroyMessage":false,"ExtraDurabilityModifications":[],"FadeMessage":{"DefaultText":"","LocalizationKey":"","ParentObjectID":""},"FadeTips":false,"FadeToBlack":0,"InstantStatModifications":false,"NoCardsAffectedMessage":{"DefaultText":"","LocalizationKey":"","ParentObjectID":""},"NotBaseAction":false,"NoveltyShared":false,"ProducedCards":[],"ReceivingCardChanges":{"ChargesChange":{"x":0.0,"y":0.0},"DropOnDestroyList":false,"FuelChange":{"x":0.0,"y":0.0},"LiquidEffectScaling":0,"LiquidQuantityChange":{"x":0.0,"y":0.0},"ModType":0,"ModifyDurability":false,"ModifyLiquid":false,"Special1Change":{"x":0.0,"y":0.0},"Special2Change":{"x":0.0,"y":0.0},"Special3Change":{"x":0.0,"y":0.0},"Special4Change":{"x":0.0,"y":0.0},"SpoilageChange":{"x":0.0,"y":0.0},"TransferCharges":false,"TransferFuel":false,"TransferInventory":false,"TransferLiquid":false,"TransferSpecial1":false,"TransferSpecial2":false,"TransferSpecial3":false,"TransferSpecial4":false,"TransferSpoilage":false,"TransferUsage":false,"TransformInto":{"m_FileID":0,"m_PathID":0},"UsageChange":{"x":0.0,"y":0.0}},"RequiredCardsOnBoard":[],"RequiredReceivingContainer":[],"RequiredReceivingContainerTag":[],"RequiredReceivingDurabilities":{"FailMessage":{"DefaultText":"","LocalizationKey":"","ParentObjectID":""},"HideActionIfNotMet":false,"RequiredFuelPercent":{"Active":false,"FloatValue":0.0,"MaxValue":0.0},"RequiredLiquidQuantity":0.0,"RequiredProgressPercent":{"Active":false,"FloatValue":0.0,"MaxValue":0.0},"RequiredSpecial1Percent":{"Active":false,"FloatValue":0.0,"MaxValue":0.0},"RequiredSpecial2Percent":{"Active":false,"FloatValue":0.0,"MaxValue":0.0},"RequiredSpecial3Percent":{"Active":false,"FloatValue":0.0,"MaxValue":0.0},"RequiredSpecial4Percent":{"Active":false,"FloatValue":0.0,"MaxValue":0.0},"RequiredSpoilagePercent":{"Active":false,"FloatValue":0.0,"MaxValue":0.0},"RequiredUsagePercent":{"Active":false,"FloatValue":0.0,"MaxValue":0.0}},"RequiredReceivingLiquidContent":{"IsActive":false,"RequiredGroup":{"m_FileID":0,"m_PathID":0},"RequiredLiquid":{"m_FileID":0,"m_PathID":0},"RequiredQuantity":{"x":0.0,"y":0.0}},"RequiredStatValues":[],"RequiredTagsOnBoard":[],"ResetWhenDone":{"m_FileID":0,"m_PathID":0},"SaveGame":false,"StackCompatible":false,"StatInterruptions":[],"StatModifications":[],"TravelToPreviousEnv":false,"UnavailableInDemo":false,"UseMiniTicks":0,"VictorySettings":{"SpecialEnding":false,"Victory":false,"VictoryMessage":{"DefaultText":"","LocalizationKey":"","ParentObjectID":""}}},"OnZeroNotification":0,"OverrideIcon":{"m_FileID":0,"m_PathID":0},"RatePerDaytimePoint":0.0,"ShowPopupOnFull":false,"ShowPopupOnZero":false,"TextDisplay":0},"RemotePassiveEffects":[],"SpawningBlockedBy":[],"SpecialDurability1":{"Active":false,"CardStatName":{"DefaultText":"","LocalizationKey":"","ParentObjectID":""},"ExtraRateWhenEquipped":0.0,"FloatValue":0.0,"HasActionOnFull":false,"HasActionOnZero":false,"HidingOptions":0,"MaxValue":0.0,"OnFull":{"ActionDescription":{"DefaultText":"","LocalizationKey":"","ParentObjectID":""},"ActionLog":{"Category":{"m_FileID":0,"m_PathID":0},"LogText":{"DefaultText":"","LocalizationKey":"","ParentObjectID":""}},"ActionName":{"DefaultText":"","LocalizationKey":"","ParentObjectID":""},"ActionSounds":[],"ActionTags":[],"BlueprintsFullUnlock":[],"Cancellable":false,"ConfirmPopup":false,"CustomDestroyMessage":{"DefaultText":"","LocalizationKey":"","ParentObjectID":""},"CustomWindowPrefab":{"m_FileID":0,"m_PathID":0},"DaytimeCost":0,"DisablePitchVariation":false,"DontShowDestroyMessage":false,"ExtraDurabilityModifications":[],"FadeMessage":{"DefaultText":"","LocalizationKey":"","ParentObjectID":""},"FadeTips":false,"FadeToBlack":0,"InstantStatModifications":false,"NoCardsAffectedMessage":{"DefaultText":"","LocalizationKey":"","ParentObjectID":""},"NotBaseAction":false,"NoveltyShared":false,"ProducedCards":[],"ReceivingCardChanges":{"ChargesChange":{"x":0.0,"y":0.0},"DropOnDestroyList":false,"FuelChange":{"x":0.0,"y":0.0},"LiquidEffectScaling":0,"LiquidQuantityChange":{"x":0.0,"y":0.0},"ModType":0,"ModifyDurability":false,"ModifyLiquid":false,"Special1Change":{"x":0.0,"y":0.0},"Special2Change":{"x":0.0,"y":0.0},"Special3Change":{"x":0.0,"y":0.0},"Special4Change":{"x":0.0,"y":0.0},"SpoilageChange":{"x":0.0,"y":0.0},"TransferCharges":false,"TransferFuel":false,"TransferInventory":false,"TransferLiquid":false,"TransferSpecial1":false,"TransferSpecial2":false,"TransferSpecial3":false,"TransferSpecial4":false,"TransferSpoilage":false,"TransferUsage":false,"TransformInto":{"m_FileID":0,"m_PathID":0},"UsageChange":{"x":0.0,"y":0.0}},"RequiredCardsOnBoard":[],"RequiredReceivingContainer":[],"RequiredReceivingContainerTag":[],"RequiredReceivingDurabilities":{"FailMessage":{"DefaultText":"","LocalizationKey":"","ParentObjectID":""},"HideActionIfNotMet":false,"RequiredFuelPercent":{"Active":false,"FloatValue":0.0,"MaxValue":0.0},"RequiredLiquidQuantity":0.0,"RequiredProgressPercent":{"Active":false,"FloatValue":0.0,"MaxValue":0.0},"RequiredSpecial1Percent":{"Active":false,"FloatValue":0.0,"MaxValue":0.0},"RequiredSpecial2Percent":{"Active":false,"FloatValue":0.0,"MaxValue":0.0},"RequiredSpecial3Percent":{"Active":false,"FloatValue":0.0,"MaxValue":0.0},"RequiredSpecial4Percent":{"Active":false,"FloatValue":0.0,"MaxValue":0.0},"RequiredSpoilagePercent":{"Active":false,"FloatValue":0.0,"MaxValue":0.0},"RequiredUsagePercent":{"Active":false,"FloatValue":0.0,"MaxValue":0.0}},"RequiredReceivingLiquidContent":{"IsActive":false,"RequiredGroup":{"m_FileID":0,"m_PathID":0},"RequiredLiquid":{"m_FileID":0,"m_PathID":0},"RequiredQuantity":{"x":0.0,"y":0.0}},"RequiredStatValues":[],"RequiredTagsOnBoard":[],"ResetWhenDone":{"m_FileID":0,"m_PathID":0},"SaveGame":false,"StackCompatible":false,"StatInterruptions":[],"StatModifications":[],"TravelToPreviousEnv":false,"UnavailableInDemo":false,"UseMiniTicks":0,"VictorySettings":{"SpecialEnding":false,"Victory":false,"VictoryMessage":{"DefaultText":"","LocalizationKey":"","ParentObjectID":""}}},"OnFullNotification":0,"OnZero":{"ActionDescription":{"DefaultText":"","LocalizationKey":"","ParentObjectID":""},"ActionLog":{"Category":{"m_FileID":0,"m_PathID":0},"LogText":{"DefaultText":"","LocalizationKey":"","ParentObjectID":""}},"ActionName":{"DefaultText":"","LocalizationKey":"","ParentObjectID":""},"ActionSounds":[],"ActionTags":[],"BlueprintsFullUnlock":[],"Cancellable":false,"ConfirmPopup":false,"CustomDestroyMessage":{"DefaultText":"","LocalizationKey":"","ParentObjectID":""},"CustomWindowPrefab":{"m_FileID":0,"m_PathID":0},"DaytimeCost":0,"DisablePitchVariation":false,"DontShowDestroyMessage":false,"ExtraDurabilityModifications":[],"FadeMessage":{"DefaultText":"","LocalizationKey":"","ParentObjectID":""},"FadeTips":false,"FadeToBlack":0,"InstantStatModifications":false,"NoCardsAffectedMessage":{"DefaultText":"","LocalizationKey":"","ParentObjectID":""},"NotBaseAction":false,"NoveltyShared":false,"ProducedCards":[],"ReceivingCardChanges":{"ChargesChange":{"x":0.0,"y":0.0},"DropOnDestroyList":false,"FuelChange":{"x":0.0,"y":0.0},"LiquidEffectScaling":0,"LiquidQuantityChange":{"x":0.0,"y":0.0},"ModType":0,"ModifyDurability":false,"ModifyLiquid":false,"Special1Change":{"x":0.0,"y":0.0},"Special2Change":{"x":0.0,"y":0.0},"Special3Change":{"x":0.0,"y":0.0},"Special4Change":{"x":0.0,"y":0.0},"SpoilageChange":{"x":0.0,"y":0.0},"TransferCharges":false,"TransferFuel":false,"TransferInventory":false,"TransferLiquid":false,"TransferSpecial1":false,"TransferSpecial2":false,"TransferSpecial3":false,"TransferSpecial4":false,"TransferSpoilage":false,"TransferUsage":false,"TransformInto":{"m_FileID":0,"m_PathID":0},"UsageChange":{"x":0.0,"y":0.0}},"RequiredCardsOnBoard":[],"RequiredReceivingContainer":[],"RequiredReceivingContainerTag":[],"RequiredReceivingDurabilities":{"FailMessage":{"DefaultText":"","LocalizationKey":"","ParentObjectID":""},"HideActionIfNotMet":false,"RequiredFuelPercent":{"Active":false,"FloatValue":0.0,"MaxValue":0.0},"RequiredLiquidQuantity":0.0,"RequiredProgressPercent":{"Active":false,"FloatValue":0.0,"MaxValue":0.0},"RequiredSpecial1Percent":{"Active":false,"FloatValue":0.0,"MaxValue":0.0},"RequiredSpecial2Percent":{"Active":false,"FloatValue":0.0,"MaxValue":0.0},"RequiredSpecial3Percent":{"Active":false,"FloatValue":0.0,"MaxValue":0.0},"RequiredSpecial4Percent":{"Active":false,"FloatValue":0.0,"MaxValue":0.0},"RequiredSpoilagePercent":{"Active":false,"FloatValue":0.0,"MaxValue":0.0},"RequiredUsagePercent":{"Active":false,"FloatValue":0.0,"MaxValue":0.0}},"RequiredReceivingLiquidContent":{"IsActive":false,"RequiredGroup":{"m_FileID":0,"m_PathID":0},"RequiredLiquid":{"m_FileID":0,"m_PathID":0},"RequiredQuantity":{"x":0.0,"y":0.0}},"RequiredStatValues":[],"RequiredTagsOnBoard":[],"ResetWhenDone":{"m_FileID":0,"m_PathID":0},"SaveGame":false,"StackCompatible":false,"StatInterruptions":[],"StatModifications":[],"TravelToPreviousEnv":false,"UnavailableInDemo":false,"UseMiniTicks":0,"VictorySettings":{"SpecialEnding":false,"Victory":false,"VictoryMessage":{"DefaultText":"","LocalizationKey":"","ParentObjectID":""}}},"OnZeroNotification":0,"OverrideIcon":{"m_FileID":0,"m_PathID":0},"RatePerDaytimePoint":0.0,"ShowPopupOnFull":false,"ShowPopupOnZero":false,"TextDisplay":0},"SpecialDurability2":{"Active":false,"CardStatName":{"DefaultText":"","LocalizationKey":"","ParentObjectID":""},"ExtraRateWhenEquipped":0.0,"FloatValue":0.0,"HasActionOnFull":false,"HasActionOnZero":false,"HidingOptions":0,"MaxValue":0.0,"OnFull":{"ActionDescription":{"DefaultText":"","LocalizationKey":"","ParentObjectID":""},"ActionLog":{"Category":{"m_FileID":0,"m_PathID":0},"LogText":{"DefaultText":"","LocalizationKey":"","ParentObjectID":""}},"ActionName":{"DefaultText":"","LocalizationKey":"","ParentObjectID":""},"ActionSounds":[],"ActionTags":[],"BlueprintsFullUnlock":[],"Cancellable":false,"ConfirmPopup":false,"CustomDestroyMessage":{"DefaultText":"","LocalizationKey":"","ParentObjectID":""},"CustomWindowPrefab":{"m_FileID":0,"m_PathID":0},"DaytimeCost":0,"DisablePitchVariation":false,"DontShowDestroyMessage":false,"ExtraDurabilityModifications":[],"FadeMessage":{"DefaultText":"","LocalizationKey":"","ParentObjectID":""},"FadeTips":false,"FadeToBlack":0,"InstantStatModifications":false,"NoCardsAffectedMessage":{"DefaultText":"","LocalizationKey":"","ParentObjectID":""},"NotBaseAction":false,"NoveltyShared":false,"ProducedCards":[],"ReceivingCardChanges":{"ChargesChange":{"x":0.0,"y":0.0},"DropOnDestroyList":false,"FuelChange":{"x":0.0,"y":0.0},"LiquidEffectScaling":0,"LiquidQuantityChange":{"x":0.0,"y":0.0},"ModType":0,"ModifyDurability":false,"ModifyLiquid":false,"Special1Change":{"x":0.0,"y":0.0},"Special2Change":{"x":0.0,"y":0.0},"Special3Change":{"x":0.0,"y":0.0},"Special4Change":{"x":0.0,"y":0.0},"SpoilageChange":{"x":0.0,"y":0.0},"TransferCharges":false,"TransferFuel":false,"TransferInventory":false,"TransferLiquid":false,"TransferSpecial1":false,"TransferSpecial2":false,"TransferSpecial3":false,"TransferSpecial4":false,"TransferSpoilage":false,"TransferUsage":false,"TransformInto":{"m_FileID":0,"m_PathID":0},"UsageChange":{"x":0.0,"y":0.0}},"RequiredCardsOnBoard":[],"RequiredReceivingContainer":[],"RequiredReceivingContainerTag":[],"RequiredReceivingDurabilities":{"FailMessage":{"DefaultText":"","LocalizationKey":"","ParentObjectID":""},"HideActionIfNotMet":false,"RequiredFuelPercent":{"Active":false,"FloatValue":0.0,"MaxValue":0.0},"RequiredLiquidQuantity":0.0,"RequiredProgressPercent":{"Active":false,"FloatValue":0.0,"MaxValue":0.0},"RequiredSpecial1Percent":{"Active":false,"FloatValue":0.0,"MaxValue":0.0},"RequiredSpecial2Percent":{"Active":false,"FloatValue":0.0,"MaxValue":0.0},"RequiredSpecial3Percent":{"Active":false,"FloatValue":0.0,"MaxValue":0.0},"RequiredSpecial4Percent":{"Active":false,"FloatValue":0.0,"MaxValue":0.0},"RequiredSpoilagePercent":{"Active":false,"FloatValue":0.0,"MaxValue":0.0},"RequiredUsagePercent":{"Active":false,"FloatValue":0.0,"MaxValue":0.0}},"RequiredReceivingLiquidContent":{"IsActive":false,"RequiredGroup":{"m_FileID":0,"m_PathID":0},"RequiredLiquid":{"m_FileID":0,"m_PathID":0},"RequiredQuantity":{"x":0.0,"y":0.0}},"RequiredStatValues":[],"RequiredTagsOnBoard":[],"ResetWhenDone":{"m_FileID":0,"m_PathID":0},"SaveGame":false,"StackCompatible":false,"StatInterruptions":[],"StatModifications":[],"TravelToPreviousEnv":false,"UnavailableInDemo":false,"UseMiniTicks":0,"VictorySettings":{"SpecialEnding":false,"Victory":false,"VictoryMessage":{"DefaultText":"","LocalizationKey":"","ParentObjectID":""}}},"OnFullNotification":0,"OnZero":{"ActionDescription":{"DefaultText":"","LocalizationKey":"","ParentObjectID":""},"ActionLog":{"Category":{"m_FileID":0,"m_PathID":0},"LogText":{"DefaultText":"","LocalizationKey":"","ParentObjectID":""}},"ActionName":{"DefaultText":"","LocalizationKey":"","ParentObjectID":""},"ActionSounds":[],"ActionTags":[],"BlueprintsFullUnlock":[],"Cancellable":false,"ConfirmPopup":false,"CustomDestroyMessage":{"DefaultText":"","LocalizationKey":"","ParentObjectID":""},"CustomWindowPrefab":{"m_FileID":0,"m_PathID":0},"DaytimeCost":0,"DisablePitchVariation":false,"DontShowDestroyMessage":false,"ExtraDurabilityModifications":[],"FadeMessage":{"DefaultText":"","LocalizationKey":"","ParentObjectID":""},"FadeTips":false,"FadeToBlack":0,"InstantStatModifications":false,"NoCardsAffectedMessage":{"DefaultText":"","LocalizationKey":"","ParentObjectID":""},"NotBaseAction":false,"NoveltyShared":false,"ProducedCards":[],"ReceivingCardChanges":{"ChargesChange":{"x":0.0,"y":0.0},"DropOnDestroyList":false,"FuelChange":{"x":0.0,"y":0.0},"LiquidEffectScaling":0,"LiquidQuantityChange":{"x":0.0,"y":0.0},"ModType":0,"ModifyDurability":false,"ModifyLiquid":false,"Special1Change":{"x":0.0,"y":0.0},"Special2Change":{"x":0.0,"y":0.0},"Special3Change":{"x":0.0,"y":0.0},"Special4Change":{"x":0.0,"y":0.0},"SpoilageChange":{"x":0.0,"y":0.0},"TransferCharges":false,"TransferFuel":false,"TransferInventory":false,"TransferLiquid":false,"TransferSpecial1":false,"TransferSpecial2":false,"TransferSpecial3":false,"TransferSpecial4":false,"TransferSpoilage":false,"TransferUsage":false,"TransformInto":{"m_FileID":0,"m_PathID":0},"UsageChange":{"x":0.0,"y":0.0}},"RequiredCardsOnBoard":[],"RequiredReceivingContainer":[],"RequiredReceivingContainerTag":[],"RequiredReceivingDurabilities":{"FailMessage":{"DefaultText":"","LocalizationKey":"","ParentObjectID":""},"HideActionIfNotMet":false,"RequiredFuelPercent":{"Active":false,"FloatValue":0.0,"MaxValue":0.0},"RequiredLiquidQuantity":0.0,"RequiredProgressPercent":{"Active":false,"FloatValue":0.0,"MaxValue":0.0},"RequiredSpecial1Percent":{"Active":false,"FloatValue":0.0,"MaxValue":0.0},"RequiredSpecial2Percent":{"Active":false,"FloatValue":0.0,"MaxValue":0.0},"RequiredSpecial3Percent":{"Active":false,"FloatValue":0.0,"MaxValue":0.0},"RequiredSpecial4Percent":{"Active":false,"FloatValue":0.0,"MaxValue":0.0},"RequiredSpoilagePercent":{"Active":false,"FloatValue":0.0,"MaxValue":0.0},"RequiredUsagePercent":{"Active":false,"FloatValue":0.0,"MaxValue":0.0}},"RequiredReceivingLiquidContent":{"IsActive":false,"RequiredGroup":{"m_FileID":0,"m_PathID":0},"RequiredLiquid":{"m_FileID":0,"m_PathID":0},"RequiredQuantity":{"x":0.0,"y":0.0}},"RequiredStatValues":[],"RequiredTagsOnBoard":[],"ResetWhenDone":{"m_FileID":0,"m_PathID":0},"SaveGame":false,"StackCompatible":false,"StatInterruptions":[],"StatModifications":[],"TravelToPreviousEnv":false,"UnavailableInDemo":false,"UseMiniTicks":0,"VictorySettings":{"SpecialEnding":false,"Victory":false,"VictoryMessage":{"DefaultText":"","LocalizationKey":"","ParentObjectID":""}}},"OnZeroNotification":0,"OverrideIcon":{"m_FileID":0,"m_PathID":0},"RatePerDaytimePoint":0.0,"ShowPopupOnFull":false,"ShowPopupOnZero":false,"TextDisplay":0},"SpecialDurability3":{"Active":false,"CardStatName":{"DefaultText":"","LocalizationKey":"","ParentObjectID":""},"ExtraRateWhenEquipped":0.0,"FloatValue":0.0,"HasActionOnFull":false,"HasActionOnZero":false,"HidingOptions":0,"MaxValue":0.0,"OnFull":{"ActionDescription":{"DefaultText":"","LocalizationKey":"","ParentObjectID":""},"ActionLog":{"Category":{"m_FileID":0,"m_PathID":0},"LogText":{"DefaultText":"","LocalizationKey":"","ParentObjectID":""}},"ActionName":{"DefaultText":"","LocalizationKey":"","ParentObjectID":""},"ActionSounds":[],"ActionTags":[],"BlueprintsFullUnlock":[],"Cancellable":false,"ConfirmPopup":false,"CustomDestroyMessage":{"DefaultText":"","LocalizationKey":"","ParentObjectID":""},"CustomWindowPrefab":{"m_FileID":0,"m_PathID":0},"DaytimeCost":0,"DisablePitchVariation":false,"DontShowDestroyMessage":false,"ExtraDurabilityModifications":[],"FadeMessage":{"DefaultText":"","LocalizationKey":"","ParentObjectID":""},"FadeTips":false,"FadeToBlack":0,"InstantStatModifications":false,"NoCardsAffectedMessage":{"DefaultText":"","LocalizationKey":"","ParentObjectID":""},"NotBaseAction":false,"NoveltyShared":false,"ProducedCards":[],"ReceivingCardChanges":{"ChargesChange":{"x":0.0,"y":0.0},"DropOnDestroyList":false,"FuelChange":{"x":0.0,"y":0.0},"LiquidEffectScaling":0,"LiquidQuantityChange":{"x":0.0,"y":0.0},"ModType":0,"ModifyDurability":false,"ModifyLiquid":false,"Special1Change":{"x":0.0,"y":0.0},"Special2Change":{"x":0.0,"y":0.0},"Special3Change":{"x":0.0,"y":0.0},"Special4Change":{"x":0.0,"y":0.0},"SpoilageChange":{"x":0.0,"y":0.0},"TransferCharges":false,"TransferFuel":false,"TransferInventory":false,"TransferLiquid":false,"TransferSpecial1":false,"TransferSpecial2":false,"TransferSpecial3":false,"TransferSpecial4":false,"TransferSpoilage":false,"TransferUsage":false,"TransformInto":{"m_FileID":0,"m_PathID":0},"UsageChange":{"x":0.0,"y":0.0}},"RequiredCardsOnBoard":[],"RequiredReceivingContainer":[],"RequiredReceivingContainerTag":[],"RequiredReceivingDurabilities":{"FailMessage":{"DefaultText":"","LocalizationKey":"","ParentObjectID":""},"HideActionIfNotMet":false,"RequiredFuelPercent":{"Active":false,"FloatValue":0.0,"MaxValue":0.0},"RequiredLiquidQuantity":0.0,"RequiredProgressPercent":{"Active":false,"FloatValue":0.0,"MaxValue":0.0},"RequiredSpecial1Percent":{"Active":false,"FloatValue":0.0,"MaxValue":0.0},"RequiredSpecial2Percent":{"Active":false,"FloatValue":0.0,"MaxValue":0.0},"RequiredSpecial3Percent":{"Active":false,"FloatValue":0.0,"MaxValue":0.0},"RequiredSpecial4Percent":{"Active":false,"FloatValue":0.0,"MaxValue":0.0},"RequiredSpoilagePercent":{"Active":false,"FloatValue":0.0,"MaxValue":0.0},"RequiredUsagePercent":{"Active":false,"FloatValue":0.0,"MaxValue":0.0}},"RequiredReceivingLiquidContent":{"IsActive":false,"RequiredGroup":{"m_FileID":0,"m_PathID":0},"RequiredLiquid":{"m_FileID":0,"m_PathID":0},"RequiredQuantity":{"x":0.0,"y":0.0}},"RequiredStatValues":[],"RequiredTagsOnBoard":[],"ResetWhenDone":{"m_FileID":0,"m_PathID":0},"SaveGame":false,"StackCompatible":false,"StatInterruptions":[],"StatModifications":[],"TravelToPreviousEnv":false,"UnavailableInDemo":false,"UseMiniTicks":0,"VictorySettings":{"SpecialEnding":false,"Victory":false,"VictoryMessage":{"DefaultText":"","LocalizationKey":"","ParentObjectID":""}}},"OnFullNotification":0,"OnZero":{"ActionDescription":{"DefaultText":"","LocalizationKey":"","ParentObjectID":""},"ActionLog":{"Category":{"m_FileID":0,"m_PathID":0},"LogText":{"DefaultText":"","LocalizationKey":"","ParentObjectID":""}},"ActionName":{"DefaultText":"","LocalizationKey":"","ParentObjectID":""},"ActionSounds":[],"ActionTags":[],"BlueprintsFullUnlock":[],"Cancellable":false,"ConfirmPopup":false,"CustomDestroyMessage":{"DefaultText":"","LocalizationKey":"","ParentObjectID":""},"CustomWindowPrefab":{"m_FileID":0,"m_PathID":0},"DaytimeCost":0,"DisablePitchVariation":false,"DontShowDestroyMessage":false,"ExtraDurabilityModifications":[],"FadeMessage":{"DefaultText":"","LocalizationKey":"","ParentObjectID":""},"FadeTips":false,"FadeToBlack":0,"InstantStatModifications":false,"NoCardsAffectedMessage":{"DefaultText":"","LocalizationKey":"","ParentObjectID":""},"NotBaseAction":false,"NoveltyShared":false,"ProducedCards":[],"ReceivingCardChanges":{"ChargesChange":{"x":0.0,"y":0.0},"DropOnDestroyList":false,"FuelChange":{"x":0.0,"y":0.0},"LiquidEffectScaling":0,"LiquidQuantityChange":{"x":0.0,"y":0.0},"ModType":0,"ModifyDurability":false,"ModifyLiquid":false,"Special1Change":{"x":0.0,"y":0.0},"Special2Change":{"x":0.0,"y":0.0},"Special3Change":{"x":0.0,"y":0.0},"Special4Change":{"x":0.0,"y":0.0},"SpoilageChange":{"x":0.0,"y":0.0},"TransferCharges":false,"TransferFuel":false,"TransferInventory":false,"TransferLiquid":false,"TransferSpecial1":false,"TransferSpecial2":false,"TransferSpecial3":false,"TransferSpecial4":false,"TransferSpoilage":false,"TransferUsage":false,"TransformInto":{"m_FileID":0,"m_PathID":0},"UsageChange":{"x":0.0,"y":0.0}},"RequiredCardsOnBoard":[],"RequiredReceivingContainer":[],"RequiredReceivingContainerTag":[],"RequiredReceivingDurabilities":{"FailMessage":{"DefaultText":"","LocalizationKey":"","ParentObjectID":""},"HideActionIfNotMet":false,"RequiredFuelPercent":{"Active":false,"FloatValue":0.0,"MaxValue":0.0},"RequiredLiquidQuantity":0.0,"RequiredProgressPercent":{"Active":false,"FloatValue":0.0,"MaxValue":0.0},"RequiredSpecial1Percent":{"Active":false,"FloatValue":0.0,"MaxValue":0.0},"RequiredSpecial2Percent":{"Active":false,"FloatValue":0.0,"MaxValue":0.0},"RequiredSpecial3Percent":{"Active":false,"FloatValue":0.0,"MaxValue":0.0},"RequiredSpecial4Percent":{"Active":false,"FloatValue":0.0,"MaxValue":0.0},"RequiredSpoilagePercent":{"Active":false,"FloatValue":0.0,"MaxValue":0.0},"RequiredUsagePercent":{"Active":false,"FloatValue":0.0,"MaxValue":0.0}},"RequiredReceivingLiquidContent":{"IsActive":false,"RequiredGroup":{"m_FileID":0,"m_PathID":0},"RequiredLiquid":{"m_FileID":0,"m_PathID":0},"RequiredQuantity":{"x":0.0,"y":0.0}},"RequiredStatValues":[],"RequiredTagsOnBoard":[],"ResetWhenDone":{"m_FileID":0,"m_PathID":0},"SaveGame":false,"StackCompatible":false,"StatInterruptions":[],"StatModifications":[],"TravelToPreviousEnv":false,"UnavailableInDemo":false,"UseMiniTicks":0,"VictorySettings":{"SpecialEnding":false,"Victory":false,"VictoryMessage":{"DefaultText":"","LocalizationKey":"","ParentObjectID":""}}},"OnZeroNotification":0,"OverrideIcon":{"m_FileID":0,"m_PathID":0},"RatePerDaytimePoint":0.0,"ShowPopupOnFull":false,"ShowPopupOnZero":false,"TextDisplay":0},"SpecialDurability4":{"Active":false,"CardStatName":{"DefaultText":"","LocalizationKey":"","ParentObjectID":""},"ExtraRateWhenEquipped":0.0,"FloatValue":0.0,"HasActionOnFull":false,"HasActionOnZero":false,"HidingOptions":0,"MaxValue":0.0,"OnFull":{"ActionDescription":{"DefaultText":"","LocalizationKey":"","ParentObjectID":""},"ActionLog":{"Category":{"m_FileID":0,"m_PathID":0},"LogText":{"DefaultText":"","LocalizationKey":"","ParentObjectID":""}},"ActionName":{"DefaultText":"","LocalizationKey":"","ParentObjectID":""},"ActionSounds":[],"ActionTags":[],"BlueprintsFullUnlock":[],"Cancellable":false,"ConfirmPopup":false,"CustomDestroyMessage":{"DefaultText":"","LocalizationKey":"","ParentObjectID":""},"CustomWindowPrefab":{"m_FileID":0,"m_PathID":0},"DaytimeCost":0,"DisablePitchVariation":false,"DontShowDestroyMessage":false,"ExtraDurabilityModifications":[],"FadeMessage":{"DefaultText":"","LocalizationKey":"","ParentObjectID":""},"FadeTips":false,"FadeToBlack":0,"InstantStatModifications":false,"NoCardsAffectedMessage":{"DefaultText":"","LocalizationKey":"","ParentObjectID":""},"NotBaseAction":false,"NoveltyShared":false,"ProducedCards":[],"ReceivingCardChanges":{"ChargesChange":{"x":0.0,"y":0.0},"DropOnDestroyList":false,"FuelChange":{"x":0.0,"y":0.0},"LiquidEffectScaling":0,"LiquidQuantityChange":{"x":0.0,"y":0.0},"ModType":0,"ModifyDurability":false,"ModifyLiquid":false,"Special1Change":{"x":0.0,"y":0.0},"Special2Change":{"x":0.0,"y":0.0},"Special3Change":{"x":0.0,"y":0.0},"Special4Change":{"x":0.0,"y":0.0},"SpoilageChange":{"x":0.0,"y":0.0},"TransferCharges":false,"TransferFuel":false,"TransferInventory":false,"TransferLiquid":false,"TransferSpecial1":false,"TransferSpecial2":false,"TransferSpecial3":false,"TransferSpecial4":false,"TransferSpoilage":false,"TransferUsage":false,"TransformInto":{"m_FileID":0,"m_PathID":0},"UsageChange":{"x":0.0,"y":0.0}},"RequiredCardsOnBoard":[],"RequiredReceivingContainer":[],"RequiredReceivingContainerTag":[],"RequiredReceivingDurabilities":{"FailMessage":{"DefaultText":"","LocalizationKey":"","ParentObjectID":""},"HideActionIfNotMet":false,"RequiredFuelPercent":{"Active":false,"FloatValue":0.0,"MaxValue":0.0},"RequiredLiquidQuantity":0.0,"RequiredProgressPercent":{"Active":false,"FloatValue":0.0,"MaxValue":0.0},"RequiredSpecial1Percent":{"Active":false,"FloatValue":0.0,"MaxValue":0.0},"RequiredSpecial2Percent":{"Active":false,"FloatValue":0.0,"MaxValue":0.0},"RequiredSpecial3Percent":{"Active":false,"FloatValue":0.0,"MaxValue":0.0},"RequiredSpecial4Percent":{"Active":false,"FloatValue":0.0,"MaxValue":0.0},"RequiredSpoilagePercent":{"Active":false,"FloatValue":0.0,"MaxValue":0.0},"RequiredUsagePercent":{"Active":false,"FloatValue":0.0,"MaxValue":0.0}},"RequiredReceivingLiquidContent":{"IsActive":false,"RequiredGroup":{"m_FileID":0,"m_PathID":0},"RequiredLiquid":{"m_FileID":0,"m_PathID":0},"RequiredQuantity":{"x":0.0,"y":0.0}},"RequiredStatValues":[],"RequiredTagsOnBoard":[],"ResetWhenDone":{"m_FileID":0,"m_PathID":0},"SaveGame":false,"StackCompatible":false,"StatInterruptions":[],"StatModifications":[],"TravelToPreviousEnv":false,"UnavailableInDemo":false,"UseMiniTicks":0,"VictorySettings":{"SpecialEnding":false,"Victory":false,"VictoryMessage":{"DefaultText":"","LocalizationKey":"","ParentObjectID":""}}},"OnFullNotification":0,"OnZero":{"ActionDescription":{"DefaultText":"","LocalizationKey":"","ParentObjectID":""},"ActionLog":{"Category":{"m_FileID":0,"m_PathID":0},"LogText":{"DefaultText":"","LocalizationKey":"","ParentObjectID":""}},"ActionName":{"DefaultText":"","LocalizationKey":"","ParentObjectID":""},"ActionSounds":[],"ActionTags":[],"BlueprintsFullUnlock":[],"Cancellable":false,"ConfirmPopup":false,"CustomDestroyMessage":{"DefaultText":"","LocalizationKey":"","ParentObjectID":""},"CustomWindowPrefab":{"m_FileID":0,"m_PathID":0},"DaytimeCost":0,"DisablePitchVariation":false,"DontShowDestroyMessage":false,"ExtraDurabilityModifications":[],"FadeMessage":{"DefaultText":"","LocalizationKey":"","ParentObjectID":""},"FadeTips":false,"FadeToBlack":0,"InstantStatModifications":false,"NoCardsAffectedMessage":{"DefaultText":"","LocalizationKey":"","ParentObjectID":""},"NotBaseAction":false,"NoveltyShared":false,"ProducedCards":[],"ReceivingCardChanges":{"ChargesChange":{"x":0.0,"y":0.0},"DropOnDestroyList":false,"FuelChange":{"x":0.0,"y":0.0},"LiquidEffectScaling":0,"LiquidQuantityChange":{"x":0.0,"y":0.0},"ModType":0,"ModifyDurability":false,"ModifyLiquid":false,"Special1Change":{"x":0.0,"y":0.0},"Special2Change":{"x":0.0,"y":0.0},"Special3Change":{"x":0.0,"y":0.0},"Special4Change":{"x":0.0,"y":0.0},"SpoilageChange":{"x":0.0,"y":0.0},"TransferCharges":false,"TransferFuel":false,"TransferInventory":false,"TransferLiquid":false,"TransferSpecial1":false,"TransferSpecial2":false,"TransferSpecial3":false,"TransferSpecial4":false,"TransferSpoilage":false,"TransferUsage":false,"TransformInto":{"m_FileID":0,"m_PathID":0},"UsageChange":{"x":0.0,"y":0.0}},"RequiredCardsOnBoard":[],"RequiredReceivingContainer":[],"RequiredReceivingContainerTag":[],"RequiredReceivingDurabilities":{"FailMessage":{"DefaultText":"","LocalizationKey":"","ParentObjectID":""},"HideActionIfNotMet":false,"RequiredFuelPercent":{"Active":false,"FloatValue":0.0,"MaxValue":0.0},"RequiredLiquidQuantity":0.0,"RequiredProgressPercent":{"Active":false,"FloatValue":0.0,"MaxValue":0.0},"RequiredSpecial1Percent":{"Active":false,"FloatValue":0.0,"MaxValue":0.0},"RequiredSpecial2Percent":{"Active":false,"FloatValue":0.0,"MaxValue":0.0},"RequiredSpecial3Percent":{"Active":false,"FloatValue":0.0,"MaxValue":0.0},"RequiredSpecial4Percent":{"Active":false,"FloatValue":0.0,"MaxValue":0.0},"RequiredSpoilagePercent":{"Active":false,"FloatValue":0.0,"MaxValue":0.0},"RequiredUsagePercent":{"Active":false,"FloatValue":0.0,"MaxValue":0.0}},"RequiredReceivingLiquidContent":{"IsActive":false,"RequiredGroup":{"m_FileID":0,"m_PathID":0},"RequiredLiquid":{"m_FileID":0,"m_PathID":0},"RequiredQuantity":{"x":0.0,"y":0.0}},"RequiredStatValues":[],"RequiredTagsOnBoard":[],"ResetWhenDone":{"m_FileID":0,"m_PathID":0},"SaveGame":false,"StackCompatible":false,"StatInterruptions":[],"StatModifications":[],"TravelToPreviousEnv":false,"UnavailableInDemo":false,"UseMiniTicks":0,"VictorySettings":{"SpecialEnding":false,"Victory":false,"VictoryMessage":{"DefaultText":"","LocalizationKey":"","ParentObjectID":""}}},"OnZeroNotification":0,"OverrideIcon":{"m_FileID":0,"m_PathID":0},"RatePerDaytimePoint":0.0,"ShowPopupOnFull":false,"ShowPopupOnZero":false,"TextDisplay":0},"SpillsInventoryOnDestroy":false,"SpoilageTime":{"Active":false,"CardStatName":{"DefaultText":"","LocalizationKey":"","ParentObjectID":""},"ExtraRateWhenEquipped":0.0,"FloatValue":0.0,"HasActionOnFull":false,"HasActionOnZero":false,"HidingOptions":0,"MaxValue":0.0,"OnFull":{"ActionDescription":{"DefaultText":"","LocalizationKey":"","ParentObjectID":""},"ActionLog":{"Category":{"m_FileID":0,"m_PathID":0},"LogText":{"DefaultText":"","LocalizationKey":"","ParentObjectID":""}},"ActionName":{"DefaultText":"","LocalizationKey":"","ParentObjectID":""},"ActionSounds":[],"ActionTags":[],"BlueprintsFullUnlock":[],"Cancellable":false,"ConfirmPopup":false,"CustomDestroyMessage":{"DefaultText":"","LocalizationKey":"","ParentObjectID":""},"CustomWindowPrefab":{"m_FileID":0,"m_PathID":0},"DaytimeCost":0,"DisablePitchVariation":false,"DontShowDestroyMessage":false,"ExtraDurabilityModifications":[],"FadeMessage":{"DefaultText":"","LocalizationKey":"","ParentObjectID":""},"FadeTips":false,"FadeToBlack":0,"InstantStatModifications":false,"NoCardsAffectedMessage":{"DefaultText":"","LocalizationKey":"","ParentObjectID":""},"NotBaseAction":false,"NoveltyShared":false,"ProducedCards":[],"ReceivingCardChanges":{"ChargesChange":{"x":0.0,"y":0.0},"DropOnDestroyList":false,"FuelChange":{"x":0.0,"y":0.0},"LiquidEffectScaling":0,"LiquidQuantityChange":{"x":0.0,"y":0.0},"ModType":0,"ModifyDurability":false,"ModifyLiquid":false,"Special1Change":{"x":0.0,"y":0.0},"Special2Change":{"x":0.0,"y":0.0},"Special3Change":{"x":0.0,"y":0.0},"Special4Change":{"x":0.0,"y":0.0},"SpoilageChange":{"x":0.0,"y":0.0},"TransferCharges":false,"TransferFuel":false,"TransferInventory":false,"TransferLiquid":false,"TransferSpecial1":false,"TransferSpecial2":false,"TransferSpecial3":false,"TransferSpecial4":false,"TransferSpoilage":false,"TransferUsage":false,"TransformInto":{"m_FileID":0,"m_PathID":0},"UsageChange":{"x":0.0,"y":0.0}},"RequiredCardsOnBoard":[],"RequiredReceivingContainer":[],"RequiredReceivingContainerTag":[],"RequiredReceivingDurabilities":{"FailMessage":{"DefaultText":"","LocalizationKey":"","ParentObjectID":""},"HideActionIfNotMet":false,"RequiredFuelPercent":{"Active":false,"FloatValue":0.0,"MaxValue":0.0},"RequiredLiquidQuantity":0.0,"RequiredProgressPercent":{"Active":false,"FloatValue":0.0,"MaxValue":0.0},"RequiredSpecial1Percent":{"Active":false,"FloatValue":0.0,"MaxValue":0.0},"RequiredSpecial2Percent":{"Active":false,"FloatValue":0.0,"MaxValue":0.0},"RequiredSpecial3Percent":{"Active":false,"FloatValue":0.0,"MaxValue":0.0},"RequiredSpecial4Percent":{"Active":false,"FloatValue":0.0,"MaxValue":0.0},"RequiredSpoilagePercent":{"Active":false,"FloatValue":0.0,"MaxValue":0.0},"RequiredUsagePercent":{"Active":false,"FloatValue":0.0,"MaxValue":0.0}},"RequiredReceivingLiquidContent":{"IsActive":false,"RequiredGroup":{"m_FileID":0,"m_PathID":0},"RequiredLiquid":{"m_FileID":0,"m_PathID":0},"RequiredQuantity":{"x":0.0,"y":0.0}},"RequiredStatValues":[],"RequiredTagsOnBoard":[],"ResetWhenDone":{"m_FileID":0,"m_PathID":0},"SaveGame":false,"StackCompatible":false,"StatInterruptions":[],"StatModifications":[],"TravelToPreviousEnv":false,"UnavailableInDemo":false,"UseMiniTicks":0,"VictorySettings":{"SpecialEnding":false,"Victory":false,"VictoryMessage":{"DefaultText":"","LocalizationKey":"","ParentObjectID":""}}},"OnFullNotification":0,"OnZero":{"ActionDescription":{"DefaultText":"","LocalizationKey":"","ParentObjectID":""},"ActionLog":{"Category":{"m_FileID":0,"m_PathID":0},"LogText":{"DefaultText":"","LocalizationKey":"","ParentObjectID":""}},"ActionName":{"DefaultText":"","LocalizationKey":"","ParentObjectID":""},"ActionSounds":[],"ActionTags":[],"BlueprintsFullUnlock":[],"Cancellable":false,"ConfirmPopup":false,"CustomDestroyMessage":{"DefaultText":"","LocalizationKey":"","ParentObjectID":""},"CustomWindowPrefab":{"m_FileID":0,"m_PathID":0},"DaytimeCost":0,"DisablePitchVariation":false,"DontShowDestroyMessage":false,"ExtraDurabilityModifications":[],"FadeMessage":{"DefaultText":"","LocalizationKey":"","ParentObjectID":""},"FadeTips":false,"FadeToBlack":0,"InstantStatModifications":false,"NoCardsAffectedMessage":{"DefaultText":"","LocalizationKey":"","ParentObjectID":""},"NotBaseAction":false,"NoveltyShared":false,"ProducedCards":[],"ReceivingCardChanges":{"ChargesChange":{"x":0.0,"y":0.0},"DropOnDestroyList":false,"FuelChange":{"x":0.0,"y":0.0},"LiquidEffectScaling":0,"LiquidQuantityChange":{"x":0.0,"y":0.0},"ModType":0,"ModifyDurability":false,"ModifyLiquid":false,"Special1Change":{"x":0.0,"y":0.0},"Special2Change":{"x":0.0,"y":0.0},"Special3Change":{"x":0.0,"y":0.0},"Special4Change":{"x":0.0,"y":0.0},"SpoilageChange":{"x":0.0,"y":0.0},"TransferCharges":false,"TransferFuel":false,"TransferInventory":false,"TransferLiquid":false,"TransferSpecial1":false,"TransferSpecial2":false,"TransferSpecial3":false,"TransferSpecial4":false,"TransferSpoilage":false,"TransferUsage":false,"TransformInto":{"m_FileID":0,"m_PathID":0},"UsageChange":{"x":0.0,"y":0.0}},"RequiredCardsOnBoard":[],"RequiredReceivingContainer":[],"RequiredReceivingContainerTag":[],"RequiredReceivingDurabilities":{"FailMessage":{"DefaultText":"","LocalizationKey":"","ParentObjectID":""},"HideActionIfNotMet":false,"RequiredFuelPercent":{"Active":false,"FloatValue":0.0,"MaxValue":0.0},"RequiredLiquidQuantity":0.0,"RequiredProgressPercent":{"Active":false,"FloatValue":0.0,"MaxValue":0.0},"RequiredSpecial1Percent":{"Active":false,"FloatValue":0.0,"MaxValue":0.0},"RequiredSpecial2Percent":{"Active":false,"FloatValue":0.0,"MaxValue":0.0},"RequiredSpecial3Percent":{"Active":false,"FloatValue":0.0,"MaxValue":0.0},"RequiredSpecial4Percent":{"Active":false,"FloatValue":0.0,"MaxValue":0.0},"RequiredSpoilagePercent":{"Active":false,"FloatValue":0.0,"MaxValue":0.0},"RequiredUsagePercent":{"Active":false,"FloatValue":0.0,"MaxValue":0.0}},"RequiredReceivingLiquidContent":{"IsActive":false,"RequiredGroup":{"m_FileID":0,"m_PathID":0},"RequiredLiquid":{"m_FileID":0,"m_PathID":0},"RequiredQuantity":{"x":0.0,"y":0.0}},"RequiredStatValues":[],"RequiredTagsOnBoard":[],"ResetWhenDone":{"m_FileID":0,"m_PathID":0},"SaveGame":false,"StackCompatible":false,"StatInterruptions":[],"StatModifications":[],"TravelToPreviousEnv":false,"UnavailableInDemo":false,"UseMiniTicks":0,"VictorySettings":{"SpecialEnding":false,"Victory":false,"VictoryMessage":{"DefaultText":"","LocalizationKey":"","ParentObjectID":""}}},"OnZeroNotification":0,"OverrideIcon":{"m_FileID":0,"m_PathID":0},"RatePerDaytimePoint":0.0,"ShowPopupOnFull":false,"ShowPopupOnZero":false,"TextDisplay":0},"StatValues":[],"TagsOnBoard":[],"TimeValues":[],"TransferCookingResultsOnTransform":false,"UniqueID":"63da4d75ca649952e3951e581b9c634a","UniqueOnBoard":false,"UnlockConditionsDesc":{"DefaultText":"","LocalizationKey":"","ParentObjectID":""},"UsageDurability":{"Active":false,"CardStatName":{"DefaultText":"","LocalizationKey":"","ParentObjectID":""},"ExtraRateWhenEquipped":0.0,"FloatValue":0.0,"HasActionOnFull":false,"HasActionOnZero":false,"HidingOptions":0,"MaxValue":0.0,"OnFull":{"ActionDescription":{"DefaultText":"","LocalizationKey":"","ParentObjectID":""},"ActionLog":{"Category":{"m_FileID":0,"m_PathID":0},"LogText":{"DefaultText":"","LocalizationKey":"","ParentObjectID":""}},"ActionName":{"DefaultText":"","LocalizationKey":"","ParentObjectID":""},"ActionSounds":[],"ActionTags":[],"BlueprintsFullUnlock":[],"Cancellable":false,"ConfirmPopup":false,"CustomDestroyMessage":{"DefaultText":"","LocalizationKey":"","ParentObjectID":""},"CustomWindowPrefab":{"m_FileID":0,"m_PathID":0},"DaytimeCost":0,"DisablePitchVariation":false,"DontShowDestroyMessage":false,"ExtraDurabilityModifications":[],"FadeMessage":{"DefaultText":"","LocalizationKey":"","ParentObjectID":""},"FadeTips":false,"FadeToBlack":0,"InstantStatModifications":false,"NoCardsAffectedMessage":{"DefaultText":"","LocalizationKey":"","ParentObjectID":""},"NotBaseAction":false,"NoveltyShared":false,"ProducedCards":[],"ReceivingCardChanges":{"ChargesChange":{"x":0.0,"y":0.0},"DropOnDestroyList":false,"FuelChange":{"x":0.0,"y":0.0},"LiquidEffectScaling":0,"LiquidQuantityChange":{"x":0.0,"y":0.0},"ModType":0,"ModifyDurability":false,"ModifyLiquid":false,"Special1Change":{"x":0.0,"y":0.0},"Special2Change":{"x":0.0,"y":0.0},"Special3Change":{"x":0.0,"y":0.0},"Special4Change":{"x":0.0,"y":0.0},"SpoilageChange":{"x":0.0,"y":0.0},"TransferCharges":false,"TransferFuel":false,"TransferInventory":false,"TransferLiquid":false,"TransferSpecial1":false,"TransferSpecial2":false,"TransferSpecial3":false,"TransferSpecial4":false,"TransferSpoilage":false,"TransferUsage":false,"TransformInto":{"m_FileID":0,"m_PathID":0},"UsageChange":{"x":0.0,"y":0.0}},"RequiredCardsOnBoard":[],"RequiredReceivingContainer":[],"RequiredReceivingContainerTag":[],"RequiredReceivingDurabilities":{"FailMessage":{"DefaultText":"","LocalizationKey":"","ParentObjectID":""},"HideActionIfNotMet":false,"RequiredFuelPercent":{"Active":false,"FloatValue":0.0,"MaxValue":0.0},"RequiredLiquidQuantity":0.0,"RequiredProgressPercent":{"Active":false,"FloatValue":0.0,"MaxValue":0.0},"RequiredSpecial1Percent":{"Active":false,"FloatValue":0.0,"MaxValue":0.0},"RequiredSpecial2Percent":{"Active":false,"FloatValue":0.0,"MaxValue":0.0},"RequiredSpecial3Percent":{"Active":false,"FloatValue":0.0,"MaxValue":0.0},"RequiredSpecial4Percent":{"Active":false,"FloatValue":0.0,"MaxValue":0.0},"RequiredSpoilagePercent":{"Active":false,"FloatValue":0.0,"MaxValue":0.0},"RequiredUsagePercent":{"Active":false,"FloatValue":0.0,"MaxValue":0.0}},"RequiredReceivingLiquidContent":{"IsActive":false,"RequiredGroup":{"m_FileID":0,"m_PathID":0},"RequiredLiquid":{"m_FileID":0,"m_PathID":0},"RequiredQuantity":{"x":0.0,"y":0.0}},"RequiredStatValues":[],"RequiredTagsOnBoard":[],"ResetWhenDone":{"m_FileID":0,"m_PathID":0},"SaveGame":false,"StackCompatible":false,"StatInterruptions":[],"StatModifications":[],"TravelToPreviousEnv":false,"UnavailableInDemo":false,"UseMiniTicks":0,"VictorySettings":{"SpecialEnding":false,"Victory":false,"VictoryMessage":{"DefaultText":"","LocalizationKey":"","ParentObjectID":""}}},"OnFullNotification":0,"OnZero":{"ActionDescription":{"DefaultText":"","LocalizationKey":"","ParentObjectID":""},"ActionLog":{"Category":{"m_FileID":0,"m_PathID":0},"LogText":{"DefaultText":"","LocalizationKey":"","ParentObjectID":""}},"ActionName":{"DefaultText":"","LocalizationKey":"","ParentObjectID":""},"ActionSounds":[],"ActionTags":[],"BlueprintsFullUnlock":[],"Cancellable":false,"ConfirmPopup":false,"CustomDestroyMessage":{"DefaultText":"","LocalizationKey":"","ParentObjectID":""},"CustomWindowPrefab":{"m_FileID":0,"m_PathID":0},"DaytimeCost":0,"DisablePitchVariation":false,"DontShowDestroyMessage":false,"ExtraDurabilityModifications":[],"FadeMessage":{"DefaultText":"","LocalizationKey":"","ParentObjectID":""},"FadeTips":false,"FadeToBlack":0,"InstantStatModifications":false,"NoCardsAffectedMessage":{"DefaultText":"","LocalizationKey":"","ParentObjectID":""},"NotBaseAction":false,"NoveltyShared":false,"ProducedCards":[],"ReceivingCardChanges":{"ChargesChange":{"x":0.0,"y":0.0},"DropOnDestroyList":false,"FuelChange":{"x":0.0,"y":0.0},"LiquidEffectScaling":0,"LiquidQuantityChange":{"x":0.0,"y":0.0},"ModType":0,"ModifyDurability":false,"ModifyLiquid":false,"Special1Change":{"x":0.0,"y":0.0},"Special2Change":{"x":0.0,"y":0.0},"Special3Change":{"x":0.0,"y":0.0},"Special4Change":{"x":0.0,"y":0.0},"SpoilageChange":{"x":0.0,"y":0.0},"TransferCharges":false,"TransferFuel":false,"TransferInventory":false,"TransferLiquid":false,"TransferSpecial1":false,"TransferSpecial2":false,"TransferSpecial3":false,"TransferSpecial4":false,"TransferSpoilage":false,"TransferUsage":false,"TransformInto":{"m_FileID":0,"m_PathID":0},"UsageChange":{"x":0.0,"y":0.0}},"RequiredCardsOnBoard":[],"RequiredReceivingContainer":[],"RequiredReceivingContainerTag":[],"RequiredReceivingDurabilities":{"FailMessage":{"DefaultText":"","LocalizationKey":"","ParentObjectID":""},"HideActionIfNotMet":false,"RequiredFuelPercent":{"Active":false,"FloatValue":0.0,"MaxValue":0.0},"RequiredLiquidQuantity":0.0,"RequiredProgressPercent":{"Active":false,"FloatValue":0.0,"MaxValue":0.0},"RequiredSpecial1Percent":{"Active":false,"FloatValue":0.0,"MaxValue":0.0},"RequiredSpecial2Percent":{"Active":false,"FloatValue":0.0,"MaxValue":0.0},"RequiredSpecial3Percent":{"Active":false,"FloatValue":0.0,"MaxValue":0.0},"RequiredSpecial4Percent":{"Active":false,"FloatValue":0.0,"MaxValue":0.0},"RequiredSpoilagePercent":{"Active":false,"FloatValue":0.0,"MaxValue":0.0},"RequiredUsagePercent":{"Active":false,"FloatValue":0.0,"MaxValue":0.0}},"RequiredReceivingLiquidContent":{"IsActive":false,"RequiredGroup":{"m_FileID":0,"m_PathID":0},"RequiredLiquid":{"m_FileID":0,"m_PathID":0},"RequiredQuantity":{"x":0.0,"y":0.0}},"RequiredStatValues":[],"RequiredTagsOnBoard":[],"ResetWhenDone":{"m_FileID":0,"m_PathID":0},"SaveGame":false,"StackCompatible":false,"StatInterruptions":[],"StatModifications":[],"TravelToPreviousEnv":false,"UnavailableInDemo":false,"UseMiniTicks":0,"VictorySettings":{"SpecialEnding":false,"Victory":false,"VictoryMessage":{"DefaultText":"","LocalizationKey":"","ParentObjectID":""}}},"OnZeroNotification":0,"OverrideIcon":{"m_FileID":0,"m_PathID":0},"RatePerDaytimePoint":0.0,"ShowPopupOnFull":false,"ShowPopupOnZero":false,"TextDisplay":0},"VisualEffects":[],"WeatherEffects":{"m_FileID":0,"m_PathID":0},"WeightReductionWhenEquipped":0.0,"ActionRange":0,"AmmoNeeded":[],"AmmoUsageCost":0.0,"AppliesCoverWhenEquipped":false,"ArmorValues":{"HeadArmor":0.0,"HeadArmorModifiers":[],"HeadHitProbabilityModifier":0.0,"LArmArmor":0.0,"LArmArmorModifiers":[],"LArmHitProbabilityModifier":0.0,"LLegArmor":0.0,"LLegArmorModifiers":[],"LLegHitProbabilityModifier":0.0,"RArmArmor":0.0,"RArmArmorModifiers":[],"RArmHitProbabilityModifier":0.0,"RLegArmor":0.0,"RLegArmorModifiers":[],"RLegHitProbabilityModifier":0.0,"TorsoArmor":0.0,"TorsoArmorModifiers":[],"TorsoHitProbabilityModifier":0.0},"BaseClashValue":{"x":0.0,"y":0.0},"BrokenDuringCombatLog":{"LogText":{"ParentObjectID":"","LocalizationKey":"","DefaultText":""},"AlternateLogTexts":[],"TextSettings":{"Active":false,"Bold":false,"Italics":false,"Underlined":false},"TextColor":{"Active":false,"ColorValue":{"r":0.0,"g":0.0,"b":0.0,"a":0.0}},"ScreenShake":false,"SoundEffects":[]},"ClashIneffectiveRangeMalus":{"x":0.0,"y":0.0},"ClashRangedInaccuracy":{"x":0.0,"y":0.0},"ClashStealthBonus":{"x":0.0,"y":0.0},"ClashVsEscapeBonus":{"x":0.0,"y":0.0},"DamageTypes":[],"EnemyAddedCover":0.0,"EnemyAddedStealth":0.0,"EnemyCoverHitProbabilityModifiers":{"HeadHitProbabilityModifier":0.0,"LArmHitProbabilityModifier":0.0,"LLegHitProbabilityModifier":0.0,"RArmHitProbabilityModifier":0.0,"RLegHitProbabilityModifier":0.0,"TorsoHitProbabilityModifier":0.0},"IsAmmo":false,"IsArmor":false,"IsCover":false,"IsWeapon":false,"PlayerAddedCover":0.0,"PlayerAddedStealth":0.0,"PlayerCoverHitProbabilityModifiers":{"HeadHitProbabilityModifier":0.0,"LArmHitProbabilityModifier":0.0,"LLegHitProbabilityModifier":0.0,"RArmHitProbabilityModifier":0.0,"RLegHitProbabilityModifier":0.0,"TorsoHitProbabilityModifier":0.0},"RequiredDistance":0,"WeaponActionStatChanges":[],"WeaponClashStatInfluences":[],"WeaponDamage":{"x":0.0,"y":0.0},"WeaponDamageStatInfluences":[],"WeaponIneffectiveCombatLog":{"LogText":{"ParentObjectID":"","LocalizationKey":"","DefaultText":""},"AlternateLogTexts":[],"TextSettings":{"Active":false,"Bold":false,"Italics":false,"Underlined":false},"TextColor":{"Active":false,"ColorValue":{"r":0.0,"g":0.0,"b":0.0,"a":0.0}},"ScreenShake":false,"SoundEffects":[]},"WeaponReach":0.0}