{"CardName":{"DefaultText":"\u79cd\u690d\u4e2d\u7684\u7518\u8349","LocalizationKey":"","ParentObjectID":""},"CardDescription":{"DefaultText":"\u6211\u5f97\u5c0f\u5fc3\u7167\u6599\u5b83","LocalizationKey":"","ParentObjectID":""},"CardTags":[],"CardTagsWarpData":[],"CardTagsWarpType":3,"CardType":0,"ActiveCounters":[],"AffectStatsOnlyOnBase":false,"AffectStatsOnlyWhenEquipped":false,"AffectStatsOnlyWhenNotInBackground":false,"AlwaysUpdate":false,"DmgVsEscapeBonus":{"x":0.0,"y":0.0},"Ambience":{"AmbienceConditions":{"FuelRange":{"x":0.0,"y":0.0},"LiquidQuantityRange":{"x":0.0,"y":0.0},"ProgressRange":{"x":0.0,"y":0.0},"Special1Range":{"x":0.0,"y":0.0},"Special2Range":{"x":0.0,"y":0.0},"Special3Range":{"x":0.0,"y":0.0},"Special4Range":{"x":0.0,"y":0.0},"SpoilageRange":{"x":0.0,"y":0.0},"UsageRange":{"x":0.0,"y":0.0}},"BackgroundSound":{"m_FileID":0,"m_PathID":0},"RandomNoises":[]},"BPRandomSingleDrop":false,"BaseBackground":{"m_FileID":0,"m_PathID":0},"BlueprintActionTags":[],"BlueprintCardConditions":[],"BlueprintCardModifications":[],"BlueprintFinishedLog":{"Category":{"m_FileID":0,"m_PathID":0},"LogText":{"DefaultText":"","LocalizationKey":"","ParentObjectID":""}},"BlueprintResult":[],"BlueprintStages":[],"BlueprintStatConditions":[],"BlueprintStatModifications":[],"BlueprintTagConditions":[],"BlueprintUnlockSunsCost":0.0,"BuildSounds":[],"BuildingCardConditions":[],"BuildingDaytimeCost":0,"BuildingStatConditions":[],"BuildingTagConditions":[],"CanBeRenamed":false,"CanDragItemsToTravel":false,"CannotBeTrashed":false,"CannotEmpty":false,"CannotSpawnDuringTickCatchup":false,"CardBackground":{"m_FileID":0,"m_PathID":0},"CardBackgroundWarpData":"BG_SandTop","CardBackgroundWarpType":3,"CardImage":{"m_FileID":0,"m_PathID":0},"CardImageWarpData":"\u79cd\u690d\u4e2d","CardImageWarpType":3,"CardInteractions":[{"ActionDescription":{"DefaultText":"","LocalizationKey":"","ParentObjectID":""},"ActionLog":{"LogText":{"DefaultText":"<nobr=\"8785fc7bcfd4ab881b9d134e78044405(i0)\"><nobr>\u79cd\u690d\u4e2d\u7684\u7518\u8349\u6d47\u6c34\u3002","LocalizationKey":"","ParentObjectID":""},"Category":{"m_FileID":0,"m_PathID":0}},"ActionName":{"DefaultText":"\u6d47\u6c34","LocalizationKey":"","ParentObjectID":""},"ActionSounds":[],"ActionTags":[],"ActionTagsWarpData":[],"ActionTagsWarpType":3,"BlueprintsFullUnlock":[],"Cancellable":false,"CarryOverGivenCard":false,"CompatibleCards":{"TriggerCards":[],"TriggerTags":[],"TriggerCardsWarpData":["8181b39749c241a45b2197486eab3447","b4bcc6e539449717362ae44fbc4b5060"],"TriggerCardsWarpType":3,"TriggerTagsWarpData":["tag_WaterFresh"],"TriggerTagsWarpType":3},"ConfirmPopup":false,"CreatedLiquidInGivenCard":{"LiquidCard":{"m_FileID":0,"m_PathID":0},"Quantity":{"x":0.0,"y":0.0}},"CustomDestroyMessage":{"DefaultText":"","LocalizationKey":"","ParentObjectID":""},"CustomWindowPrefab":{"m_FileID":0,"m_PathID":0},"DaytimeCost":0,"DisablePitchVariation":false,"DontShowDestroyMessage":false,"ExtraDurabilityModifications":[],"FadeMessage":{"DefaultText":"","LocalizationKey":"","ParentObjectID":""},"FadeTips":false,"FadeToBlack":0,"StackStopConditions":{"SpoilageIsFull":false,"SpoilageIsEmpty":false,"UsageIsFull":false,"UsageIsEmpty":false,"FuelIsFull":false,"FuelIsEmpty":false,"ProgressIsFull":false,"ProgressIsEmpty":false,"Special1IsFull":false,"Special1IsEmpty":false,"Special2IsFull":false,"Special2IsEmpty":false,"Special3IsFull":false,"Special3IsEmpty":false,"Special4IsFull":false,"Special4IsEmpty":false,"LocationWeightIsFull":false},"GivenCardChanges":{"ChargesChange":{"x":0.0,"y":0.0},"DropOnDestroyList":false,"FuelChange":{"x":0.0,"y":0.0},"LiquidEffectScaling":0,"LiquidQuantityChange":{"x":-300.0,"y":-300.0},"ModType":0,"ModifyDurability":false,"ModifyLiquid":true,"Special1Change":{"x":0.0,"y":0.0},"Special2Change":{"x":0.0,"y":0.0},"Special3Change":{"x":0.0,"y":0.0},"Special4Change":{"x":0.0,"y":0.0},"SpoilageChange":{"x":0.0,"y":0.0},"TransformIntoWarpData":"","TransferCharges":false,"TransferFuel":false,"TransferInventory":false,"TransferLiquid":false,"TransferSpecial1":false,"TransferSpecial2":false,"TransferSpecial3":false,"TransferSpecial4":false,"TransferSpoilage":false,"TransferUsage":false,"TransformInto":{"m_FileID":0,"m_PathID":0},"UsageChange":{"x":0.0,"y":0.0}},"InstantStatModifications":false,"NoCardsAffectedMessage":{"DefaultText":"","LocalizationKey":"","ParentObjectID":""},"NotBaseAction":false,"NoveltyShared":false,"ProducedCards":[],"ReceivingCardChanges":{"ChargesChange":{"x":0.0,"y":0.0},"DropOnDestroyList":false,"FuelChange":{"x":96.0,"y":96.0},"LiquidEffectScaling":0,"LiquidQuantityChange":{"x":0.0,"y":0.0},"ModType":1,"ModifyDurability":false,"ModifyLiquid":false,"Special1Change":{"x":0.0,"y":0.0},"Special2Change":{"x":0.0,"y":0.0},"Special3Change":{"x":0.0,"y":0.0},"Special4Change":{"x":0.0,"y":0.0},"SpoilageChange":{"x":0.0,"y":0.0},"TransformIntoWarpData":"","TransferCharges":false,"TransferFuel":false,"TransferInventory":false,"TransferLiquid":false,"TransferSpecial1":false,"TransferSpecial2":false,"TransferSpecial3":false,"TransferSpecial4":false,"TransferSpoilage":false,"TransferUsage":false,"TransformInto":{"m_FileID":0,"m_PathID":0},"UsageChange":{"x":0.0,"y":0.0}},"RequiredCardsOnBoard":[],"RequiredGivenContainer":[],"RequiredGivenContainerTag":[],"RequiredGivenDurabilities":{"FailMessage":{"DefaultText":"","LocalizationKey":"","ParentObjectID":""},"HideActionIfNotMet":false,"RequiredFuelPercent":{"Active":false,"FloatValue":0.0,"MaxValue":0.0},"RequiredLiquidQuantity":0.0,"RequiredProgressPercent":{"Active":false,"FloatValue":0.0,"MaxValue":0.0},"RequiredSpecial1Percent":{"Active":false,"FloatValue":0.0,"MaxValue":0.0},"RequiredSpecial2Percent":{"Active":false,"FloatValue":0.0,"MaxValue":0.0},"RequiredSpecial3Percent":{"Active":false,"FloatValue":0.0,"MaxValue":0.0},"RequiredSpecial4Percent":{"Active":false,"FloatValue":0.0,"MaxValue":0.0},"RequiredSpoilagePercent":{"Active":false,"FloatValue":0.0,"MaxValue":0.0},"RequiredUsagePercent":{"Active":false,"FloatValue":0.0,"MaxValue":0.0}},"RequiredGivenLiquidContent":{"IsActive":false,"RequiredGroup":{"m_FileID":0,"m_PathID":0},"RequiredLiquid":{"m_FileID":0,"m_PathID":0},"RequiredQuantity":{"x":0.0,"y":0.0}},"RequiredReceivingContainer":[],"RequiredReceivingContainerTag":[],"RequiredReceivingDurabilities":{"FailMessage":{"DefaultText":"","LocalizationKey":"","ParentObjectID":""},"HideActionIfNotMet":false,"RequiredFuelPercent":{"Active":false,"FloatValue":0.0,"MaxValue":0.0},"RequiredLiquidQuantity":0.0,"RequiredProgressPercent":{"Active":false,"FloatValue":0.0,"MaxValue":0.0},"RequiredSpecial1Percent":{"Active":false,"FloatValue":0.0,"MaxValue":0.0},"RequiredSpecial2Percent":{"Active":false,"FloatValue":0.0,"MaxValue":0.0},"RequiredSpecial3Percent":{"Active":false,"FloatValue":0.0,"MaxValue":0.0},"RequiredSpecial4Percent":{"Active":false,"FloatValue":0.0,"MaxValue":0.0},"RequiredSpoilagePercent":{"Active":false,"FloatValue":0.0,"MaxValue":0.0},"RequiredUsagePercent":{"Active":false,"FloatValue":0.0,"MaxValue":0.0}},"RequiredReceivingLiquidContent":{"IsActive":false,"RequiredGroup":{"m_FileID":0,"m_PathID":0},"RequiredLiquid":{"m_FileID":0,"m_PathID":0},"RequiredQuantity":{"x":0.0,"y":0.0}},"RequiredStatValues":[],"RequiredTagsOnBoard":[],"ResetWhenDone":{"m_FileID":0,"m_PathID":0},"SaveGame":false,"StackCompatible":false,"StatInterruptions":[],"StatModifications":[],"TravelToPreviousEnv":false,"UnavailableInDemo":false,"UseMiniTicks":2,"VictorySettings":{"SpecialEnding":false,"Victory":false,"VictoryMessage":{"DefaultText":"","LocalizationKey":"","ParentObjectID":""}},"WorksBothWays":false},{"ActionDescription":{"DefaultText":"","LocalizationKey":"","ParentObjectID":""},"ActionLog":{"LogText":{"DefaultText":"<nobr=\"8785fc7bcfd4ab881b9d134e78044405(i1)\"><nobr>\u79cd\u690d\u4e2d\u7684\u7518\u8349\u65bd\u80a5\u3002","LocalizationKey":"","ParentObjectID":""},"Category":{"m_FileID":0,"m_PathID":0}},"ActionName":{"DefaultText":"\u65bd\u80a5","LocalizationKey":"","ParentObjectID":""},"ActionSounds":[],"ActionTags":[],"ActionTagsWarpData":[],"ActionTagsWarpType":3,"BlueprintsFullUnlock":[],"Cancellable":false,"CarryOverGivenCard":false,"CompatibleCards":{"TriggerCards":[],"TriggerTags":[],"TriggerTagsWarpData":["tag_Fertilizer"],"TriggerTagsWarpType":3},"ConfirmPopup":false,"CreatedLiquidInGivenCard":{"LiquidCard":{"m_FileID":0,"m_PathID":0},"Quantity":{"x":0.0,"y":0.0}},"CustomDestroyMessage":{"DefaultText":"","LocalizationKey":"","ParentObjectID":""},"CustomWindowPrefab":{"m_FileID":0,"m_PathID":0},"DaytimeCost":1,"DisablePitchVariation":false,"DontShowDestroyMessage":false,"ExtraDurabilityModifications":[],"FadeMessage":{"DefaultText":"","LocalizationKey":"","ParentObjectID":""},"FadeTips":false,"FadeToBlack":0,"StackStopConditions":{"SpoilageIsFull":false,"SpoilageIsEmpty":false,"UsageIsFull":false,"UsageIsEmpty":false,"FuelIsFull":false,"FuelIsEmpty":false,"ProgressIsFull":false,"ProgressIsEmpty":false,"Special1IsFull":false,"Special1IsEmpty":false,"Special2IsFull":false,"Special2IsEmpty":false,"Special3IsFull":false,"Special3IsEmpty":false,"Special4IsFull":false,"Special4IsEmpty":false,"LocationWeightIsFull":false},"GivenCardChanges":{"ChargesChange":{"x":0.0,"y":0.0},"DropOnDestroyList":false,"FuelChange":{"x":0.0,"y":0.0},"LiquidEffectScaling":0,"LiquidQuantityChange":{"x":0.0,"y":0.0},"ModType":3,"ModifyDurability":false,"ModifyLiquid":false,"Special1Change":{"x":0.0,"y":0.0},"Special2Change":{"x":0.0,"y":0.0},"Special3Change":{"x":0.0,"y":0.0},"Special4Change":{"x":0.0,"y":0.0},"SpoilageChange":{"x":0.0,"y":0.0},"TransformIntoWarpData":"","TransferCharges":false,"TransferFuel":false,"TransferInventory":false,"TransferLiquid":false,"TransferSpecial1":false,"TransferSpecial2":false,"TransferSpecial3":false,"TransferSpecial4":false,"TransferSpoilage":false,"TransferUsage":false,"TransformInto":{"m_FileID":0,"m_PathID":0},"UsageChange":{"x":0.0,"y":0.0}},"InstantStatModifications":false,"NoCardsAffectedMessage":{"DefaultText":"","LocalizationKey":"","ParentObjectID":""},"NotBaseAction":false,"NoveltyShared":false,"ProducedCards":[],"ReceivingCardChanges":{"ChargesChange":{"x":0.0,"y":0.0},"DropOnDestroyList":false,"FuelChange":{"x":0.0,"y":0.0},"LiquidEffectScaling":0,"LiquidQuantityChange":{"x":0.0,"y":0.0},"ModType":1,"ModifyDurability":false,"ModifyLiquid":false,"Special1Change":{"x":0.0,"y":0.0},"Special2Change":{"x":0.0,"y":0.0},"Special3Change":{"x":0.0,"y":0.0},"Special4Change":{"x":0.0,"y":0.0},"SpoilageChange":{"x":384.0,"y":384.0},"TransformIntoWarpData":"","TransferCharges":false,"TransferFuel":false,"TransferInventory":false,"TransferLiquid":false,"TransferSpecial1":false,"TransferSpecial2":false,"TransferSpecial3":false,"TransferSpecial4":false,"TransferSpoilage":false,"TransferUsage":false,"TransformInto":{"m_FileID":0,"m_PathID":0},"UsageChange":{"x":0.0,"y":0.0}},"RequiredCardsOnBoard":[],"RequiredGivenContainer":[],"RequiredGivenContainerTag":[],"RequiredGivenDurabilities":{"FailMessage":{"DefaultText":"","LocalizationKey":"","ParentObjectID":""},"HideActionIfNotMet":false,"RequiredFuelPercent":{"Active":false,"FloatValue":0.0,"MaxValue":0.0},"RequiredLiquidQuantity":0.0,"RequiredProgressPercent":{"Active":false,"FloatValue":0.0,"MaxValue":0.0},"RequiredSpecial1Percent":{"Active":false,"FloatValue":0.0,"MaxValue":0.0},"RequiredSpecial2Percent":{"Active":false,"FloatValue":0.0,"MaxValue":0.0},"RequiredSpecial3Percent":{"Active":false,"FloatValue":0.0,"MaxValue":0.0},"RequiredSpecial4Percent":{"Active":false,"FloatValue":0.0,"MaxValue":0.0},"RequiredSpoilagePercent":{"Active":false,"FloatValue":0.0,"MaxValue":0.0},"RequiredUsagePercent":{"Active":false,"FloatValue":0.0,"MaxValue":0.0}},"RequiredGivenLiquidContent":{"IsActive":false,"RequiredGroup":{"m_FileID":0,"m_PathID":0},"RequiredLiquid":{"m_FileID":0,"m_PathID":0},"RequiredQuantity":{"x":0.0,"y":0.0}},"RequiredReceivingContainer":[],"RequiredReceivingContainerTag":[],"RequiredReceivingDurabilities":{"FailMessage":{"DefaultText":"","LocalizationKey":"","ParentObjectID":""},"HideActionIfNotMet":false,"RequiredFuelPercent":{"Active":false,"FloatValue":0.0,"MaxValue":0.0},"RequiredLiquidQuantity":0.0,"RequiredProgressPercent":{"Active":false,"FloatValue":0.0,"MaxValue":0.0},"RequiredSpecial1Percent":{"Active":false,"FloatValue":0.0,"MaxValue":0.0},"RequiredSpecial2Percent":{"Active":false,"FloatValue":0.0,"MaxValue":0.0},"RequiredSpecial3Percent":{"Active":false,"FloatValue":0.0,"MaxValue":0.0},"RequiredSpecial4Percent":{"Active":false,"FloatValue":0.0,"MaxValue":0.0},"RequiredSpoilagePercent":{"Active":false,"FloatValue":0.0,"MaxValue":0.0},"RequiredUsagePercent":{"Active":false,"FloatValue":0.0,"MaxValue":0.0}},"RequiredReceivingLiquidContent":{"IsActive":false,"RequiredGroup":{"m_FileID":0,"m_PathID":0},"RequiredLiquid":{"m_FileID":0,"m_PathID":0},"RequiredQuantity":{"x":0.0,"y":0.0}},"RequiredStatValues":[],"RequiredTagsOnBoard":[],"ResetWhenDone":{"m_FileID":0,"m_PathID":0},"SaveGame":false,"StackCompatible":false,"StatInterruptions":[],"StatModifications":[],"TravelToPreviousEnv":false,"UnavailableInDemo":false,"UseMiniTicks":2,"VictorySettings":{"SpecialEnding":false,"Victory":false,"VictoryMessage":{"DefaultText":"","LocalizationKey":"","ParentObjectID":""}},"WorksBothWays":false},{"ActionDescription":{"DefaultText":"","LocalizationKey":"","ParentObjectID":""},"ActionLog":{"LogText":{"DefaultText":"<nobr=\"8785fc7bcfd4ab881b9d134e78044405(i2)\"><nobr>\u79cd\u690d\u4e2d\u7684\u7518\u8349\u65bd\u80a5\u3002","LocalizationKey":"","ParentObjectID":""},"Category":{"m_FileID":0,"m_PathID":0}},"ActionName":{"DefaultText":"\u65bd\u80a5","LocalizationKey":"","ParentObjectID":""},"ActionSounds":[],"ActionTags":[],"ActionTagsWarpData":[],"ActionTagsWarpType":3,"BlueprintsFullUnlock":[],"Cancellable":false,"CarryOverGivenCard":false,"CompatibleCards":{"TriggerCards":[],"TriggerTags":[],"TriggerTagsWarpData":["tag_FertilizerWeak"],"TriggerTagsWarpType":3},"ConfirmPopup":false,"CreatedLiquidInGivenCard":{"LiquidCard":{"m_FileID":0,"m_PathID":0},"Quantity":{"x":0.0,"y":0.0}},"CustomDestroyMessage":{"DefaultText":"","LocalizationKey":"","ParentObjectID":""},"CustomWindowPrefab":{"m_FileID":0,"m_PathID":0},"DaytimeCost":1,"DisablePitchVariation":false,"DontShowDestroyMessage":false,"ExtraDurabilityModifications":[],"FadeMessage":{"DefaultText":"","LocalizationKey":"","ParentObjectID":""},"FadeTips":false,"FadeToBlack":0,"StackStopConditions":{"SpoilageIsFull":false,"SpoilageIsEmpty":false,"UsageIsFull":false,"UsageIsEmpty":false,"FuelIsFull":false,"FuelIsEmpty":false,"ProgressIsFull":false,"ProgressIsEmpty":false,"Special1IsFull":false,"Special1IsEmpty":false,"Special2IsFull":false,"Special2IsEmpty":false,"Special3IsFull":false,"Special3IsEmpty":false,"Special4IsFull":false,"Special4IsEmpty":false,"LocationWeightIsFull":false},"GivenCardChanges":{"ChargesChange":{"x":0.0,"y":0.0},"DropOnDestroyList":false,"FuelChange":{"x":0.0,"y":0.0},"LiquidEffectScaling":0,"LiquidQuantityChange":{"x":0.0,"y":0.0},"ModType":3,"ModifyDurability":false,"ModifyLiquid":false,"Special1Change":{"x":0.0,"y":0.0},"Special2Change":{"x":0.0,"y":0.0},"Special3Change":{"x":0.0,"y":0.0},"Special4Change":{"x":0.0,"y":0.0},"SpoilageChange":{"x":0.0,"y":0.0},"TransformIntoWarpData":"","TransferCharges":false,"TransferFuel":false,"TransferInventory":false,"TransferLiquid":false,"TransferSpecial1":false,"TransferSpecial2":false,"TransferSpecial3":false,"TransferSpecial4":false,"TransferSpoilage":false,"TransferUsage":false,"TransformInto":{"m_FileID":0,"m_PathID":0},"UsageChange":{"x":0.0,"y":0.0}},"InstantStatModifications":false,"NoCardsAffectedMessage":{"DefaultText":"","LocalizationKey":"","ParentObjectID":""},"NotBaseAction":false,"NoveltyShared":false,"ProducedCards":[],"ReceivingCardChanges":{"ChargesChange":{"x":0.0,"y":0.0},"DropOnDestroyList":false,"FuelChange":{"x":0.0,"y":0.0},"LiquidEffectScaling":0,"LiquidQuantityChange":{"x":0.0,"y":0.0},"ModType":1,"ModifyDurability":false,"ModifyLiquid":false,"Special1Change":{"x":0.0,"y":0.0},"Special2Change":{"x":0.0,"y":0.0},"Special3Change":{"x":0.0,"y":0.0},"Special4Change":{"x":0.0,"y":0.0},"SpoilageChange":{"x":96.0,"y":96.0},"TransformIntoWarpData":"","TransferCharges":false,"TransferFuel":false,"TransferInventory":false,"TransferLiquid":false,"TransferSpecial1":false,"TransferSpecial2":false,"TransferSpecial3":false,"TransferSpecial4":false,"TransferSpoilage":false,"TransferUsage":false,"TransformInto":{"m_FileID":0,"m_PathID":0},"UsageChange":{"x":0.0,"y":0.0}},"RequiredCardsOnBoard":[],"RequiredGivenContainer":[],"RequiredGivenContainerTag":[],"RequiredGivenDurabilities":{"FailMessage":{"DefaultText":"","LocalizationKey":"","ParentObjectID":""},"HideActionIfNotMet":false,"RequiredFuelPercent":{"Active":false,"FloatValue":0.0,"MaxValue":0.0},"RequiredLiquidQuantity":0.0,"RequiredProgressPercent":{"Active":false,"FloatValue":0.0,"MaxValue":0.0},"RequiredSpecial1Percent":{"Active":false,"FloatValue":0.0,"MaxValue":0.0},"RequiredSpecial2Percent":{"Active":false,"FloatValue":0.0,"MaxValue":0.0},"RequiredSpecial3Percent":{"Active":false,"FloatValue":0.0,"MaxValue":0.0},"RequiredSpecial4Percent":{"Active":false,"FloatValue":0.0,"MaxValue":0.0},"RequiredSpoilagePercent":{"Active":false,"FloatValue":0.0,"MaxValue":0.0},"RequiredUsagePercent":{"Active":false,"FloatValue":0.0,"MaxValue":0.0}},"RequiredGivenLiquidContent":{"IsActive":false,"RequiredGroup":{"m_FileID":0,"m_PathID":0},"RequiredLiquid":{"m_FileID":0,"m_PathID":0},"RequiredQuantity":{"x":0.0,"y":0.0}},"RequiredReceivingContainer":[],"RequiredReceivingContainerTag":[],"RequiredReceivingDurabilities":{"FailMessage":{"DefaultText":"","LocalizationKey":"","ParentObjectID":""},"HideActionIfNotMet":false,"RequiredFuelPercent":{"Active":false,"FloatValue":0.0,"MaxValue":0.0},"RequiredLiquidQuantity":0.0,"RequiredProgressPercent":{"Active":false,"FloatValue":0.0,"MaxValue":0.0},"RequiredSpecial1Percent":{"Active":false,"FloatValue":0.0,"MaxValue":0.0},"RequiredSpecial2Percent":{"Active":false,"FloatValue":0.0,"MaxValue":0.0},"RequiredSpecial3Percent":{"Active":false,"FloatValue":0.0,"MaxValue":0.0},"RequiredSpecial4Percent":{"Active":false,"FloatValue":0.0,"MaxValue":0.0},"RequiredSpoilagePercent":{"Active":false,"FloatValue":0.0,"MaxValue":0.0},"RequiredUsagePercent":{"Active":false,"FloatValue":0.0,"MaxValue":0.0}},"RequiredReceivingLiquidContent":{"IsActive":false,"RequiredGroup":{"m_FileID":0,"m_PathID":0},"RequiredLiquid":{"m_FileID":0,"m_PathID":0},"RequiredQuantity":{"x":0.0,"y":0.0}},"RequiredStatValues":[],"RequiredTagsOnBoard":[],"ResetWhenDone":{"m_FileID":0,"m_PathID":0},"SaveGame":false,"StackCompatible":false,"StatInterruptions":[],"StatModifications":[],"TravelToPreviousEnv":false,"UnavailableInDemo":false,"UseMiniTicks":2,"VictorySettings":{"SpecialEnding":false,"Victory":false,"VictoryMessage":{"DefaultText":"","LocalizationKey":"","ParentObjectID":""}},"WorksBothWays":false}],"CardsOnBoard":[],"CarriesOverTo":[],"CompletedObjectives":[],"ContainedLiquidTransform":{"m_FileID":0,"m_PathID":0},"ContentWeightReduction":0.0,"CookingConditions":{"CookingPausedNotification":{"DefaultText":"","LocalizationKey":"","ParentObjectID":""},"CookingPausedSound":{"m_FileID":0,"m_PathID":0},"ExtraFuelRate":0.0,"ExtraProgressRate":0.0,"ExtraSpecial1Rate":0.0,"ExtraSpecial2Rate":0.0,"ExtraSpecial3Rate":0.0,"ExtraSpecial4Rate":0.0,"ExtraSpoilageRate":0.0,"ExtraUsageRate":0.0,"NeedsFuel":false,"NeedsProgress":false,"NeedsSpecial1":false,"NeedsSpecial2":false,"NeedsSpecial3":false,"NeedsSpecial4":false,"NeedsSpoilage":false,"NeedsUsage":false},"CookingRecipes":[],"CookingSprite":{"m_FileID":0,"m_PathID":0},"DeconstructDaytimeCost":0,"DeconstructSounds":[],"DefaultEnvCards":[],"DefaultLiquidContained":{"LiquidCard":{"m_FileID":0,"m_PathID":0},"Quantity":{"x":0.0,"y":0.0}},"DefaultLiquidImage":{"m_FileID":0,"m_PathID":0},"DismantleActions":[],"DoesNotPile":true,"DoesNotPinAutomatically":false,"DropFromTrashButton":false,"DroppedOnDestroy":[],"EffectsToInventoryContent":[],"EnvironmentDamages":[],"EnvironmentImprovements":[],"EquipmentTags":[],"ExclusivelyAcceptedLiquids":[],"ExplicitBlueprintNeeded":{"m_FileID":0,"m_PathID":0},"ExplorationResults":[],"FuelCapacity":{"Active":true,"CardStatName":{"DefaultText":"\u6c34\u5206","LocalizationKey":"","ParentObjectID":""},"ExtraRateWhenEquipped":0.0,"FloatValue":0.0,"HasActionOnFull":false,"HasActionOnZero":true,"HidingOptions":1,"MaxValue":672.0,"OnFull":{"ActionDescription":{"DefaultText":"","LocalizationKey":"","ParentObjectID":""},"ActionLog":{"Category":{"m_FileID":0,"m_PathID":0},"LogText":{"DefaultText":"","LocalizationKey":"","ParentObjectID":""}},"ActionName":{"DefaultText":"","LocalizationKey":"","ParentObjectID":""},"ActionSounds":[],"ActionTags":[],"BlueprintsFullUnlock":[],"Cancellable":false,"ConfirmPopup":false,"CustomDestroyMessage":{"DefaultText":"","LocalizationKey":"","ParentObjectID":""},"CustomWindowPrefab":{"m_FileID":0,"m_PathID":0},"DaytimeCost":0,"DisablePitchVariation":false,"DontShowDestroyMessage":false,"ExtraDurabilityModifications":[],"FadeMessage":{"DefaultText":"","LocalizationKey":"","ParentObjectID":""},"FadeTips":false,"FadeToBlack":0,"InstantStatModifications":false,"NoCardsAffectedMessage":{"DefaultText":"","LocalizationKey":"","ParentObjectID":""},"NotBaseAction":false,"NoveltyShared":false,"ProducedCards":[],"ReceivingCardChanges":{"ChargesChange":{"x":0.0,"y":0.0},"DropOnDestroyList":false,"FuelChange":{"x":0.0,"y":0.0},"LiquidEffectScaling":0,"LiquidQuantityChange":{"x":0.0,"y":0.0},"ModType":0,"ModifyDurability":false,"ModifyLiquid":false,"Special1Change":{"x":0.0,"y":0.0},"Special2Change":{"x":0.0,"y":0.0},"Special3Change":{"x":0.0,"y":0.0},"Special4Change":{"x":0.0,"y":0.0},"SpoilageChange":{"x":0.0,"y":0.0},"TransferCharges":false,"TransferFuel":false,"TransferInventory":false,"TransferLiquid":false,"TransferSpecial1":false,"TransferSpecial2":false,"TransferSpecial3":false,"TransferSpecial4":false,"TransferSpoilage":false,"TransferUsage":false,"TransformInto":{"m_FileID":0,"m_PathID":0},"UsageChange":{"x":0.0,"y":0.0}},"RequiredCardsOnBoard":[],"RequiredReceivingContainer":[],"RequiredReceivingContainerTag":[],"RequiredReceivingDurabilities":{"FailMessage":{"DefaultText":"","LocalizationKey":"","ParentObjectID":""},"HideActionIfNotMet":false,"RequiredFuelPercent":{"Active":false,"FloatValue":0.0,"MaxValue":0.0},"RequiredLiquidQuantity":0.0,"RequiredProgressPercent":{"Active":false,"FloatValue":0.0,"MaxValue":0.0},"RequiredSpecial1Percent":{"Active":false,"FloatValue":0.0,"MaxValue":0.0},"RequiredSpecial2Percent":{"Active":false,"FloatValue":0.0,"MaxValue":0.0},"RequiredSpecial3Percent":{"Active":false,"FloatValue":0.0,"MaxValue":0.0},"RequiredSpecial4Percent":{"Active":false,"FloatValue":0.0,"MaxValue":0.0},"RequiredSpoilagePercent":{"Active":false,"FloatValue":0.0,"MaxValue":0.0},"RequiredUsagePercent":{"Active":false,"FloatValue":0.0,"MaxValue":0.0}},"RequiredReceivingLiquidContent":{"IsActive":false,"RequiredGroup":{"m_FileID":0,"m_PathID":0},"RequiredLiquid":{"m_FileID":0,"m_PathID":0},"RequiredQuantity":{"x":0.0,"y":0.0}},"RequiredStatValues":[],"RequiredTagsOnBoard":[],"ResetWhenDone":{"m_FileID":0,"m_PathID":0},"SaveGame":false,"StackCompatible":false,"StatInterruptions":[],"StatModifications":[],"TravelToPreviousEnv":false,"UnavailableInDemo":false,"UseMiniTicks":0,"VictorySettings":{"SpecialEnding":false,"Victory":false,"VictoryMessage":{"DefaultText":"","LocalizationKey":"","ParentObjectID":""}}},"OnFullNotification":0,"OnZero":{"ActionDescription":{"DefaultText":"\u7518\u8349\u6e34\u6b7b\u4e86\uff01","LocalizationKey":"","ParentObjectID":""},"ActionLog":{"Category":{"m_FileID":0,"m_PathID":0},"LogText":{"DefaultText":"","LocalizationKey":"","ParentObjectID":""}},"ActionName":{"DefaultText":"","LocalizationKey":"","ParentObjectID":""},"ActionSounds":[],"ActionTags":[],"BlueprintsFullUnlock":[],"Cancellable":false,"ConfirmPopup":false,"CustomDestroyMessage":{"DefaultText":"","LocalizationKey":"","ParentObjectID":""},"CustomWindowPrefab":{"m_FileID":0,"m_PathID":0},"DaytimeCost":0,"DisablePitchVariation":false,"DontShowDestroyMessage":false,"ExtraDurabilityModifications":[],"FadeMessage":{"DefaultText":"","LocalizationKey":"","ParentObjectID":""},"FadeTips":false,"FadeToBlack":0,"InstantStatModifications":false,"NoCardsAffectedMessage":{"DefaultText":"","LocalizationKey":"","ParentObjectID":""},"NotBaseAction":false,"NoveltyShared":false,"ProducedCards":[{"CardDropChanceModifiers":[],"CollectionMessages":[],"CollectionName":"col_0","CollectionUses":{"x":0,"y":0},"CollectionWeight":0,"CreatedLiquid":{"LiquidCard":{"m_FileID":0,"m_PathID":0},"Quantity":{}},"DroppedCards":[{"DroppedCard":{"m_FileID":0,"m_PathID":0},"DroppedCardWarpData":"25a487b16088c2046a51935973ba6a90","DroppedCardWarpType":3,"Quantity":{"x":1.0,"y":2.0}}],"DroppedEncounter":{"m_FileID":0,"m_PathID":0},"DroppedEncounterWarpData":"","DroppedEncounterWarpType":3,"DurabilitiesDropChanceModifier":{"Fuel":{"DurabilityRange":{},"InterpWeightRange":{}},"Progress":{"DurabilityRange":{},"InterpWeightRange":{}},"Special1":{"DurabilityRange":{},"InterpWeightRange":{}},"Special2":{"DurabilityRange":{},"InterpWeightRange":{}},"Special3":{"DurabilityRange":{},"InterpWeightRange":{}},"Special4":{"DurabilityRange":{},"InterpWeightRange":{}},"Spoilage":{"DurabilityRange":{},"InterpWeightRange":{}},"Usage":{"DurabilityRange":{},"InterpWeightRange":{}}},"DurabilityModifications":{"ChargesChange":{},"FuelChange":{},"Special1Change":{},"Special2Change":{},"Special3Change":{},"Special4Change":{},"SpoilageChange":{},"UsageChange":{}},"StatModifications":[],"StatsDropChanceModifiers":[]}],"ReceivingCardChanges":{"ChargesChange":{"x":0.0,"y":0.0},"DropOnDestroyList":false,"FuelChange":{"x":0.0,"y":0.0},"LiquidEffectScaling":0,"LiquidQuantityChange":{"x":0.0,"y":0.0},"ModType":2,"ModifyDurability":false,"ModifyLiquid":false,"Special1Change":{"x":0.0,"y":0.0},"Special2Change":{"x":0.0,"y":0.0},"Special3Change":{"x":0.0,"y":0.0},"Special4Change":{"x":0.0,"y":0.0},"SpoilageChange":{"x":0.0,"y":0.0},"TransformIntoWarpData":"dc389072c6436b01e019af8a4a072f6c","TransferCharges":false,"TransferFuel":true,"TransferInventory":false,"TransferLiquid":false,"TransferSpecial1":false,"TransferSpecial2":false,"TransferSpecial3":false,"TransferSpecial4":false,"TransferSpoilage":true,"TransferUsage":false,"TransformInto":{"m_FileID":0,"m_PathID":0},"UsageChange":{"x":0.0,"y":0.0},"TransformIntoWarpType":3},"RequiredCardsOnBoard":[],"RequiredReceivingContainer":[],"RequiredReceivingContainerTag":[],"RequiredReceivingDurabilities":{"FailMessage":{"DefaultText":"","LocalizationKey":"","ParentObjectID":""},"HideActionIfNotMet":false,"RequiredFuelPercent":{"Active":false,"FloatValue":0.0,"MaxValue":0.0},"RequiredLiquidQuantity":0.0,"RequiredProgressPercent":{"Active":false,"FloatValue":0.0,"MaxValue":0.0},"RequiredSpecial1Percent":{"Active":false,"FloatValue":0.0,"MaxValue":0.0},"RequiredSpecial2Percent":{"Active":false,"FloatValue":0.0,"MaxValue":0.0},"RequiredSpecial3Percent":{"Active":false,"FloatValue":0.0,"MaxValue":0.0},"RequiredSpecial4Percent":{"Active":false,"FloatValue":0.0,"MaxValue":0.0},"RequiredSpoilagePercent":{"Active":false,"FloatValue":0.0,"MaxValue":0.0},"RequiredUsagePercent":{"Active":false,"FloatValue":0.0,"MaxValue":0.0}},"RequiredReceivingLiquidContent":{"IsActive":false,"RequiredGroup":{"m_FileID":0,"m_PathID":0},"RequiredLiquid":{"m_FileID":0,"m_PathID":0},"RequiredQuantity":{"x":0.0,"y":0.0}},"RequiredStatValues":[],"RequiredTagsOnBoard":[],"ResetWhenDone":{"m_FileID":0,"m_PathID":0},"SaveGame":false,"StackCompatible":false,"StatInterruptions":[],"StatModifications":[],"TravelToPreviousEnv":false,"UnavailableInDemo":false,"UseMiniTicks":0,"VictorySettings":{"SpecialEnding":false,"Victory":false,"VictoryMessage":{"DefaultText":"","LocalizationKey":"","ParentObjectID":""}}},"OnZeroNotification":0,"OverrideIcon":{"m_FileID":0,"m_PathID":0},"RatePerDaytimePoint":-1.0,"ShowPopupOnFull":false,"ShowPopupOnZero":false,"TextDisplay":0,"OverrideIconWarpType":3,"OverrideIconWarpData":"Thirst"},"InHandWhenEquipped":false,"InstancedEnvironment":false,"InventoryFilter":{"AcceptedCards":[],"AcceptedTags":[],"AcceptedTypes":[],"CardFilters":[],"NOTAcceptedCards":[],"NOTAcceptedTags":[],"NOTAcceptedTypes":[],"TagFilters":[]},"InventoryIsHidden":false,"InventorySlots":[],"InventorySlotsText":{"DefaultText":"","LocalizationKey":"","ParentObjectID":""},"IsDarkPlace":false,"IsHotPlace":false,"IsTravelCard":false,"KeepName":false,"LightSource":{"IsSourceOfLight":false,"LightColor":{"a":0.0,"b":0.0,"g":0.0,"r":0.0},"LightFlickerFreq":0.0,"LightFlickerStrength":0.0,"LightPos":{"x":0.0,"y":0.0},"LightSize":{"x":0.0,"y":0.0},"Priority":0.0},"LiquidEvaporationRate":0.0,"LiquidImages":[],"LiquidValidContainers":[],"LocalCounterEffects":[],"LocationsBackground":{"m_FileID":0,"m_PathID":0},"MaxLiquidCapacity":0.0,"MaxWeightCapacity":0.0,"NOTAcceptedLiquids":[],"ObjectWeight":350.0,"OnStatsChangeActions":[],"OnUnlockedLog":{"Category":{"m_FileID":0,"m_PathID":0},"LogText":{"DefaultText":"","LocalizationKey":"","ParentObjectID":""}},"PassiveEffects":[{"Conditions":{"NotInBackground":false,"RequiredCardsInInventory":[],"RequiredCardsNOTOnBoard":[],"RequiredCardsOnBoard":[],"RequiredContainer":[],"RequiredContainerTags":[],"RequiredDurabilityRanges":{"FuelRange":{"x":0.0,"y":0.0},"LiquidQuantityRange":{"x":0.0,"y":0.0},"ProgressRange":{"x":0.0,"y":0.0},"Special1Range":{"x":0.0,"y":0.0},"Special2Range":{"x":0.0,"y":0.0},"Special3Range":{"x":0.0,"y":0.0},"Special4Range":{"x":0.0,"y":0.0},"SpoilageRange":{"x":0.0,"y":0.0},"UsageRange":{"x":0.0,"y":0.0}},"RequiredEnvironment":{"m_FileID":0,"m_PathID":0},"RequiredEnvironmentTags":[],"RequiredLiquidContainers":[],"RequiredStatValues":[{"HideAllWhenNotMet":false,"NotifyWhenNotMet":false,"Stat":{"m_FileID":0,"m_PathID":0},"StatWarpData":"773fb34e869224f499d43b441c973c62","StatWarpType":3,"TriggerRange":{"x":1.0,"y":5.0}}],"RequiredTagsInInventory":[],"RequiredTagsNOTOnBoard":[],"RequiredTagsOnBoard":[]},"ConsumableChargesModifier":{"Active":false,"FloatValue":0.0},"EffectName":"\u4e0b\u96e8","EffectStacksWithRequiredCards":false,"FuelRateModifier":{"Active":true,"FloatValue":25.0},"GeneratedLiquid":{"LiquidCard":{"m_FileID":0,"m_PathID":0},"Quantity":{"x":0.0,"y":0.0}},"LiquidRateModifier":0.0,"OnBoardEffectCap":0,"OnlyOnBaseActions":false,"OnlyWhenEquipped":false,"OnlyWhenNotInBG":false,"Special1RateModifier":{"Active":false,"FloatValue":0.0},"Special2RateModifier":{"Active":false,"FloatValue":0.0},"Special3RateModifier":{"Active":false,"FloatValue":0.0},"Special4RateModifier":{"Active":false,"FloatValue":0.0},"SpoilageRateModifier":{"Active":false,"FloatValue":0.0},"StatModifiers":[],"UsageRateModifier":{"Active":false,"FloatValue":0.0},"WeightCapacityModifier":0.0},{"Conditions":{"NotInBackground":false,"RequiredCardsInInventory":[],"RequiredCardsNOTOnBoard":[],"RequiredCardsOnBoard":[],"RequiredContainer":[],"RequiredContainerTags":[],"RequiredDurabilityRanges":{"FuelRange":{"x":0.0,"y":0.0},"LiquidQuantityRange":{"x":0.0,"y":0.0},"ProgressRange":{"x":0.0,"y":0.0},"Special1Range":{"x":0.0,"y":0.0},"Special2Range":{"x":0.0,"y":0.0},"Special3Range":{"x":0.0,"y":0.0},"Special4Range":{"x":0.0,"y":0.0},"SpoilageRange":{"x":0.0,"y":0.0},"UsageRange":{"x":0.0,"y":0.0}},"RequiredEnvironment":{"m_FileID":0,"m_PathID":0},"RequiredEnvironmentTags":[],"RequiredLiquidContainers":[],"RequiredStatValues":[{"HideAllWhenNotMet":false,"NotifyWhenNotMet":false,"Stat":{"m_FileID":0,"m_PathID":0},"StatWarpData":"87b257f0886526fcbc5011fe33f577fd","StatWarpType":3,"TriggerRange":{"x":1.0,"y":1.0}}],"RequiredTagsInInventory":[],"RequiredTagsNOTOnBoard":[],"RequiredTagsOnBoard":[]},"ConsumableChargesModifier":{"Active":false,"FloatValue":0.0},"EffectName":"\u8fc7\u70ed","EffectStacksWithRequiredCards":false,"FuelRateModifier":{"Active":false,"FloatValue":0.0},"GeneratedLiquid":{"LiquidCard":{"m_FileID":0,"m_PathID":0},"Quantity":{"x":0.0,"y":0.0}},"LiquidRateModifier":0.0,"OnBoardEffectCap":0,"OnlyOnBaseActions":false,"OnlyWhenEquipped":false,"OnlyWhenNotInBG":false,"Special1RateModifier":{"Active":false,"FloatValue":0.0},"Special2RateModifier":{"Active":false,"FloatValue":0.0},"Special3RateModifier":{"Active":false,"FloatValue":0.0},"Special4RateModifier":{"Active":false,"FloatValue":0.0},"SpoilageRateModifier":{"Active":false,"FloatValue":0.0},"StatModifiers":[],"UsageRateModifier":{"Active":true,"FloatValue":-2.0},"WeightCapacityModifier":0.0},{"Conditions":{"NotInBackground":false,"RequiredCardsInInventory":[],"RequiredCardsNOTOnBoard":[],"RequiredCardsOnBoard":[],"RequiredContainer":[],"RequiredContainerTags":[],"RequiredDurabilityRanges":{"FuelRange":{"x":0.0,"y":0.0},"LiquidQuantityRange":{"x":0.0,"y":0.0},"ProgressRange":{"x":0.0,"y":0.0},"Special1Range":{"x":0.0,"y":0.0},"Special2Range":{"x":0.0,"y":0.0},"Special3Range":{"x":0.0,"y":0.0},"Special4Range":{"x":0.0,"y":0.0},"SpoilageRange":{"x":1.0,"y":384.0},"UsageRange":{"x":0.0,"y":0.0}},"RequiredEnvironment":{"m_FileID":0,"m_PathID":0},"RequiredEnvironmentTags":[],"RequiredLiquidContainers":[],"RequiredStatValues":[],"RequiredTagsInInventory":[],"RequiredTagsNOTOnBoard":[],"RequiredTagsOnBoard":[]},"ConsumableChargesModifier":{"Active":true,"FloatValue":1.0},"EffectName":"\u80a5\u6599","EffectStacksWithRequiredCards":false,"FuelRateModifier":{"Active":false,"FloatValue":0.0},"GeneratedLiquid":{"LiquidCard":{"m_FileID":0,"m_PathID":0},"Quantity":{"x":0.0,"y":0.0}},"LiquidRateModifier":0.0,"OnBoardEffectCap":0,"OnlyOnBaseActions":false,"OnlyWhenEquipped":false,"OnlyWhenNotInBG":false,"Special1RateModifier":{"Active":false,"FloatValue":0.0},"Special2RateModifier":{"Active":false,"FloatValue":0.0},"Special3RateModifier":{"Active":false,"FloatValue":0.0},"Special4RateModifier":{"Active":false,"FloatValue":0.0},"SpoilageRateModifier":{"Active":false,"FloatValue":0.0},"StatModifiers":[],"UsageRateModifier":{"Active":false,"FloatValue":0.0},"WeightCapacityModifier":0.0}],"PassiveStatEffects":[],"Progress":{"Active":true,"CardStatName":{"DefaultText":"\u5b8c\u6210\u5ea6","LocalizationKey":"","ParentObjectID":""},"ExtraRateWhenEquipped":0.0,"FloatValue":0.0,"HasActionOnFull":true,"HasActionOnZero":false,"HidingOptions":0,"MaxValue":960.0,"OnFull":{"ActionDescription":{"DefaultText":"","LocalizationKey":"","ParentObjectID":""},"ActionLog":{"Category":{"m_FileID":0,"m_PathID":0},"LogText":{"DefaultText":"","LocalizationKey":"","ParentObjectID":""}},"ActionName":{"DefaultText":"","LocalizationKey":"","ParentObjectID":""},"ActionSounds":[],"ActionTags":[],"BlueprintsFullUnlock":[],"Cancellable":false,"ConfirmPopup":false,"CustomDestroyMessage":{"DefaultText":"","LocalizationKey":"","ParentObjectID":""},"CustomWindowPrefab":{"m_FileID":0,"m_PathID":0},"DaytimeCost":0,"DisablePitchVariation":false,"DontShowDestroyMessage":false,"ExtraDurabilityModifications":[],"FadeMessage":{"DefaultText":"","LocalizationKey":"","ParentObjectID":""},"FadeTips":false,"FadeToBlack":0,"InstantStatModifications":false,"NoCardsAffectedMessage":{"DefaultText":"","LocalizationKey":"","ParentObjectID":""},"NotBaseAction":false,"NoveltyShared":false,"ProducedCards":[{"CardDropChanceModifiers":[],"CollectionMessages":[],"CollectionName":"Result High","CollectionUses":{"x":0,"y":0},"CollectionWeight":0,"CreatedLiquid":{"LiquidCard":{"m_FileID":0,"m_PathID":0},"Quantity":{}},"DroppedCards":[{"DroppedCard":{"m_FileID":0,"m_PathID":0},"DroppedCardWarpData":"f989e73a092483eccc5bbca9ac33229f","DroppedCardWarpType":3,"Quantity":{"x":2.0,"y":3.0}}],"DroppedEncounter":{"m_FileID":0,"m_PathID":0},"DroppedEncounterWarpData":"","DroppedEncounterWarpType":3,"DurabilitiesDropChanceModifier":{"Fuel":{"Active":false,"DurabilityRange":{"x":0.0,"y":0.0},"InterpWeightRange":{"x":0,"y":0},"WhenOutOfRange":1},"Progress":{"Active":false,"DurabilityRange":{"x":0.0,"y":0.0},"InterpWeightRange":{"x":0,"y":0},"WhenOutOfRange":1},"Special1":{"Active":false,"DurabilityRange":{"x":0.0,"y":0.0},"InterpWeightRange":{"x":0,"y":0},"WhenOutOfRange":1},"Special2":{"Active":false,"DurabilityRange":{"x":0.0,"y":0.0},"InterpWeightRange":{"x":0,"y":0},"WhenOutOfRange":1},"Special3":{"Active":false,"DurabilityRange":{"x":0.0,"y":0.0},"InterpWeightRange":{"x":0,"y":0},"WhenOutOfRange":1},"Special4":{"Active":false,"DurabilityRange":{"x":0.0,"y":0.0},"InterpWeightRange":{"x":0,"y":0},"WhenOutOfRange":1},"Spoilage":{"Active":false,"DurabilityRange":{"x":0.0,"y":0.0},"InterpWeightRange":{"x":0,"y":0},"WhenOutOfRange":1},"Usage":{"Active":true,"DurabilityRange":{"x":270.0,"y":384.0},"InterpWeightRange":{"x":1.0,"y":1.0},"WhenOutOfRange":0}},"DurabilityModifications":{"ChargesChange":{},"FuelChange":{},"Special1Change":{},"Special2Change":{},"Special3Change":{},"Special4Change":{},"SpoilageChange":{},"UsageChange":{}},"StatModifications":[],"StatsDropChanceModifiers":[]},{"CardDropChanceModifiers":[],"CollectionMessages":[],"CollectionName":"Result Medium","CollectionUses":{"x":0,"y":0},"CollectionWeight":0,"CreatedLiquid":{"LiquidCard":{"m_FileID":0,"m_PathID":0},"Quantity":{}},"DroppedCards":[{"DroppedCard":{"m_FileID":0,"m_PathID":0},"DroppedCardWarpData":"f989e73a092483eccc5bbca9ac33229f","DroppedCardWarpType":3,"Quantity":{"x":1.0,"y":2.0}}],"DroppedEncounter":{"m_FileID":0,"m_PathID":0},"DroppedEncounterWarpData":"","DroppedEncounterWarpType":3,"DurabilitiesDropChanceModifier":{"Fuel":{"Active":false,"DurabilityRange":{"x":0.0,"y":0.0},"InterpWeightRange":{"x":0,"y":0},"WhenOutOfRange":1},"Progress":{"Active":false,"DurabilityRange":{"x":0.0,"y":0.0},"InterpWeightRange":{"x":0,"y":0},"WhenOutOfRange":1},"Special1":{"Active":false,"DurabilityRange":{"x":0.0,"y":0.0},"InterpWeightRange":{"x":0,"y":0},"WhenOutOfRange":1},"Special2":{"Active":false,"DurabilityRange":{"x":0.0,"y":0.0},"InterpWeightRange":{"x":0,"y":0},"WhenOutOfRange":1},"Special3":{"Active":false,"DurabilityRange":{"x":0.0,"y":0.0},"InterpWeightRange":{"x":0,"y":0},"WhenOutOfRange":1},"Special4":{"Active":false,"DurabilityRange":{"x":0.0,"y":0.0},"InterpWeightRange":{"x":0,"y":0},"WhenOutOfRange":1},"Spoilage":{"Active":false,"DurabilityRange":{"x":0.0,"y":0.0},"InterpWeightRange":{"x":0,"y":0},"WhenOutOfRange":1},"Usage":{"Active":true,"DurabilityRange":{"x":115.0,"y":269.0},"InterpWeightRange":{"x":1.0,"y":1.0},"WhenOutOfRange":0}},"DurabilityModifications":{"ChargesChange":{},"FuelChange":{},"Special1Change":{},"Special2Change":{},"Special3Change":{},"Special4Change":{},"SpoilageChange":{},"UsageChange":{}},"StatModifications":[],"StatsDropChanceModifiers":[]},{"CardDropChanceModifiers":[],"CollectionMessages":[],"CollectionName":"Result Low","CollectionUses":{"x":0,"y":0},"CollectionWeight":0,"CreatedLiquid":{"LiquidCard":{"m_FileID":0,"m_PathID":0},"Quantity":{}},"DroppedCards":[{"DroppedCard":{"m_FileID":0,"m_PathID":0},"DroppedCardWarpData":"f989e73a092483eccc5bbca9ac33229f","DroppedCardWarpType":3,"Quantity":{"x":1.0,"y":1.0}}],"DroppedEncounter":{"m_FileID":0,"m_PathID":0},"DroppedEncounterWarpData":"","DroppedEncounterWarpType":3,"DurabilitiesDropChanceModifier":{"Fuel":{"Active":false,"DurabilityRange":{"x":0.0,"y":0.0},"InterpWeightRange":{"x":0,"y":0},"WhenOutOfRange":1},"Progress":{"Active":false,"DurabilityRange":{"x":0.0,"y":0.0},"InterpWeightRange":{"x":0,"y":0},"WhenOutOfRange":1},"Special1":{"Active":false,"DurabilityRange":{"x":0.0,"y":0.0},"InterpWeightRange":{"x":0,"y":0},"WhenOutOfRange":1},"Special2":{"Active":false,"DurabilityRange":{"x":0.0,"y":0.0},"InterpWeightRange":{"x":0,"y":0},"WhenOutOfRange":1},"Special3":{"Active":false,"DurabilityRange":{"x":0.0,"y":0.0},"InterpWeightRange":{"x":0,"y":0},"WhenOutOfRange":1},"Special4":{"Active":false,"DurabilityRange":{"x":0.0,"y":0.0},"InterpWeightRange":{"x":0,"y":0},"WhenOutOfRange":1},"Spoilage":{"Active":false,"DurabilityRange":{"x":0.0,"y":0.0},"InterpWeightRange":{"x":0,"y":0},"WhenOutOfRange":1},"Usage":{"Active":true,"DurabilityRange":{"x":0.0,"y":114.0},"InterpWeightRange":{"x":1.0,"y":1.0},"WhenOutOfRange":0}},"DurabilityModifications":{"ChargesChange":{},"FuelChange":{},"Special1Change":{},"Special2Change":{},"Special3Change":{},"Special4Change":{},"SpoilageChange":{},"UsageChange":{}},"StatModifications":[],"StatsDropChanceModifiers":[]}],"ReceivingCardChanges":{"ChargesChange":{"x":0.0,"y":0.0},"DropOnDestroyList":false,"FuelChange":{"x":0.0,"y":0.0},"LiquidEffectScaling":0,"LiquidQuantityChange":{"x":0.0,"y":0.0},"ModType":2,"ModifyDurability":false,"ModifyLiquid":false,"Special1Change":{"x":0.0,"y":0.0},"Special2Change":{"x":0.0,"y":0.0},"Special3Change":{"x":0.0,"y":0.0},"Special4Change":{"x":0.0,"y":0.0},"SpoilageChange":{"x":0.0,"y":0.0},"TransformIntoWarpData":"dc389072c6436b01e019af8a4a072f6c","TransferCharges":false,"TransferFuel":true,"TransferInventory":false,"TransferLiquid":false,"TransferSpecial1":false,"TransferSpecial2":false,"TransferSpecial3":false,"TransferSpecial4":false,"TransferSpoilage":true,"TransferUsage":false,"TransformInto":{"m_FileID":0,"m_PathID":0},"UsageChange":{"x":0.0,"y":0.0},"TransformIntoWarpType":3},"RequiredCardsOnBoard":[],"RequiredReceivingContainer":[],"RequiredReceivingContainerTag":[],"RequiredReceivingDurabilities":{"FailMessage":{"DefaultText":"","LocalizationKey":"","ParentObjectID":""},"HideActionIfNotMet":false,"RequiredFuelPercent":{"Active":false,"FloatValue":0.0,"MaxValue":0.0},"RequiredLiquidQuantity":0.0,"RequiredProgressPercent":{"Active":false,"FloatValue":0.0,"MaxValue":0.0},"RequiredSpecial1Percent":{"Active":false,"FloatValue":0.0,"MaxValue":0.0},"RequiredSpecial2Percent":{"Active":false,"FloatValue":0.0,"MaxValue":0.0},"RequiredSpecial3Percent":{"Active":false,"FloatValue":0.0,"MaxValue":0.0},"RequiredSpecial4Percent":{"Active":false,"FloatValue":0.0,"MaxValue":0.0},"RequiredSpoilagePercent":{"Active":false,"FloatValue":0.0,"MaxValue":0.0},"RequiredUsagePercent":{"Active":false,"FloatValue":0.0,"MaxValue":0.0}},"RequiredReceivingLiquidContent":{"IsActive":false,"RequiredGroup":{"m_FileID":0,"m_PathID":0},"RequiredLiquid":{"m_FileID":0,"m_PathID":0},"RequiredQuantity":{"x":0.0,"y":0.0}},"RequiredStatValues":[],"RequiredTagsOnBoard":[],"ResetWhenDone":{"m_FileID":0,"m_PathID":0},"SaveGame":false,"StackCompatible":false,"StatInterruptions":[],"StatModifications":[],"TravelToPreviousEnv":false,"UnavailableInDemo":false,"UseMiniTicks":0,"VictorySettings":{"SpecialEnding":false,"Victory":false,"VictoryMessage":{"DefaultText":"","LocalizationKey":"","ParentObjectID":""}}},"OnFullNotification":0,"OnZero":{"ActionDescription":{"DefaultText":"","LocalizationKey":"","ParentObjectID":""},"ActionLog":{"Category":{"m_FileID":0,"m_PathID":0},"LogText":{"DefaultText":"","LocalizationKey":"","ParentObjectID":""}},"ActionName":{"DefaultText":"","LocalizationKey":"","ParentObjectID":""},"ActionSounds":[],"ActionTags":[],"BlueprintsFullUnlock":[],"Cancellable":false,"ConfirmPopup":false,"CustomDestroyMessage":{"DefaultText":"","LocalizationKey":"","ParentObjectID":""},"CustomWindowPrefab":{"m_FileID":0,"m_PathID":0},"DaytimeCost":0,"DisablePitchVariation":false,"DontShowDestroyMessage":false,"ExtraDurabilityModifications":[],"FadeMessage":{"DefaultText":"","LocalizationKey":"","ParentObjectID":""},"FadeTips":false,"FadeToBlack":0,"InstantStatModifications":false,"NoCardsAffectedMessage":{"DefaultText":"","LocalizationKey":"","ParentObjectID":""},"NotBaseAction":false,"NoveltyShared":false,"ProducedCards":[],"ReceivingCardChanges":{"ChargesChange":{"x":0.0,"y":0.0},"DropOnDestroyList":false,"FuelChange":{"x":0.0,"y":0.0},"LiquidEffectScaling":0,"LiquidQuantityChange":{"x":0.0,"y":0.0},"ModType":3,"ModifyDurability":false,"ModifyLiquid":false,"Special1Change":{"x":0.0,"y":0.0},"Special2Change":{"x":0.0,"y":0.0},"Special3Change":{"x":0.0,"y":0.0},"Special4Change":{"x":0.0,"y":0.0},"SpoilageChange":{"x":0.0,"y":0.0},"TransferCharges":false,"TransferFuel":false,"TransferInventory":false,"TransferLiquid":false,"TransferSpecial1":false,"TransferSpecial2":false,"TransferSpecial3":false,"TransferSpecial4":false,"TransferSpoilage":false,"TransferUsage":false,"TransformInto":{"m_FileID":0,"m_PathID":0},"UsageChange":{"x":0.0,"y":0.0}},"RequiredCardsOnBoard":[],"RequiredReceivingContainer":[],"RequiredReceivingContainerTag":[],"RequiredReceivingDurabilities":{"FailMessage":{"DefaultText":"","LocalizationKey":"","ParentObjectID":""},"HideActionIfNotMet":false,"RequiredFuelPercent":{"Active":false,"FloatValue":0.0,"MaxValue":0.0},"RequiredLiquidQuantity":0.0,"RequiredProgressPercent":{"Active":false,"FloatValue":0.0,"MaxValue":0.0},"RequiredSpecial1Percent":{"Active":false,"FloatValue":0.0,"MaxValue":0.0},"RequiredSpecial2Percent":{"Active":false,"FloatValue":0.0,"MaxValue":0.0},"RequiredSpecial3Percent":{"Active":false,"FloatValue":0.0,"MaxValue":0.0},"RequiredSpecial4Percent":{"Active":false,"FloatValue":0.0,"MaxValue":0.0},"RequiredSpoilagePercent":{"Active":false,"FloatValue":0.0,"MaxValue":0.0},"RequiredUsagePercent":{"Active":false,"FloatValue":0.0,"MaxValue":0.0}},"RequiredReceivingLiquidContent":{"IsActive":false,"RequiredGroup":{"m_FileID":0,"m_PathID":0},"RequiredLiquid":{"m_FileID":0,"m_PathID":0},"RequiredQuantity":{"x":0.0,"y":0.0}},"RequiredStatValues":[],"RequiredTagsOnBoard":[],"ResetWhenDone":{"m_FileID":0,"m_PathID":0},"SaveGame":false,"StackCompatible":false,"StatInterruptions":[],"StatModifications":[],"TravelToPreviousEnv":false,"UnavailableInDemo":false,"UseMiniTicks":0,"VictorySettings":{"SpecialEnding":false,"Victory":false,"VictoryMessage":{"DefaultText":"","LocalizationKey":"","ParentObjectID":""}}},"OnZeroNotification":0,"OverrideIcon":{"m_FileID":0,"m_PathID":0},"RatePerDaytimePoint":1.0,"ShowPopupOnFull":false,"ShowPopupOnZero":false,"TextDisplay":0},"RemotePassiveEffects":[],"SpawningBlockedBy":[],"SpecialDurability1":{"Active":false,"CardStatName":{"DefaultText":"","LocalizationKey":"","ParentObjectID":""},"ExtraRateWhenEquipped":0.0,"FloatValue":0.0,"HasActionOnFull":false,"HasActionOnZero":false,"HidingOptions":0,"MaxValue":0.0,"OnFull":{"ActionDescription":{"DefaultText":"","LocalizationKey":"","ParentObjectID":""},"ActionLog":{"Category":{"m_FileID":0,"m_PathID":0},"LogText":{"DefaultText":"","LocalizationKey":"","ParentObjectID":""}},"ActionName":{"DefaultText":"","LocalizationKey":"","ParentObjectID":""},"ActionSounds":[],"ActionTags":[],"BlueprintsFullUnlock":[],"Cancellable":false,"ConfirmPopup":false,"CustomDestroyMessage":{"DefaultText":"","LocalizationKey":"","ParentObjectID":""},"CustomWindowPrefab":{"m_FileID":0,"m_PathID":0},"DaytimeCost":0,"DisablePitchVariation":false,"DontShowDestroyMessage":false,"ExtraDurabilityModifications":[],"FadeMessage":{"DefaultText":"","LocalizationKey":"","ParentObjectID":""},"FadeTips":false,"FadeToBlack":0,"InstantStatModifications":false,"NoCardsAffectedMessage":{"DefaultText":"","LocalizationKey":"","ParentObjectID":""},"NotBaseAction":false,"NoveltyShared":false,"ProducedCards":[],"ReceivingCardChanges":{"ChargesChange":{"x":0.0,"y":0.0},"DropOnDestroyList":false,"FuelChange":{"x":0.0,"y":0.0},"LiquidEffectScaling":0,"LiquidQuantityChange":{"x":0.0,"y":0.0},"ModType":0,"ModifyDurability":false,"ModifyLiquid":false,"Special1Change":{"x":0.0,"y":0.0},"Special2Change":{"x":0.0,"y":0.0},"Special3Change":{"x":0.0,"y":0.0},"Special4Change":{"x":0.0,"y":0.0},"SpoilageChange":{"x":0.0,"y":0.0},"TransferCharges":false,"TransferFuel":false,"TransferInventory":false,"TransferLiquid":false,"TransferSpecial1":false,"TransferSpecial2":false,"TransferSpecial3":false,"TransferSpecial4":false,"TransferSpoilage":false,"TransferUsage":false,"TransformInto":{"m_FileID":0,"m_PathID":0},"UsageChange":{"x":0.0,"y":0.0}},"RequiredCardsOnBoard":[],"RequiredReceivingContainer":[],"RequiredReceivingContainerTag":[],"RequiredReceivingDurabilities":{"FailMessage":{"DefaultText":"","LocalizationKey":"","ParentObjectID":""},"HideActionIfNotMet":false,"RequiredFuelPercent":{"Active":false,"FloatValue":0.0,"MaxValue":0.0},"RequiredLiquidQuantity":0.0,"RequiredProgressPercent":{"Active":false,"FloatValue":0.0,"MaxValue":0.0},"RequiredSpecial1Percent":{"Active":false,"FloatValue":0.0,"MaxValue":0.0},"RequiredSpecial2Percent":{"Active":false,"FloatValue":0.0,"MaxValue":0.0},"RequiredSpecial3Percent":{"Active":false,"FloatValue":0.0,"MaxValue":0.0},"RequiredSpecial4Percent":{"Active":false,"FloatValue":0.0,"MaxValue":0.0},"RequiredSpoilagePercent":{"Active":false,"FloatValue":0.0,"MaxValue":0.0},"RequiredUsagePercent":{"Active":false,"FloatValue":0.0,"MaxValue":0.0}},"RequiredReceivingLiquidContent":{"IsActive":false,"RequiredGroup":{"m_FileID":0,"m_PathID":0},"RequiredLiquid":{"m_FileID":0,"m_PathID":0},"RequiredQuantity":{"x":0.0,"y":0.0}},"RequiredStatValues":[],"RequiredTagsOnBoard":[],"ResetWhenDone":{"m_FileID":0,"m_PathID":0},"SaveGame":false,"StackCompatible":false,"StatInterruptions":[],"StatModifications":[],"TravelToPreviousEnv":false,"UnavailableInDemo":false,"UseMiniTicks":0,"VictorySettings":{"SpecialEnding":false,"Victory":false,"VictoryMessage":{"DefaultText":"","LocalizationKey":"","ParentObjectID":""}}},"OnFullNotification":0,"OnZero":{"ActionDescription":{"DefaultText":"","LocalizationKey":"","ParentObjectID":""},"ActionLog":{"Category":{"m_FileID":0,"m_PathID":0},"LogText":{"DefaultText":"","LocalizationKey":"","ParentObjectID":""}},"ActionName":{"DefaultText":"","LocalizationKey":"","ParentObjectID":""},"ActionSounds":[],"ActionTags":[],"BlueprintsFullUnlock":[],"Cancellable":false,"ConfirmPopup":false,"CustomDestroyMessage":{"DefaultText":"","LocalizationKey":"","ParentObjectID":""},"CustomWindowPrefab":{"m_FileID":0,"m_PathID":0},"DaytimeCost":0,"DisablePitchVariation":false,"DontShowDestroyMessage":false,"ExtraDurabilityModifications":[],"FadeMessage":{"DefaultText":"","LocalizationKey":"","ParentObjectID":""},"FadeTips":false,"FadeToBlack":0,"InstantStatModifications":false,"NoCardsAffectedMessage":{"DefaultText":"","LocalizationKey":"","ParentObjectID":""},"NotBaseAction":false,"NoveltyShared":false,"ProducedCards":[],"ReceivingCardChanges":{"ChargesChange":{"x":0.0,"y":0.0},"DropOnDestroyList":false,"FuelChange":{"x":0.0,"y":0.0},"LiquidEffectScaling":0,"LiquidQuantityChange":{"x":0.0,"y":0.0},"ModType":0,"ModifyDurability":false,"ModifyLiquid":false,"Special1Change":{"x":0.0,"y":0.0},"Special2Change":{"x":0.0,"y":0.0},"Special3Change":{"x":0.0,"y":0.0},"Special4Change":{"x":0.0,"y":0.0},"SpoilageChange":{"x":0.0,"y":0.0},"TransferCharges":false,"TransferFuel":false,"TransferInventory":false,"TransferLiquid":false,"TransferSpecial1":false,"TransferSpecial2":false,"TransferSpecial3":false,"TransferSpecial4":false,"TransferSpoilage":false,"TransferUsage":false,"TransformInto":{"m_FileID":0,"m_PathID":0},"UsageChange":{"x":0.0,"y":0.0}},"RequiredCardsOnBoard":[],"RequiredReceivingContainer":[],"RequiredReceivingContainerTag":[],"RequiredReceivingDurabilities":{"FailMessage":{"DefaultText":"","LocalizationKey":"","ParentObjectID":""},"HideActionIfNotMet":false,"RequiredFuelPercent":{"Active":false,"FloatValue":0.0,"MaxValue":0.0},"RequiredLiquidQuantity":0.0,"RequiredProgressPercent":{"Active":false,"FloatValue":0.0,"MaxValue":0.0},"RequiredSpecial1Percent":{"Active":false,"FloatValue":0.0,"MaxValue":0.0},"RequiredSpecial2Percent":{"Active":false,"FloatValue":0.0,"MaxValue":0.0},"RequiredSpecial3Percent":{"Active":false,"FloatValue":0.0,"MaxValue":0.0},"RequiredSpecial4Percent":{"Active":false,"FloatValue":0.0,"MaxValue":0.0},"RequiredSpoilagePercent":{"Active":false,"FloatValue":0.0,"MaxValue":0.0},"RequiredUsagePercent":{"Active":false,"FloatValue":0.0,"MaxValue":0.0}},"RequiredReceivingLiquidContent":{"IsActive":false,"RequiredGroup":{"m_FileID":0,"m_PathID":0},"RequiredLiquid":{"m_FileID":0,"m_PathID":0},"RequiredQuantity":{"x":0.0,"y":0.0}},"RequiredStatValues":[],"RequiredTagsOnBoard":[],"ResetWhenDone":{"m_FileID":0,"m_PathID":0},"SaveGame":false,"StackCompatible":false,"StatInterruptions":[],"StatModifications":[],"TravelToPreviousEnv":false,"UnavailableInDemo":false,"UseMiniTicks":0,"VictorySettings":{"SpecialEnding":false,"Victory":false,"VictoryMessage":{"DefaultText":"","LocalizationKey":"","ParentObjectID":""}}},"OnZeroNotification":0,"OverrideIcon":{"m_FileID":0,"m_PathID":0},"RatePerDaytimePoint":0.0,"ShowPopupOnFull":false,"ShowPopupOnZero":false,"TextDisplay":0},"SpecialDurability2":{"Active":false,"CardStatName":{"DefaultText":"","LocalizationKey":"","ParentObjectID":""},"ExtraRateWhenEquipped":0.0,"FloatValue":0.0,"HasActionOnFull":false,"HasActionOnZero":false,"HidingOptions":0,"MaxValue":0.0,"OnFull":{"ActionDescription":{"DefaultText":"","LocalizationKey":"","ParentObjectID":""},"ActionLog":{"Category":{"m_FileID":0,"m_PathID":0},"LogText":{"DefaultText":"","LocalizationKey":"","ParentObjectID":""}},"ActionName":{"DefaultText":"","LocalizationKey":"","ParentObjectID":""},"ActionSounds":[],"ActionTags":[],"BlueprintsFullUnlock":[],"Cancellable":false,"ConfirmPopup":false,"CustomDestroyMessage":{"DefaultText":"","LocalizationKey":"","ParentObjectID":""},"CustomWindowPrefab":{"m_FileID":0,"m_PathID":0},"DaytimeCost":0,"DisablePitchVariation":false,"DontShowDestroyMessage":false,"ExtraDurabilityModifications":[],"FadeMessage":{"DefaultText":"","LocalizationKey":"","ParentObjectID":""},"FadeTips":false,"FadeToBlack":0,"InstantStatModifications":false,"NoCardsAffectedMessage":{"DefaultText":"","LocalizationKey":"","ParentObjectID":""},"NotBaseAction":false,"NoveltyShared":false,"ProducedCards":[],"ReceivingCardChanges":{"ChargesChange":{"x":0.0,"y":0.0},"DropOnDestroyList":false,"FuelChange":{"x":0.0,"y":0.0},"LiquidEffectScaling":0,"LiquidQuantityChange":{"x":0.0,"y":0.0},"ModType":0,"ModifyDurability":false,"ModifyLiquid":false,"Special1Change":{"x":0.0,"y":0.0},"Special2Change":{"x":0.0,"y":0.0},"Special3Change":{"x":0.0,"y":0.0},"Special4Change":{"x":0.0,"y":0.0},"SpoilageChange":{"x":0.0,"y":0.0},"TransferCharges":false,"TransferFuel":false,"TransferInventory":false,"TransferLiquid":false,"TransferSpecial1":false,"TransferSpecial2":false,"TransferSpecial3":false,"TransferSpecial4":false,"TransferSpoilage":false,"TransferUsage":false,"TransformInto":{"m_FileID":0,"m_PathID":0},"UsageChange":{"x":0.0,"y":0.0}},"RequiredCardsOnBoard":[],"RequiredReceivingContainer":[],"RequiredReceivingContainerTag":[],"RequiredReceivingDurabilities":{"FailMessage":{"DefaultText":"","LocalizationKey":"","ParentObjectID":""},"HideActionIfNotMet":false,"RequiredFuelPercent":{"Active":false,"FloatValue":0.0,"MaxValue":0.0},"RequiredLiquidQuantity":0.0,"RequiredProgressPercent":{"Active":false,"FloatValue":0.0,"MaxValue":0.0},"RequiredSpecial1Percent":{"Active":false,"FloatValue":0.0,"MaxValue":0.0},"RequiredSpecial2Percent":{"Active":false,"FloatValue":0.0,"MaxValue":0.0},"RequiredSpecial3Percent":{"Active":false,"FloatValue":0.0,"MaxValue":0.0},"RequiredSpecial4Percent":{"Active":false,"FloatValue":0.0,"MaxValue":0.0},"RequiredSpoilagePercent":{"Active":false,"FloatValue":0.0,"MaxValue":0.0},"RequiredUsagePercent":{"Active":false,"FloatValue":0.0,"MaxValue":0.0}},"RequiredReceivingLiquidContent":{"IsActive":false,"RequiredGroup":{"m_FileID":0,"m_PathID":0},"RequiredLiquid":{"m_FileID":0,"m_PathID":0},"RequiredQuantity":{"x":0.0,"y":0.0}},"RequiredStatValues":[],"RequiredTagsOnBoard":[],"ResetWhenDone":{"m_FileID":0,"m_PathID":0},"SaveGame":false,"StackCompatible":false,"StatInterruptions":[],"StatModifications":[],"TravelToPreviousEnv":false,"UnavailableInDemo":false,"UseMiniTicks":0,"VictorySettings":{"SpecialEnding":false,"Victory":false,"VictoryMessage":{"DefaultText":"","LocalizationKey":"","ParentObjectID":""}}},"OnFullNotification":0,"OnZero":{"ActionDescription":{"DefaultText":"","LocalizationKey":"","ParentObjectID":""},"ActionLog":{"Category":{"m_FileID":0,"m_PathID":0},"LogText":{"DefaultText":"","LocalizationKey":"","ParentObjectID":""}},"ActionName":{"DefaultText":"","LocalizationKey":"","ParentObjectID":""},"ActionSounds":[],"ActionTags":[],"BlueprintsFullUnlock":[],"Cancellable":false,"ConfirmPopup":false,"CustomDestroyMessage":{"DefaultText":"","LocalizationKey":"","ParentObjectID":""},"CustomWindowPrefab":{"m_FileID":0,"m_PathID":0},"DaytimeCost":0,"DisablePitchVariation":false,"DontShowDestroyMessage":false,"ExtraDurabilityModifications":[],"FadeMessage":{"DefaultText":"","LocalizationKey":"","ParentObjectID":""},"FadeTips":false,"FadeToBlack":0,"InstantStatModifications":false,"NoCardsAffectedMessage":{"DefaultText":"","LocalizationKey":"","ParentObjectID":""},"NotBaseAction":false,"NoveltyShared":false,"ProducedCards":[],"ReceivingCardChanges":{"ChargesChange":{"x":0.0,"y":0.0},"DropOnDestroyList":false,"FuelChange":{"x":0.0,"y":0.0},"LiquidEffectScaling":0,"LiquidQuantityChange":{"x":0.0,"y":0.0},"ModType":0,"ModifyDurability":false,"ModifyLiquid":false,"Special1Change":{"x":0.0,"y":0.0},"Special2Change":{"x":0.0,"y":0.0},"Special3Change":{"x":0.0,"y":0.0},"Special4Change":{"x":0.0,"y":0.0},"SpoilageChange":{"x":0.0,"y":0.0},"TransferCharges":false,"TransferFuel":false,"TransferInventory":false,"TransferLiquid":false,"TransferSpecial1":false,"TransferSpecial2":false,"TransferSpecial3":false,"TransferSpecial4":false,"TransferSpoilage":false,"TransferUsage":false,"TransformInto":{"m_FileID":0,"m_PathID":0},"UsageChange":{"x":0.0,"y":0.0}},"RequiredCardsOnBoard":[],"RequiredReceivingContainer":[],"RequiredReceivingContainerTag":[],"RequiredReceivingDurabilities":{"FailMessage":{"DefaultText":"","LocalizationKey":"","ParentObjectID":""},"HideActionIfNotMet":false,"RequiredFuelPercent":{"Active":false,"FloatValue":0.0,"MaxValue":0.0},"RequiredLiquidQuantity":0.0,"RequiredProgressPercent":{"Active":false,"FloatValue":0.0,"MaxValue":0.0},"RequiredSpecial1Percent":{"Active":false,"FloatValue":0.0,"MaxValue":0.0},"RequiredSpecial2Percent":{"Active":false,"FloatValue":0.0,"MaxValue":0.0},"RequiredSpecial3Percent":{"Active":false,"FloatValue":0.0,"MaxValue":0.0},"RequiredSpecial4Percent":{"Active":false,"FloatValue":0.0,"MaxValue":0.0},"RequiredSpoilagePercent":{"Active":false,"FloatValue":0.0,"MaxValue":0.0},"RequiredUsagePercent":{"Active":false,"FloatValue":0.0,"MaxValue":0.0}},"RequiredReceivingLiquidContent":{"IsActive":false,"RequiredGroup":{"m_FileID":0,"m_PathID":0},"RequiredLiquid":{"m_FileID":0,"m_PathID":0},"RequiredQuantity":{"x":0.0,"y":0.0}},"RequiredStatValues":[],"RequiredTagsOnBoard":[],"ResetWhenDone":{"m_FileID":0,"m_PathID":0},"SaveGame":false,"StackCompatible":false,"StatInterruptions":[],"StatModifications":[],"TravelToPreviousEnv":false,"UnavailableInDemo":false,"UseMiniTicks":0,"VictorySettings":{"SpecialEnding":false,"Victory":false,"VictoryMessage":{"DefaultText":"","LocalizationKey":"","ParentObjectID":""}}},"OnZeroNotification":0,"OverrideIcon":{"m_FileID":0,"m_PathID":0},"RatePerDaytimePoint":0.0,"ShowPopupOnFull":false,"ShowPopupOnZero":false,"TextDisplay":0},"SpecialDurability3":{"Active":false,"CardStatName":{"DefaultText":"","LocalizationKey":"","ParentObjectID":""},"ExtraRateWhenEquipped":0.0,"FloatValue":0.0,"HasActionOnFull":false,"HasActionOnZero":false,"HidingOptions":0,"MaxValue":0.0,"OnFull":{"ActionDescription":{"DefaultText":"","LocalizationKey":"","ParentObjectID":""},"ActionLog":{"Category":{"m_FileID":0,"m_PathID":0},"LogText":{"DefaultText":"","LocalizationKey":"","ParentObjectID":""}},"ActionName":{"DefaultText":"","LocalizationKey":"","ParentObjectID":""},"ActionSounds":[],"ActionTags":[],"BlueprintsFullUnlock":[],"Cancellable":false,"ConfirmPopup":false,"CustomDestroyMessage":{"DefaultText":"","LocalizationKey":"","ParentObjectID":""},"CustomWindowPrefab":{"m_FileID":0,"m_PathID":0},"DaytimeCost":0,"DisablePitchVariation":false,"DontShowDestroyMessage":false,"ExtraDurabilityModifications":[],"FadeMessage":{"DefaultText":"","LocalizationKey":"","ParentObjectID":""},"FadeTips":false,"FadeToBlack":0,"InstantStatModifications":false,"NoCardsAffectedMessage":{"DefaultText":"","LocalizationKey":"","ParentObjectID":""},"NotBaseAction":false,"NoveltyShared":false,"ProducedCards":[],"ReceivingCardChanges":{"ChargesChange":{"x":0.0,"y":0.0},"DropOnDestroyList":false,"FuelChange":{"x":0.0,"y":0.0},"LiquidEffectScaling":0,"LiquidQuantityChange":{"x":0.0,"y":0.0},"ModType":0,"ModifyDurability":false,"ModifyLiquid":false,"Special1Change":{"x":0.0,"y":0.0},"Special2Change":{"x":0.0,"y":0.0},"Special3Change":{"x":0.0,"y":0.0},"Special4Change":{"x":0.0,"y":0.0},"SpoilageChange":{"x":0.0,"y":0.0},"TransferCharges":false,"TransferFuel":false,"TransferInventory":false,"TransferLiquid":false,"TransferSpecial1":false,"TransferSpecial2":false,"TransferSpecial3":false,"TransferSpecial4":false,"TransferSpoilage":false,"TransferUsage":false,"TransformInto":{"m_FileID":0,"m_PathID":0},"UsageChange":{"x":0.0,"y":0.0}},"RequiredCardsOnBoard":[],"RequiredReceivingContainer":[],"RequiredReceivingContainerTag":[],"RequiredReceivingDurabilities":{"FailMessage":{"DefaultText":"","LocalizationKey":"","ParentObjectID":""},"HideActionIfNotMet":false,"RequiredFuelPercent":{"Active":false,"FloatValue":0.0,"MaxValue":0.0},"RequiredLiquidQuantity":0.0,"RequiredProgressPercent":{"Active":false,"FloatValue":0.0,"MaxValue":0.0},"RequiredSpecial1Percent":{"Active":false,"FloatValue":0.0,"MaxValue":0.0},"RequiredSpecial2Percent":{"Active":false,"FloatValue":0.0,"MaxValue":0.0},"RequiredSpecial3Percent":{"Active":false,"FloatValue":0.0,"MaxValue":0.0},"RequiredSpecial4Percent":{"Active":false,"FloatValue":0.0,"MaxValue":0.0},"RequiredSpoilagePercent":{"Active":false,"FloatValue":0.0,"MaxValue":0.0},"RequiredUsagePercent":{"Active":false,"FloatValue":0.0,"MaxValue":0.0}},"RequiredReceivingLiquidContent":{"IsActive":false,"RequiredGroup":{"m_FileID":0,"m_PathID":0},"RequiredLiquid":{"m_FileID":0,"m_PathID":0},"RequiredQuantity":{"x":0.0,"y":0.0}},"RequiredStatValues":[],"RequiredTagsOnBoard":[],"ResetWhenDone":{"m_FileID":0,"m_PathID":0},"SaveGame":false,"StackCompatible":false,"StatInterruptions":[],"StatModifications":[],"TravelToPreviousEnv":false,"UnavailableInDemo":false,"UseMiniTicks":0,"VictorySettings":{"SpecialEnding":false,"Victory":false,"VictoryMessage":{"DefaultText":"","LocalizationKey":"","ParentObjectID":""}}},"OnFullNotification":0,"OnZero":{"ActionDescription":{"DefaultText":"","LocalizationKey":"","ParentObjectID":""},"ActionLog":{"Category":{"m_FileID":0,"m_PathID":0},"LogText":{"DefaultText":"","LocalizationKey":"","ParentObjectID":""}},"ActionName":{"DefaultText":"","LocalizationKey":"","ParentObjectID":""},"ActionSounds":[],"ActionTags":[],"BlueprintsFullUnlock":[],"Cancellable":false,"ConfirmPopup":false,"CustomDestroyMessage":{"DefaultText":"","LocalizationKey":"","ParentObjectID":""},"CustomWindowPrefab":{"m_FileID":0,"m_PathID":0},"DaytimeCost":0,"DisablePitchVariation":false,"DontShowDestroyMessage":false,"ExtraDurabilityModifications":[],"FadeMessage":{"DefaultText":"","LocalizationKey":"","ParentObjectID":""},"FadeTips":false,"FadeToBlack":0,"InstantStatModifications":false,"NoCardsAffectedMessage":{"DefaultText":"","LocalizationKey":"","ParentObjectID":""},"NotBaseAction":false,"NoveltyShared":false,"ProducedCards":[],"ReceivingCardChanges":{"ChargesChange":{"x":0.0,"y":0.0},"DropOnDestroyList":false,"FuelChange":{"x":0.0,"y":0.0},"LiquidEffectScaling":0,"LiquidQuantityChange":{"x":0.0,"y":0.0},"ModType":0,"ModifyDurability":false,"ModifyLiquid":false,"Special1Change":{"x":0.0,"y":0.0},"Special2Change":{"x":0.0,"y":0.0},"Special3Change":{"x":0.0,"y":0.0},"Special4Change":{"x":0.0,"y":0.0},"SpoilageChange":{"x":0.0,"y":0.0},"TransferCharges":false,"TransferFuel":false,"TransferInventory":false,"TransferLiquid":false,"TransferSpecial1":false,"TransferSpecial2":false,"TransferSpecial3":false,"TransferSpecial4":false,"TransferSpoilage":false,"TransferUsage":false,"TransformInto":{"m_FileID":0,"m_PathID":0},"UsageChange":{"x":0.0,"y":0.0}},"RequiredCardsOnBoard":[],"RequiredReceivingContainer":[],"RequiredReceivingContainerTag":[],"RequiredReceivingDurabilities":{"FailMessage":{"DefaultText":"","LocalizationKey":"","ParentObjectID":""},"HideActionIfNotMet":false,"RequiredFuelPercent":{"Active":false,"FloatValue":0.0,"MaxValue":0.0},"RequiredLiquidQuantity":0.0,"RequiredProgressPercent":{"Active":false,"FloatValue":0.0,"MaxValue":0.0},"RequiredSpecial1Percent":{"Active":false,"FloatValue":0.0,"MaxValue":0.0},"RequiredSpecial2Percent":{"Active":false,"FloatValue":0.0,"MaxValue":0.0},"RequiredSpecial3Percent":{"Active":false,"FloatValue":0.0,"MaxValue":0.0},"RequiredSpecial4Percent":{"Active":false,"FloatValue":0.0,"MaxValue":0.0},"RequiredSpoilagePercent":{"Active":false,"FloatValue":0.0,"MaxValue":0.0},"RequiredUsagePercent":{"Active":false,"FloatValue":0.0,"MaxValue":0.0}},"RequiredReceivingLiquidContent":{"IsActive":false,"RequiredGroup":{"m_FileID":0,"m_PathID":0},"RequiredLiquid":{"m_FileID":0,"m_PathID":0},"RequiredQuantity":{"x":0.0,"y":0.0}},"RequiredStatValues":[],"RequiredTagsOnBoard":[],"ResetWhenDone":{"m_FileID":0,"m_PathID":0},"SaveGame":false,"StackCompatible":false,"StatInterruptions":[],"StatModifications":[],"TravelToPreviousEnv":false,"UnavailableInDemo":false,"UseMiniTicks":0,"VictorySettings":{"SpecialEnding":false,"Victory":false,"VictoryMessage":{"DefaultText":"","LocalizationKey":"","ParentObjectID":""}}},"OnZeroNotification":0,"OverrideIcon":{"m_FileID":0,"m_PathID":0},"RatePerDaytimePoint":0.0,"ShowPopupOnFull":false,"ShowPopupOnZero":false,"TextDisplay":0},"SpecialDurability4":{"Active":false,"CardStatName":{"DefaultText":"","LocalizationKey":"","ParentObjectID":""},"ExtraRateWhenEquipped":0.0,"FloatValue":0.0,"HasActionOnFull":false,"HasActionOnZero":false,"HidingOptions":0,"MaxValue":0.0,"OnFull":{"ActionDescription":{"DefaultText":"","LocalizationKey":"","ParentObjectID":""},"ActionLog":{"Category":{"m_FileID":0,"m_PathID":0},"LogText":{"DefaultText":"","LocalizationKey":"","ParentObjectID":""}},"ActionName":{"DefaultText":"","LocalizationKey":"","ParentObjectID":""},"ActionSounds":[],"ActionTags":[],"BlueprintsFullUnlock":[],"Cancellable":false,"ConfirmPopup":false,"CustomDestroyMessage":{"DefaultText":"","LocalizationKey":"","ParentObjectID":""},"CustomWindowPrefab":{"m_FileID":0,"m_PathID":0},"DaytimeCost":0,"DisablePitchVariation":false,"DontShowDestroyMessage":false,"ExtraDurabilityModifications":[],"FadeMessage":{"DefaultText":"","LocalizationKey":"","ParentObjectID":""},"FadeTips":false,"FadeToBlack":0,"InstantStatModifications":false,"NoCardsAffectedMessage":{"DefaultText":"","LocalizationKey":"","ParentObjectID":""},"NotBaseAction":false,"NoveltyShared":false,"ProducedCards":[],"ReceivingCardChanges":{"ChargesChange":{"x":0.0,"y":0.0},"DropOnDestroyList":false,"FuelChange":{"x":0.0,"y":0.0},"LiquidEffectScaling":0,"LiquidQuantityChange":{"x":0.0,"y":0.0},"ModType":0,"ModifyDurability":false,"ModifyLiquid":false,"Special1Change":{"x":0.0,"y":0.0},"Special2Change":{"x":0.0,"y":0.0},"Special3Change":{"x":0.0,"y":0.0},"Special4Change":{"x":0.0,"y":0.0},"SpoilageChange":{"x":0.0,"y":0.0},"TransferCharges":false,"TransferFuel":false,"TransferInventory":false,"TransferLiquid":false,"TransferSpecial1":false,"TransferSpecial2":false,"TransferSpecial3":false,"TransferSpecial4":false,"TransferSpoilage":false,"TransferUsage":false,"TransformInto":{"m_FileID":0,"m_PathID":0},"UsageChange":{"x":0.0,"y":0.0}},"RequiredCardsOnBoard":[],"RequiredReceivingContainer":[],"RequiredReceivingContainerTag":[],"RequiredReceivingDurabilities":{"FailMessage":{"DefaultText":"","LocalizationKey":"","ParentObjectID":""},"HideActionIfNotMet":false,"RequiredFuelPercent":{"Active":false,"FloatValue":0.0,"MaxValue":0.0},"RequiredLiquidQuantity":0.0,"RequiredProgressPercent":{"Active":false,"FloatValue":0.0,"MaxValue":0.0},"RequiredSpecial1Percent":{"Active":false,"FloatValue":0.0,"MaxValue":0.0},"RequiredSpecial2Percent":{"Active":false,"FloatValue":0.0,"MaxValue":0.0},"RequiredSpecial3Percent":{"Active":false,"FloatValue":0.0,"MaxValue":0.0},"RequiredSpecial4Percent":{"Active":false,"FloatValue":0.0,"MaxValue":0.0},"RequiredSpoilagePercent":{"Active":false,"FloatValue":0.0,"MaxValue":0.0},"RequiredUsagePercent":{"Active":false,"FloatValue":0.0,"MaxValue":0.0}},"RequiredReceivingLiquidContent":{"IsActive":false,"RequiredGroup":{"m_FileID":0,"m_PathID":0},"RequiredLiquid":{"m_FileID":0,"m_PathID":0},"RequiredQuantity":{"x":0.0,"y":0.0}},"RequiredStatValues":[],"RequiredTagsOnBoard":[],"ResetWhenDone":{"m_FileID":0,"m_PathID":0},"SaveGame":false,"StackCompatible":false,"StatInterruptions":[],"StatModifications":[],"TravelToPreviousEnv":false,"UnavailableInDemo":false,"UseMiniTicks":0,"VictorySettings":{"SpecialEnding":false,"Victory":false,"VictoryMessage":{"DefaultText":"","LocalizationKey":"","ParentObjectID":""}}},"OnFullNotification":0,"OnZero":{"ActionDescription":{"DefaultText":"","LocalizationKey":"","ParentObjectID":""},"ActionLog":{"Category":{"m_FileID":0,"m_PathID":0},"LogText":{"DefaultText":"","LocalizationKey":"","ParentObjectID":""}},"ActionName":{"DefaultText":"","LocalizationKey":"","ParentObjectID":""},"ActionSounds":[],"ActionTags":[],"BlueprintsFullUnlock":[],"Cancellable":false,"ConfirmPopup":false,"CustomDestroyMessage":{"DefaultText":"","LocalizationKey":"","ParentObjectID":""},"CustomWindowPrefab":{"m_FileID":0,"m_PathID":0},"DaytimeCost":0,"DisablePitchVariation":false,"DontShowDestroyMessage":false,"ExtraDurabilityModifications":[],"FadeMessage":{"DefaultText":"","LocalizationKey":"","ParentObjectID":""},"FadeTips":false,"FadeToBlack":0,"InstantStatModifications":false,"NoCardsAffectedMessage":{"DefaultText":"","LocalizationKey":"","ParentObjectID":""},"NotBaseAction":false,"NoveltyShared":false,"ProducedCards":[],"ReceivingCardChanges":{"ChargesChange":{"x":0.0,"y":0.0},"DropOnDestroyList":false,"FuelChange":{"x":0.0,"y":0.0},"LiquidEffectScaling":0,"LiquidQuantityChange":{"x":0.0,"y":0.0},"ModType":0,"ModifyDurability":false,"ModifyLiquid":false,"Special1Change":{"x":0.0,"y":0.0},"Special2Change":{"x":0.0,"y":0.0},"Special3Change":{"x":0.0,"y":0.0},"Special4Change":{"x":0.0,"y":0.0},"SpoilageChange":{"x":0.0,"y":0.0},"TransferCharges":false,"TransferFuel":false,"TransferInventory":false,"TransferLiquid":false,"TransferSpecial1":false,"TransferSpecial2":false,"TransferSpecial3":false,"TransferSpecial4":false,"TransferSpoilage":false,"TransferUsage":false,"TransformInto":{"m_FileID":0,"m_PathID":0},"UsageChange":{"x":0.0,"y":0.0}},"RequiredCardsOnBoard":[],"RequiredReceivingContainer":[],"RequiredReceivingContainerTag":[],"RequiredReceivingDurabilities":{"FailMessage":{"DefaultText":"","LocalizationKey":"","ParentObjectID":""},"HideActionIfNotMet":false,"RequiredFuelPercent":{"Active":false,"FloatValue":0.0,"MaxValue":0.0},"RequiredLiquidQuantity":0.0,"RequiredProgressPercent":{"Active":false,"FloatValue":0.0,"MaxValue":0.0},"RequiredSpecial1Percent":{"Active":false,"FloatValue":0.0,"MaxValue":0.0},"RequiredSpecial2Percent":{"Active":false,"FloatValue":0.0,"MaxValue":0.0},"RequiredSpecial3Percent":{"Active":false,"FloatValue":0.0,"MaxValue":0.0},"RequiredSpecial4Percent":{"Active":false,"FloatValue":0.0,"MaxValue":0.0},"RequiredSpoilagePercent":{"Active":false,"FloatValue":0.0,"MaxValue":0.0},"RequiredUsagePercent":{"Active":false,"FloatValue":0.0,"MaxValue":0.0}},"RequiredReceivingLiquidContent":{"IsActive":false,"RequiredGroup":{"m_FileID":0,"m_PathID":0},"RequiredLiquid":{"m_FileID":0,"m_PathID":0},"RequiredQuantity":{"x":0.0,"y":0.0}},"RequiredStatValues":[],"RequiredTagsOnBoard":[],"ResetWhenDone":{"m_FileID":0,"m_PathID":0},"SaveGame":false,"StackCompatible":false,"StatInterruptions":[],"StatModifications":[],"TravelToPreviousEnv":false,"UnavailableInDemo":false,"UseMiniTicks":0,"VictorySettings":{"SpecialEnding":false,"Victory":false,"VictoryMessage":{"DefaultText":"","LocalizationKey":"","ParentObjectID":""}}},"OnZeroNotification":0,"OverrideIcon":{"m_FileID":0,"m_PathID":0},"RatePerDaytimePoint":0.0,"ShowPopupOnFull":false,"ShowPopupOnZero":false,"TextDisplay":0},"SpillsInventoryOnDestroy":false,"SpoilageTime":{"Active":true,"CardStatName":{"DefaultText":"\u80a5\u529b","LocalizationKey":"","ParentObjectID":""},"ExtraRateWhenEquipped":0.0,"FloatValue":0.0,"HasActionOnFull":false,"HasActionOnZero":false,"HidingOptions":0,"MaxValue":384.0,"OnFull":{"ActionDescription":{"DefaultText":"","LocalizationKey":"","ParentObjectID":""},"ActionLog":{"Category":{"m_FileID":0,"m_PathID":0},"LogText":{"DefaultText":"","LocalizationKey":"","ParentObjectID":""}},"ActionName":{"DefaultText":"","LocalizationKey":"","ParentObjectID":""},"ActionSounds":[],"ActionTags":[],"BlueprintsFullUnlock":[],"Cancellable":false,"ConfirmPopup":false,"CustomDestroyMessage":{"DefaultText":"","LocalizationKey":"","ParentObjectID":""},"CustomWindowPrefab":{"m_FileID":0,"m_PathID":0},"DaytimeCost":0,"DisablePitchVariation":false,"DontShowDestroyMessage":false,"ExtraDurabilityModifications":[],"FadeMessage":{"DefaultText":"","LocalizationKey":"","ParentObjectID":""},"FadeTips":false,"FadeToBlack":0,"InstantStatModifications":false,"NoCardsAffectedMessage":{"DefaultText":"","LocalizationKey":"","ParentObjectID":""},"NotBaseAction":false,"NoveltyShared":false,"ProducedCards":[],"ReceivingCardChanges":{"ChargesChange":{"x":0.0,"y":0.0},"DropOnDestroyList":false,"FuelChange":{"x":0.0,"y":0.0},"LiquidEffectScaling":0,"LiquidQuantityChange":{"x":0.0,"y":0.0},"ModType":0,"ModifyDurability":false,"ModifyLiquid":false,"Special1Change":{"x":0.0,"y":0.0},"Special2Change":{"x":0.0,"y":0.0},"Special3Change":{"x":0.0,"y":0.0},"Special4Change":{"x":0.0,"y":0.0},"SpoilageChange":{"x":0.0,"y":0.0},"TransferCharges":false,"TransferFuel":false,"TransferInventory":false,"TransferLiquid":false,"TransferSpecial1":false,"TransferSpecial2":false,"TransferSpecial3":false,"TransferSpecial4":false,"TransferSpoilage":false,"TransferUsage":false,"TransformInto":{"m_FileID":0,"m_PathID":0},"UsageChange":{"x":0.0,"y":0.0}},"RequiredCardsOnBoard":[],"RequiredReceivingContainer":[],"RequiredReceivingContainerTag":[],"RequiredReceivingDurabilities":{"FailMessage":{"DefaultText":"","LocalizationKey":"","ParentObjectID":""},"HideActionIfNotMet":false,"RequiredFuelPercent":{"Active":false,"FloatValue":0.0,"MaxValue":0.0},"RequiredLiquidQuantity":0.0,"RequiredProgressPercent":{"Active":false,"FloatValue":0.0,"MaxValue":0.0},"RequiredSpecial1Percent":{"Active":false,"FloatValue":0.0,"MaxValue":0.0},"RequiredSpecial2Percent":{"Active":false,"FloatValue":0.0,"MaxValue":0.0},"RequiredSpecial3Percent":{"Active":false,"FloatValue":0.0,"MaxValue":0.0},"RequiredSpecial4Percent":{"Active":false,"FloatValue":0.0,"MaxValue":0.0},"RequiredSpoilagePercent":{"Active":false,"FloatValue":0.0,"MaxValue":0.0},"RequiredUsagePercent":{"Active":false,"FloatValue":0.0,"MaxValue":0.0}},"RequiredReceivingLiquidContent":{"IsActive":false,"RequiredGroup":{"m_FileID":0,"m_PathID":0},"RequiredLiquid":{"m_FileID":0,"m_PathID":0},"RequiredQuantity":{"x":0.0,"y":0.0}},"RequiredStatValues":[],"RequiredTagsOnBoard":[],"ResetWhenDone":{"m_FileID":0,"m_PathID":0},"SaveGame":false,"StackCompatible":false,"StatInterruptions":[],"StatModifications":[],"TravelToPreviousEnv":false,"UnavailableInDemo":false,"UseMiniTicks":0,"VictorySettings":{"SpecialEnding":false,"Victory":false,"VictoryMessage":{"DefaultText":"","LocalizationKey":"","ParentObjectID":""}}},"OnFullNotification":0,"OnZero":{"ActionDescription":{"DefaultText":"","LocalizationKey":"","ParentObjectID":""},"ActionLog":{"Category":{"m_FileID":0,"m_PathID":0},"LogText":{"DefaultText":"","LocalizationKey":"","ParentObjectID":""}},"ActionName":{"DefaultText":"","LocalizationKey":"","ParentObjectID":""},"ActionSounds":[],"ActionTags":[],"BlueprintsFullUnlock":[],"Cancellable":false,"ConfirmPopup":false,"CustomDestroyMessage":{"DefaultText":"","LocalizationKey":"","ParentObjectID":""},"CustomWindowPrefab":{"m_FileID":0,"m_PathID":0},"DaytimeCost":0,"DisablePitchVariation":false,"DontShowDestroyMessage":false,"ExtraDurabilityModifications":[],"FadeMessage":{"DefaultText":"","LocalizationKey":"","ParentObjectID":""},"FadeTips":false,"FadeToBlack":0,"InstantStatModifications":false,"NoCardsAffectedMessage":{"DefaultText":"","LocalizationKey":"","ParentObjectID":""},"NotBaseAction":false,"NoveltyShared":false,"ProducedCards":[],"ReceivingCardChanges":{"ChargesChange":{"x":0.0,"y":0.0},"DropOnDestroyList":false,"FuelChange":{"x":0.0,"y":0.0},"LiquidEffectScaling":0,"LiquidQuantityChange":{"x":0.0,"y":0.0},"ModType":3,"ModifyDurability":false,"ModifyLiquid":false,"Special1Change":{"x":0.0,"y":0.0},"Special2Change":{"x":0.0,"y":0.0},"Special3Change":{"x":0.0,"y":0.0},"Special4Change":{"x":0.0,"y":0.0},"SpoilageChange":{"x":0.0,"y":0.0},"TransferCharges":false,"TransferFuel":false,"TransferInventory":false,"TransferLiquid":false,"TransferSpecial1":false,"TransferSpecial2":false,"TransferSpecial3":false,"TransferSpecial4":false,"TransferSpoilage":false,"TransferUsage":false,"TransformInto":{"m_FileID":0,"m_PathID":0},"UsageChange":{"x":0.0,"y":0.0}},"RequiredCardsOnBoard":[],"RequiredReceivingContainer":[],"RequiredReceivingContainerTag":[],"RequiredReceivingDurabilities":{"FailMessage":{"DefaultText":"","LocalizationKey":"","ParentObjectID":""},"HideActionIfNotMet":false,"RequiredFuelPercent":{"Active":false,"FloatValue":0.0,"MaxValue":0.0},"RequiredLiquidQuantity":0.0,"RequiredProgressPercent":{"Active":false,"FloatValue":0.0,"MaxValue":0.0},"RequiredSpecial1Percent":{"Active":false,"FloatValue":0.0,"MaxValue":0.0},"RequiredSpecial2Percent":{"Active":false,"FloatValue":0.0,"MaxValue":0.0},"RequiredSpecial3Percent":{"Active":false,"FloatValue":0.0,"MaxValue":0.0},"RequiredSpecial4Percent":{"Active":false,"FloatValue":0.0,"MaxValue":0.0},"RequiredSpoilagePercent":{"Active":false,"FloatValue":0.0,"MaxValue":0.0},"RequiredUsagePercent":{"Active":false,"FloatValue":0.0,"MaxValue":0.0}},"RequiredReceivingLiquidContent":{"IsActive":false,"RequiredGroup":{"m_FileID":0,"m_PathID":0},"RequiredLiquid":{"m_FileID":0,"m_PathID":0},"RequiredQuantity":{"x":0.0,"y":0.0}},"RequiredStatValues":[],"RequiredTagsOnBoard":[],"ResetWhenDone":{"m_FileID":0,"m_PathID":0},"SaveGame":false,"StackCompatible":false,"StatInterruptions":[],"StatModifications":[],"TravelToPreviousEnv":false,"UnavailableInDemo":false,"UseMiniTicks":0,"VictorySettings":{"SpecialEnding":false,"Victory":false,"VictoryMessage":{"DefaultText":"","LocalizationKey":"","ParentObjectID":""}}},"OnZeroNotification":0,"OverrideIcon":{"m_FileID":0,"m_PathID":0},"RatePerDaytimePoint":-1.0,"ShowPopupOnFull":false,"ShowPopupOnZero":false,"TextDisplay":0,"OverrideIconWarpType":3,"OverrideIconWarpData":"FineDirt"},"StatValues":[],"TagsOnBoard":[],"TimeValues":[],"TransferCookingResultsOnTransform":false,"UniqueID":"8785fc7bcfd4ab881b9d134e78044405","UniqueOnBoard":false,"UnlockConditionsDesc":{"DefaultText":"","LocalizationKey":"","ParentObjectID":""},"UsageDurability":{"Active":true,"CardStatName":{"DefaultText":"\u5065\u5eb7\u5ea6","LocalizationKey":"","ParentObjectID":""},"ExtraRateWhenEquipped":0.0,"FloatValue":384.0,"HasActionOnFull":false,"HasActionOnZero":true,"HidingOptions":0,"MaxValue":384.0,"OnFull":{"ActionDescription":{"DefaultText":"","LocalizationKey":"","ParentObjectID":""},"ActionLog":{"Category":{"m_FileID":0,"m_PathID":0},"LogText":{"DefaultText":"","LocalizationKey":"","ParentObjectID":""}},"ActionName":{"DefaultText":"","LocalizationKey":"","ParentObjectID":""},"ActionSounds":[],"ActionTags":[],"BlueprintsFullUnlock":[],"Cancellable":false,"ConfirmPopup":false,"CustomDestroyMessage":{"DefaultText":"","LocalizationKey":"","ParentObjectID":""},"CustomWindowPrefab":{"m_FileID":0,"m_PathID":0},"DaytimeCost":0,"DisablePitchVariation":false,"DontShowDestroyMessage":false,"ExtraDurabilityModifications":[],"FadeMessage":{"DefaultText":"","LocalizationKey":"","ParentObjectID":""},"FadeTips":false,"FadeToBlack":0,"InstantStatModifications":false,"NoCardsAffectedMessage":{"DefaultText":"","LocalizationKey":"","ParentObjectID":""},"NotBaseAction":false,"NoveltyShared":false,"ProducedCards":[],"ReceivingCardChanges":{"ChargesChange":{"x":0.0,"y":0.0},"DropOnDestroyList":false,"FuelChange":{"x":0.0,"y":0.0},"LiquidEffectScaling":0,"LiquidQuantityChange":{"x":0.0,"y":0.0},"ModType":0,"ModifyDurability":false,"ModifyLiquid":false,"Special1Change":{"x":0.0,"y":0.0},"Special2Change":{"x":0.0,"y":0.0},"Special3Change":{"x":0.0,"y":0.0},"Special4Change":{"x":0.0,"y":0.0},"SpoilageChange":{"x":0.0,"y":0.0},"TransferCharges":false,"TransferFuel":false,"TransferInventory":false,"TransferLiquid":false,"TransferSpecial1":false,"TransferSpecial2":false,"TransferSpecial3":false,"TransferSpecial4":false,"TransferSpoilage":false,"TransferUsage":false,"TransformInto":{"m_FileID":0,"m_PathID":0},"UsageChange":{"x":0.0,"y":0.0}},"RequiredCardsOnBoard":[],"RequiredReceivingContainer":[],"RequiredReceivingContainerTag":[],"RequiredReceivingDurabilities":{"FailMessage":{"DefaultText":"","LocalizationKey":"","ParentObjectID":""},"HideActionIfNotMet":false,"RequiredFuelPercent":{"Active":false,"FloatValue":0.0,"MaxValue":0.0},"RequiredLiquidQuantity":0.0,"RequiredProgressPercent":{"Active":false,"FloatValue":0.0,"MaxValue":0.0},"RequiredSpecial1Percent":{"Active":false,"FloatValue":0.0,"MaxValue":0.0},"RequiredSpecial2Percent":{"Active":false,"FloatValue":0.0,"MaxValue":0.0},"RequiredSpecial3Percent":{"Active":false,"FloatValue":0.0,"MaxValue":0.0},"RequiredSpecial4Percent":{"Active":false,"FloatValue":0.0,"MaxValue":0.0},"RequiredSpoilagePercent":{"Active":false,"FloatValue":0.0,"MaxValue":0.0},"RequiredUsagePercent":{"Active":false,"FloatValue":0.0,"MaxValue":0.0}},"RequiredReceivingLiquidContent":{"IsActive":false,"RequiredGroup":{"m_FileID":0,"m_PathID":0},"RequiredLiquid":{"m_FileID":0,"m_PathID":0},"RequiredQuantity":{"x":0.0,"y":0.0}},"RequiredStatValues":[],"RequiredTagsOnBoard":[],"ResetWhenDone":{"m_FileID":0,"m_PathID":0},"SaveGame":false,"StackCompatible":false,"StatInterruptions":[],"StatModifications":[],"TravelToPreviousEnv":false,"UnavailableInDemo":false,"UseMiniTicks":0,"VictorySettings":{"SpecialEnding":false,"Victory":false,"VictoryMessage":{"DefaultText":"","LocalizationKey":"","ParentObjectID":""}}},"OnFullNotification":0,"OnZero":{"ActionDescription":{"DefaultText":"","LocalizationKey":"","ParentObjectID":""},"ActionLog":{"Category":{"m_FileID":0,"m_PathID":0},"LogText":{"DefaultText":"","LocalizationKey":"","ParentObjectID":""}},"ActionName":{"DefaultText":"\u4f5c\u7269\u5df2\u6b7b\u4ea1\uff01","LocalizationKey":"","ParentObjectID":""},"ActionSounds":[],"ActionTags":[],"BlueprintsFullUnlock":[],"Cancellable":false,"ConfirmPopup":false,"CustomDestroyMessage":{"DefaultText":"","LocalizationKey":"","ParentObjectID":""},"CustomWindowPrefab":{"m_FileID":0,"m_PathID":0},"DaytimeCost":0,"DisablePitchVariation":false,"DontShowDestroyMessage":false,"ExtraDurabilityModifications":[],"FadeMessage":{"DefaultText":"","LocalizationKey":"","ParentObjectID":""},"FadeTips":false,"FadeToBlack":0,"InstantStatModifications":false,"NoCardsAffectedMessage":{"DefaultText":"","LocalizationKey":"","ParentObjectID":""},"NotBaseAction":false,"NoveltyShared":false,"ProducedCards":[],"ReceivingCardChanges":{"ChargesChange":{"x":0.0,"y":0.0},"DropOnDestroyList":false,"FuelChange":{"x":0.0,"y":0.0},"LiquidEffectScaling":0,"LiquidQuantityChange":{"x":0.0,"y":0.0},"ModType":2,"ModifyDurability":false,"ModifyLiquid":false,"Special1Change":{"x":0.0,"y":0.0},"Special2Change":{"x":0.0,"y":0.0},"Special3Change":{"x":0.0,"y":0.0},"Special4Change":{"x":0.0,"y":0.0},"SpoilageChange":{"x":0.0,"y":0.0},"TransformIntoWarpData":"dc389072c6436b01e019af8a4a072f6c","TransferCharges":false,"TransferFuel":true,"TransferInventory":false,"TransferLiquid":false,"TransferSpecial1":false,"TransferSpecial2":false,"TransferSpecial3":false,"TransferSpecial4":false,"TransferSpoilage":true,"TransferUsage":false,"TransformInto":{"m_FileID":0,"m_PathID":0},"UsageChange":{"x":0.0,"y":0.0},"TransformIntoWarpType":3},"RequiredCardsOnBoard":[],"RequiredReceivingContainer":[],"RequiredReceivingContainerTag":[],"RequiredReceivingDurabilities":{"FailMessage":{"DefaultText":"","LocalizationKey":"","ParentObjectID":""},"HideActionIfNotMet":false,"RequiredFuelPercent":{"Active":false,"FloatValue":0.0,"MaxValue":0.0},"RequiredLiquidQuantity":0.0,"RequiredProgressPercent":{"Active":false,"FloatValue":0.0,"MaxValue":0.0},"RequiredSpecial1Percent":{"Active":false,"FloatValue":0.0,"MaxValue":0.0},"RequiredSpecial2Percent":{"Active":false,"FloatValue":0.0,"MaxValue":0.0},"RequiredSpecial3Percent":{"Active":false,"FloatValue":0.0,"MaxValue":0.0},"RequiredSpecial4Percent":{"Active":false,"FloatValue":0.0,"MaxValue":0.0},"RequiredSpoilagePercent":{"Active":false,"FloatValue":0.0,"MaxValue":0.0},"RequiredUsagePercent":{"Active":false,"FloatValue":0.0,"MaxValue":0.0}},"RequiredReceivingLiquidContent":{"IsActive":false,"RequiredGroup":{"m_FileID":0,"m_PathID":0},"RequiredLiquid":{"m_FileID":0,"m_PathID":0},"RequiredQuantity":{"x":0.0,"y":0.0}},"RequiredStatValues":[],"RequiredTagsOnBoard":[],"ResetWhenDone":{"m_FileID":0,"m_PathID":0},"SaveGame":false,"StackCompatible":false,"StatInterruptions":[],"StatModifications":[],"TravelToPreviousEnv":false,"UnavailableInDemo":false,"UseMiniTicks":0,"VictorySettings":{"SpecialEnding":false,"Victory":false,"VictoryMessage":{"DefaultText":"","LocalizationKey":"","ParentObjectID":""}}},"OnZeroNotification":1,"OverrideIcon":{"m_FileID":0,"m_PathID":0},"RatePerDaytimePoint":0.0,"ShowPopupOnFull":false,"ShowPopupOnZero":false,"TextDisplay":0,"OverrideIconWarpType":3,"OverrideIconWarpData":"Health"},"VisualEffects":[],"WeatherEffects":{"m_FileID":0,"m_PathID":0},"WeightReductionWhenEquipped":0.0,"ActionRange":0,"AmmoNeeded":[],"AmmoUsageCost":0.0,"AppliesCoverWhenEquipped":false,"ArmorValues":{"HeadArmor":0.0,"HeadArmorModifiers":[],"HeadHitProbabilityModifier":0.0,"LArmArmor":0.0,"LArmArmorModifiers":[],"LArmHitProbabilityModifier":0.0,"LLegArmor":0.0,"LLegArmorModifiers":[],"LLegHitProbabilityModifier":0.0,"RArmArmor":0.0,"RArmArmorModifiers":[],"RArmHitProbabilityModifier":0.0,"RLegArmor":0.0,"RLegArmorModifiers":[],"RLegHitProbabilityModifier":0.0,"TorsoArmor":0.0,"TorsoArmorModifiers":[],"TorsoHitProbabilityModifier":0.0},"BaseClashValue":{"x":0.0,"y":0.0},"BrokenDuringCombatLog":{"LogText":{"ParentObjectID":"","LocalizationKey":"","DefaultText":""},"AlternateLogTexts":[],"TextSettings":{"Active":false,"Bold":false,"Italics":false,"Underlined":false},"TextColor":{"Active":false,"ColorValue":{"r":0.0,"g":0.0,"b":0.0,"a":0.0}},"ScreenShake":false,"SoundEffects":[]},"ClashIneffectiveRangeMalus":{"x":0.0,"y":0.0},"ClashRangedInaccuracy":{"x":0.0,"y":0.0},"ClashStealthBonus":{"x":0.0,"y":0.0},"ClashVsEscapeBonus":{"x":0.0,"y":0.0},"DamageTypes":[],"EnemyAddedCover":0.0,"EnemyAddedStealth":0.0,"EnemyCoverHitProbabilityModifiers":{"HeadHitProbabilityModifier":0.0,"LArmHitProbabilityModifier":0.0,"LLegHitProbabilityModifier":0.0,"RArmHitProbabilityModifier":0.0,"RLegHitProbabilityModifier":0.0,"TorsoHitProbabilityModifier":0.0},"IsAmmo":false,"IsArmor":false,"IsCover":false,"IsWeapon":false,"PlayerAddedCover":0.0,"PlayerAddedStealth":0.0,"PlayerCoverHitProbabilityModifiers":{"HeadHitProbabilityModifier":0.0,"LArmHitProbabilityModifier":0.0,"LLegHitProbabilityModifier":0.0,"RArmHitProbabilityModifier":0.0,"RLegHitProbabilityModifier":0.0,"TorsoHitProbabilityModifier":0.0},"RequiredDistance":0,"WeaponActionStatChanges":[],"WeaponClashStatInfluences":[],"WeaponDamage":{"x":0.0,"y":0.0},"WeaponDamageStatInfluences":[],"WeaponIneffectiveCombatLog":{"LogText":{"ParentObjectID":"","LocalizationKey":"","DefaultText":""},"AlternateLogTexts":[],"TextSettings":{"Active":false,"Bold":false,"Italics":false,"Underlined":false},"TextColor":{"Active":false,"ColorValue":{"r":0.0,"g":0.0,"b":0.0,"a":0.0}},"ScreenShake":false,"SoundEffects":[]},"WeaponReach":0.0}