{"CardName":{"DefaultText":"\u6bd4\u76ee\u9c7c","LocalizationKey":"","ParentObjectID":""},"CardDescription":{"DefaultText":"\u505a\u719f\u540e\u5473\u9053\u4f1a\u66f4\u597d\u3002","LocalizationKey":"","ParentObjectID":""},"CardTags":[],"CardTagsWarpData":["tag_Cookable","tag_Feed","tag_Meat","tag_RawFish","tag_Fish","tag_ProteinsMedium","\u6c99\u6f20\u9c7c\u8089"],"CardTagsWarpType":3,"CardType":0,"ActiveCounters":[],"AffectStatsOnlyOnBase":false,"AffectStatsOnlyWhenEquipped":false,"AffectStatsOnlyWhenNotInBackground":false,"AlwaysUpdate":false,"DmgVsEscapeBonus":{"x":0.0,"y":0.0},"Ambience":{"AmbienceConditions":{"FuelRange":{"x":0.0,"y":0.0},"LiquidQuantityRange":{"x":0.0,"y":0.0},"ProgressRange":{"x":0.0,"y":0.0},"Special1Range":{"x":0.0,"y":0.0},"Special2Range":{"x":0.0,"y":0.0},"Special3Range":{"x":0.0,"y":0.0},"Special4Range":{"x":0.0,"y":0.0},"SpoilageRange":{"x":0.0,"y":0.0},"UsageRange":{"x":0.0,"y":0.0}},"BackgroundSound":{"m_FileID":0,"m_PathID":0},"RandomNoises":[]},"BPRandomSingleDrop":false,"BaseBackground":{"m_FileID":0,"m_PathID":0},"BlueprintActionTags":[],"BlueprintCardConditions":[],"BlueprintCardModifications":[],"BlueprintFinishedLog":{"Category":{"m_FileID":0,"m_PathID":0},"LogText":{"DefaultText":"","LocalizationKey":"","ParentObjectID":""}},"BlueprintResult":[],"BlueprintStages":[],"BlueprintStatConditions":[],"BlueprintStatModifications":[],"BlueprintTagConditions":[],"BlueprintUnlockSunsCost":0.0,"BuildSounds":[],"BuildingCardConditions":[],"BuildingDaytimeCost":0,"BuildingStatConditions":[],"BuildingTagConditions":[],"CanBeRenamed":false,"CanDragItemsToTravel":false,"CannotBeTrashed":false,"CannotEmpty":false,"CannotSpawnDuringTickCatchup":false,"CardBackground":{"m_FileID":0,"m_PathID":0},"CardBackgroundWarpData":"BG_SandTop","CardBackgroundWarpType":3,"CardImage":{"m_FileID":0,"m_PathID":0},"CardImageWarpData":"\u6bd4\u76ee\u9c7c","CardImageWarpType":3,"CardInteractions":[{"ActionDescription":{"DefaultText":"","LocalizationKey":"","ParentObjectID":""},"ActionLog":{"LogText":{"DefaultText":"<nobr=\"065301376ee6e40156e13f5958b968ab(i0)\"><nobr>\u6bd4\u76ee\u9c7c\u814c\u5236\u3002","LocalizationKey":"","ParentObjectID":""},"Category":{"m_FileID":0,"m_PathID":0}},"ActionName":{"DefaultText":"\u814c\u5236","LocalizationKey":"","ParentObjectID":""},"ActionSounds":[],"ActionTags":[],"ActionTagsWarpData":["HandAction"],"ActionTagsWarpType":3,"BlueprintsFullUnlock":[],"Cancellable":false,"CarryOverGivenCard":false,"CompatibleCards":{"TriggerCards":[],"TriggerTags":[],"TriggerCardsWarpData":["c413ec70abe55dcaf1b0f97399896162"],"TriggerCardsWarpType":3},"ConfirmPopup":false,"CreatedLiquidInGivenCard":{"LiquidCard":{"m_FileID":0,"m_PathID":0},"Quantity":{"x":0.0,"y":0.0}},"CustomDestroyMessage":{"DefaultText":"","LocalizationKey":"","ParentObjectID":""},"CustomWindowPrefab":{"m_FileID":0,"m_PathID":0},"DaytimeCost":1,"DisablePitchVariation":false,"DontShowDestroyMessage":false,"ExtraDurabilityModifications":[],"FadeMessage":{"DefaultText":"","LocalizationKey":"","ParentObjectID":""},"FadeTips":false,"FadeToBlack":0,"StackStopConditions":{"SpoilageIsFull":false,"SpoilageIsEmpty":false,"UsageIsFull":false,"UsageIsEmpty":false,"FuelIsFull":false,"FuelIsEmpty":false,"ProgressIsFull":false,"ProgressIsEmpty":false,"Special1IsFull":false,"Special1IsEmpty":false,"Special2IsFull":false,"Special2IsEmpty":false,"Special3IsFull":false,"Special3IsEmpty":false,"Special4IsFull":false,"Special4IsEmpty":false,"LocationWeightIsFull":false},"GivenCardChanges":{"ChargesChange":{"x":0.0,"y":0.0},"DropOnDestroyList":false,"FuelChange":{"x":0.0,"y":0.0},"LiquidEffectScaling":0,"LiquidQuantityChange":{"x":0.0,"y":0.0},"ModType":3,"ModifyDurability":false,"ModifyLiquid":false,"Special1Change":{"x":0.0,"y":0.0},"Special2Change":{"x":0.0,"y":0.0},"Special3Change":{"x":0.0,"y":0.0},"Special4Change":{"x":0.0,"y":0.0},"SpoilageChange":{"x":0.0,"y":0.0},"TransformIntoWarpData":"","TransferCharges":false,"TransferFuel":false,"TransferInventory":false,"TransferLiquid":false,"TransferSpecial1":false,"TransferSpecial2":false,"TransferSpecial3":false,"TransferSpecial4":false,"TransferSpoilage":false,"TransferUsage":false,"TransformInto":{"m_FileID":0,"m_PathID":0},"UsageChange":{"x":0.0,"y":0.0}},"InstantStatModifications":false,"NoCardsAffectedMessage":{"DefaultText":"","LocalizationKey":"","ParentObjectID":""},"NotBaseAction":false,"NoveltyShared":false,"ProducedCards":[],"ReceivingCardChanges":{"ChargesChange":{"x":0.0,"y":0.0},"DropOnDestroyList":false,"FuelChange":{"x":0.0,"y":0.0},"LiquidEffectScaling":0,"LiquidQuantityChange":{"x":0.0,"y":0.0},"ModType":2,"ModifyDurability":false,"ModifyLiquid":false,"Special1Change":{"x":0.0,"y":0.0},"Special2Change":{"x":0.0,"y":0.0},"Special3Change":{"x":0.0,"y":0.0},"Special4Change":{"x":0.0,"y":0.0},"SpoilageChange":{"x":0.0,"y":0.0},"TransformIntoWarpData":"8bc3ca62b2d18623d9ef84b756e2bffe","TransferCharges":false,"TransferFuel":false,"TransferInventory":false,"TransferLiquid":false,"TransferSpecial1":false,"TransferSpecial2":false,"TransferSpecial3":false,"TransferSpecial4":false,"TransferSpoilage":false,"TransferUsage":false,"TransformInto":{"m_FileID":0,"m_PathID":0},"UsageChange":{"x":0.0,"y":0.0},"TransformIntoWarpType":3},"RequiredCardsOnBoard":[],"RequiredGivenContainer":[],"RequiredGivenContainerTag":[],"RequiredGivenDurabilities":{"FailMessage":{"DefaultText":"","LocalizationKey":"","ParentObjectID":""},"HideActionIfNotMet":false,"RequiredFuelPercent":{"Active":false,"FloatValue":0.0,"MaxValue":0.0},"RequiredLiquidQuantity":0.0,"RequiredProgressPercent":{"Active":false,"FloatValue":0.0,"MaxValue":0.0},"RequiredSpecial1Percent":{"Active":false,"FloatValue":0.0,"MaxValue":0.0},"RequiredSpecial2Percent":{"Active":false,"FloatValue":0.0,"MaxValue":0.0},"RequiredSpecial3Percent":{"Active":false,"FloatValue":0.0,"MaxValue":0.0},"RequiredSpecial4Percent":{"Active":false,"FloatValue":0.0,"MaxValue":0.0},"RequiredSpoilagePercent":{"Active":false,"FloatValue":0.0,"MaxValue":0.0},"RequiredUsagePercent":{"Active":false,"FloatValue":0.0,"MaxValue":0.0}},"RequiredGivenLiquidContent":{"IsActive":false,"RequiredGroup":{"m_FileID":0,"m_PathID":0},"RequiredLiquid":{"m_FileID":0,"m_PathID":0},"RequiredQuantity":{"x":0.0,"y":0.0}},"RequiredReceivingContainer":[],"RequiredReceivingContainerTag":[],"RequiredReceivingDurabilities":{"FailMessage":{"DefaultText":"","LocalizationKey":"","ParentObjectID":""},"HideActionIfNotMet":false,"RequiredFuelPercent":{"Active":false,"FloatValue":0.0,"MaxValue":0.0},"RequiredLiquidQuantity":0.0,"RequiredProgressPercent":{"Active":false,"FloatValue":0.0,"MaxValue":0.0},"RequiredSpecial1Percent":{"Active":false,"FloatValue":0.0,"MaxValue":0.0},"RequiredSpecial2Percent":{"Active":false,"FloatValue":0.0,"MaxValue":0.0},"RequiredSpecial3Percent":{"Active":false,"FloatValue":0.0,"MaxValue":0.0},"RequiredSpecial4Percent":{"Active":false,"FloatValue":0.0,"MaxValue":0.0},"RequiredSpoilagePercent":{"Active":false,"FloatValue":0.0,"MaxValue":0.0},"RequiredUsagePercent":{"Active":false,"FloatValue":0.0,"MaxValue":0.0}},"RequiredReceivingLiquidContent":{"IsActive":false,"RequiredGroup":{"m_FileID":0,"m_PathID":0},"RequiredLiquid":{"m_FileID":0,"m_PathID":0},"RequiredQuantity":{"x":0.0,"y":0.0}},"RequiredStatValues":[{"HideAllWhenNotMet":false,"NotifyWhenNotMet":true,"Stat":{"m_FileID":0,"m_PathID":0},"StatWarpData":"79290cafb08e48f4d871704c20e69b1c","StatWarpType":3,"TriggerRange":{"x":10.0,"y":100.0}}],"RequiredTagsOnBoard":[],"ResetWhenDone":{"m_FileID":0,"m_PathID":0},"SaveGame":false,"StackCompatible":false,"StatInterruptions":[],"StatModifications":[],"TravelToPreviousEnv":false,"UnavailableInDemo":false,"UseMiniTicks":2,"VictorySettings":{"SpecialEnding":false,"Victory":false,"VictoryMessage":{"DefaultText":"","LocalizationKey":"","ParentObjectID":""}},"WorksBothWays":false},{"ActionDescription":{"DefaultText":"","LocalizationKey":"","ParentObjectID":""},"ActionLog":{"LogText":{"DefaultText":"<nobr=\"065301376ee6e40156e13f5958b968ab(i1)\"><nobr>\u6bd4\u76ee\u9c7c\u5236\u4f5c\u8bf1\u9975\u3002","LocalizationKey":"","ParentObjectID":""},"Category":{"m_FileID":0,"m_PathID":0}},"ActionName":{"DefaultText":"\u5236\u4f5c\u8bf1\u9975","LocalizationKey":"","ParentObjectID":""},"ActionSounds":[],"ActionTags":[],"ActionTagsWarpData":["HandAction"],"ActionTagsWarpType":3,"BlueprintsFullUnlock":[],"Cancellable":false,"CarryOverGivenCard":false,"CompatibleCards":{"TriggerCards":[],"TriggerTags":[],"TriggerTagsWarpData":["tag_Cutter"],"TriggerTagsWarpType":3},"ConfirmPopup":false,"CreatedLiquidInGivenCard":{"LiquidCard":{"m_FileID":0,"m_PathID":0},"Quantity":{"x":0.0,"y":0.0}},"CustomDestroyMessage":{"DefaultText":"","LocalizationKey":"","ParentObjectID":""},"CustomWindowPrefab":{"m_FileID":0,"m_PathID":0},"DaytimeCost":1,"DisablePitchVariation":false,"DontShowDestroyMessage":false,"ExtraDurabilityModifications":[],"FadeMessage":{"DefaultText":"","LocalizationKey":"","ParentObjectID":""},"FadeTips":false,"FadeToBlack":0,"StackStopConditions":{"SpoilageIsFull":false,"SpoilageIsEmpty":false,"UsageIsFull":false,"UsageIsEmpty":false,"FuelIsFull":false,"FuelIsEmpty":false,"ProgressIsFull":false,"ProgressIsEmpty":false,"Special1IsFull":false,"Special1IsEmpty":false,"Special2IsFull":false,"Special2IsEmpty":false,"Special3IsFull":false,"Special3IsEmpty":false,"Special4IsFull":false,"Special4IsEmpty":false,"LocationWeightIsFull":false},"GivenCardChanges":{"ChargesChange":{"x":0.0,"y":0.0},"DropOnDestroyList":false,"FuelChange":{"x":0.0,"y":0.0},"LiquidEffectScaling":0,"LiquidQuantityChange":{"x":0.0,"y":0.0},"ModType":1,"ModifyDurability":false,"ModifyLiquid":false,"Special1Change":{"x":0.0,"y":0.0},"Special2Change":{"x":0.0,"y":0.0},"Special3Change":{"x":0.0,"y":0.0},"Special4Change":{"x":0.0,"y":0.0},"SpoilageChange":{"x":0.0,"y":0.0},"TransformIntoWarpData":"","TransferCharges":false,"TransferFuel":false,"TransferInventory":false,"TransferLiquid":false,"TransferSpecial1":false,"TransferSpecial2":false,"TransferSpecial3":false,"TransferSpecial4":false,"TransferSpoilage":false,"TransferUsage":false,"TransformInto":{"m_FileID":0,"m_PathID":0},"UsageChange":{"x":-1.0,"y":-1.0}},"InstantStatModifications":false,"NoCardsAffectedMessage":{"DefaultText":"","LocalizationKey":"","ParentObjectID":""},"NotBaseAction":false,"NoveltyShared":false,"ProducedCards":[{"CardDropChanceModifiers":[],"CollectionMessages":[],"CollectionName":"Slices","CollectionUses":{"x":0,"y":0},"CollectionWeight":1,"CreatedLiquid":{"LiquidCard":{"m_FileID":0,"m_PathID":0},"Quantity":{}},"DroppedCards":[{"DroppedCard":{"m_FileID":0,"m_PathID":0},"DroppedCardWarpData":"ec0f203ea77c79741a70170a2c42e202","DroppedCardWarpType":3,"Quantity":{"x":8.0,"y":8.0}},{"DroppedCard":{"m_FileID":0,"m_PathID":0},"DroppedCardWarpData":"b25f1f9bfc2a0bc44a93079ed02cb43f","DroppedCardWarpType":3,"Quantity":{"x":2.0,"y":2.0}}],"DroppedEncounter":{"m_FileID":0,"m_PathID":0},"DroppedEncounterWarpData":"","DroppedEncounterWarpType":3,"DurabilitiesDropChanceModifier":{"Fuel":{"DurabilityRange":{},"InterpWeightRange":{}},"Progress":{"DurabilityRange":{},"InterpWeightRange":{}},"Special1":{"DurabilityRange":{},"InterpWeightRange":{}},"Special2":{"DurabilityRange":{},"InterpWeightRange":{}},"Special3":{"DurabilityRange":{},"InterpWeightRange":{}},"Special4":{"DurabilityRange":{},"InterpWeightRange":{}},"Spoilage":{"DurabilityRange":{},"InterpWeightRange":{}},"Usage":{"DurabilityRange":{},"InterpWeightRange":{}}},"DurabilityModifications":{"ChargesChange":{},"FuelChange":{},"Special1Change":{},"Special2Change":{},"Special3Change":{},"Special4Change":{},"SpoilageChange":{},"UsageChange":{}},"StatModifications":[],"StatsDropChanceModifiers":[]}],"ReceivingCardChanges":{"ChargesChange":{"x":0.0,"y":0.0},"DropOnDestroyList":false,"FuelChange":{"x":0.0,"y":0.0},"LiquidEffectScaling":0,"LiquidQuantityChange":{"x":0.0,"y":0.0},"ModType":3,"ModifyDurability":false,"ModifyLiquid":false,"Special1Change":{"x":0.0,"y":0.0},"Special2Change":{"x":0.0,"y":0.0},"Special3Change":{"x":0.0,"y":0.0},"Special4Change":{"x":0.0,"y":0.0},"SpoilageChange":{"x":0.0,"y":0.0},"TransformIntoWarpData":"","TransferCharges":false,"TransferFuel":false,"TransferInventory":false,"TransferLiquid":false,"TransferSpecial1":false,"TransferSpecial2":false,"TransferSpecial3":false,"TransferSpecial4":false,"TransferSpoilage":false,"TransferUsage":false,"TransformInto":{"m_FileID":0,"m_PathID":0},"UsageChange":{"x":0.0,"y":0.0}},"RequiredCardsOnBoard":[],"RequiredGivenContainer":[],"RequiredGivenContainerTag":[],"RequiredGivenDurabilities":{"FailMessage":{"DefaultText":"","LocalizationKey":"","ParentObjectID":""},"HideActionIfNotMet":false,"RequiredFuelPercent":{"Active":false,"FloatValue":0.0,"MaxValue":0.0},"RequiredLiquidQuantity":0.0,"RequiredProgressPercent":{"Active":false,"FloatValue":0.0,"MaxValue":0.0},"RequiredSpecial1Percent":{"Active":false,"FloatValue":0.0,"MaxValue":0.0},"RequiredSpecial2Percent":{"Active":false,"FloatValue":0.0,"MaxValue":0.0},"RequiredSpecial3Percent":{"Active":false,"FloatValue":0.0,"MaxValue":0.0},"RequiredSpecial4Percent":{"Active":false,"FloatValue":0.0,"MaxValue":0.0},"RequiredSpoilagePercent":{"Active":false,"FloatValue":0.0,"MaxValue":0.0},"RequiredUsagePercent":{"Active":false,"FloatValue":0.0,"MaxValue":0.0}},"RequiredGivenLiquidContent":{"IsActive":false,"RequiredGroup":{"m_FileID":0,"m_PathID":0},"RequiredLiquid":{"m_FileID":0,"m_PathID":0},"RequiredQuantity":{"x":0.0,"y":0.0}},"RequiredReceivingContainer":[],"RequiredReceivingContainerTag":[],"RequiredReceivingDurabilities":{"FailMessage":{"DefaultText":"","LocalizationKey":"","ParentObjectID":""},"HideActionIfNotMet":false,"RequiredFuelPercent":{"Active":false,"FloatValue":0.0,"MaxValue":0.0},"RequiredLiquidQuantity":0.0,"RequiredProgressPercent":{"Active":false,"FloatValue":0.0,"MaxValue":0.0},"RequiredSpecial1Percent":{"Active":false,"FloatValue":0.0,"MaxValue":0.0},"RequiredSpecial2Percent":{"Active":false,"FloatValue":0.0,"MaxValue":0.0},"RequiredSpecial3Percent":{"Active":false,"FloatValue":0.0,"MaxValue":0.0},"RequiredSpecial4Percent":{"Active":false,"FloatValue":0.0,"MaxValue":0.0},"RequiredSpoilagePercent":{"Active":false,"FloatValue":0.0,"MaxValue":0.0},"RequiredUsagePercent":{"Active":false,"FloatValue":0.0,"MaxValue":0.0}},"RequiredReceivingLiquidContent":{"IsActive":false,"RequiredGroup":{"m_FileID":0,"m_PathID":0},"RequiredLiquid":{"m_FileID":0,"m_PathID":0},"RequiredQuantity":{"x":0.0,"y":0.0}},"RequiredStatValues":[{"HideAllWhenNotMet":false,"NotifyWhenNotMet":true,"Stat":{"m_FileID":0,"m_PathID":0},"StatWarpData":"79290cafb08e48f4d871704c20e69b1c","StatWarpType":3,"TriggerRange":{"x":10.0,"y":100.0}}],"RequiredTagsOnBoard":[],"ResetWhenDone":{"m_FileID":0,"m_PathID":0},"SaveGame":false,"StackCompatible":false,"StatInterruptions":[],"StatModifications":[],"TravelToPreviousEnv":false,"UnavailableInDemo":false,"UseMiniTicks":2,"VictorySettings":{"SpecialEnding":false,"Victory":false,"VictoryMessage":{"DefaultText":"","LocalizationKey":"","ParentObjectID":""}},"WorksBothWays":false}],"CardsOnBoard":[],"CarriesOverTo":[],"CompletedObjectives":[],"ContainedLiquidTransform":{"m_FileID":0,"m_PathID":0},"ContentWeightReduction":0.0,"CookingConditions":{"CookingPausedNotification":{"DefaultText":"","LocalizationKey":"","ParentObjectID":""},"CookingPausedSound":{"m_FileID":0,"m_PathID":0},"ExtraFuelRate":0.0,"ExtraProgressRate":0.0,"ExtraSpecial1Rate":0.0,"ExtraSpecial2Rate":0.0,"ExtraSpecial3Rate":0.0,"ExtraSpecial4Rate":0.0,"ExtraSpoilageRate":0.0,"ExtraUsageRate":0.0,"NeedsFuel":false,"NeedsProgress":false,"NeedsSpecial1":false,"NeedsSpecial2":false,"NeedsSpecial3":false,"NeedsSpecial4":false,"NeedsSpoilage":false,"NeedsUsage":false},"CookingRecipes":[],"CookingSprite":{"m_FileID":0,"m_PathID":0},"DeconstructDaytimeCost":0,"DeconstructSounds":[],"DefaultEnvCards":[],"DefaultLiquidContained":{"LiquidCard":{"m_FileID":0,"m_PathID":0},"Quantity":{"x":0.0,"y":0.0}},"DefaultLiquidImage":{"m_FileID":0,"m_PathID":0},"DismantleActions":[{"ActionDescription":{"DefaultText":"","LocalizationKey":"","ParentObjectID":""},"ActionLog":{"LogText":{"DefaultText":"<nobr=\"065301376ee6e40156e13f5958b968ab(d0)\"><nobr>\u6bd4\u76ee\u9c7c\u98df\u7528\u3002","LocalizationKey":"","ParentObjectID":""},"Category":{"m_FileID":0,"m_PathID":0}},"ActionName":{"DefaultText":"\u98df\u7528","LocalizationKey":"","ParentObjectID":""},"ActionSounds":[],"ActionTags":[],"ActionTagsWarpData":["CarnivorousAction","EatingAction"],"ActionTagsWarpType":3,"AlwaysShow":false,"BlueprintsFullUnlock":[],"Cancellable":false,"ConfirmPopup":false,"CustomDestroyMessage":{"DefaultText":"","LocalizationKey":"","ParentObjectID":""},"CustomWindowPrefab":{"m_FileID":0,"m_PathID":0},"DaytimeCost":1,"DisablePitchVariation":false,"DontCloseInspectionWindow":false,"DontShowDestroyMessage":false,"ExplorationValue":0.0,"ExtraDurabilityModifications":[],"FadeMessage":{"DefaultText":"","LocalizationKey":"","ParentObjectID":""},"FadeTips":false,"FadeToBlack":0,"InstantStatModifications":false,"MinMaxExplorationDrops":{"x":0,"y":0},"NoCardsAffectedMessage":{"DefaultText":"","LocalizationKey":"","ParentObjectID":""},"NotBaseAction":false,"NoveltyShared":false,"PerformUponInspection":false,"ProducedCards":[{"CardDropChanceModifiers":[],"CollectionMessages":[],"CollectionName":"Scraps","CollectionUses":{"x":0,"y":0},"CollectionWeight":0,"CreatedLiquid":{"LiquidCard":{"m_FileID":0,"m_PathID":0},"Quantity":{}},"DroppedCards":[{"DroppedCard":{"m_FileID":0,"m_PathID":0},"DroppedCardWarpData":"b25f1f9bfc2a0bc44a93079ed02cb43f","DroppedCardWarpType":3,"Quantity":{"x":2.0,"y":2.0}}],"DroppedEncounter":{"m_FileID":0,"m_PathID":0},"DroppedEncounterWarpData":"","DroppedEncounterWarpType":3,"DurabilitiesDropChanceModifier":{"Fuel":{"DurabilityRange":{},"InterpWeightRange":{}},"Progress":{"DurabilityRange":{},"InterpWeightRange":{}},"Special1":{"DurabilityRange":{},"InterpWeightRange":{}},"Special2":{"DurabilityRange":{},"InterpWeightRange":{}},"Special3":{"DurabilityRange":{},"InterpWeightRange":{}},"Special4":{"DurabilityRange":{},"InterpWeightRange":{}},"Spoilage":{"DurabilityRange":{},"InterpWeightRange":{}},"Usage":{"DurabilityRange":{},"InterpWeightRange":{}}},"DurabilityModifications":{"ChargesChange":{},"FuelChange":{},"Special1Change":{},"Special2Change":{},"Special3Change":{},"Special4Change":{},"SpoilageChange":{},"UsageChange":{}},"StatModifications":[],"StatsDropChanceModifiers":[]}],"ReceivingCardChanges":{"ChargesChange":{"x":0.0,"y":0.0},"DropOnDestroyList":false,"FuelChange":{"x":0.0,"y":0.0},"LiquidEffectScaling":0,"LiquidQuantityChange":{"x":0.0,"y":0.0},"ModType":3,"ModifyDurability":false,"ModifyLiquid":false,"Special1Change":{"x":0.0,"y":0.0},"Special2Change":{"x":0.0,"y":0.0},"Special3Change":{"x":0.0,"y":0.0},"Special4Change":{"x":0.0,"y":0.0},"SpoilageChange":{"x":0.0,"y":0.0},"TransformIntoWarpData":"","TransferCharges":false,"TransferFuel":false,"TransferInventory":false,"TransferLiquid":false,"TransferSpecial1":false,"TransferSpecial2":false,"TransferSpecial3":false,"TransferSpecial4":false,"TransferSpoilage":false,"TransferUsage":false,"TransformInto":{"m_FileID":0,"m_PathID":0},"UsageChange":{"x":0.0,"y":0.0}},"RequiredCardsOnBoard":[],"RequiredReceivingContainer":[],"RequiredReceivingContainerTag":[],"RequiredReceivingDurabilities":{"FailMessage":{"DefaultText":"","LocalizationKey":"","ParentObjectID":""},"HideActionIfNotMet":false,"RequiredFuelPercent":{"Active":false,"FloatValue":0.0,"MaxValue":0.0},"RequiredLiquidQuantity":0.0,"RequiredProgressPercent":{"Active":false,"FloatValue":0.0,"MaxValue":0.0},"RequiredSpecial1Percent":{"Active":false,"FloatValue":0.0,"MaxValue":0.0},"RequiredSpecial2Percent":{"Active":false,"FloatValue":0.0,"MaxValue":0.0},"RequiredSpecial3Percent":{"Active":false,"FloatValue":0.0,"MaxValue":0.0},"RequiredSpecial4Percent":{"Active":false,"FloatValue":0.0,"MaxValue":0.0},"RequiredSpoilagePercent":{"Active":false,"FloatValue":0.0,"MaxValue":0.0},"RequiredUsagePercent":{"Active":false,"FloatValue":0.0,"MaxValue":0.0}},"RequiredReceivingLiquidContent":{"IsActive":false,"RequiredGroup":{"m_FileID":0,"m_PathID":0},"RequiredLiquid":{"m_FileID":0,"m_PathID":0},"RequiredQuantity":{"x":0.0,"y":0.0}},"RequiredStatValues":[],"RequiredTagsOnBoard":[],"ResetWhenDone":{"m_FileID":0,"m_PathID":0},"SaveGame":false,"StackCompatible":false,"StatInterruptions":[],"StatModifications":[{"ApplyEachTick":false,"InstantModifier":false,"IsInverse":false,"RateModifier":{"x":0,"y":0},"Stat":{"m_FileID":0,"m_PathID":0},"StatWarpData":"930cf914322e9f145af1315d96f85a28","StatWarpType":3,"ValueModifier":{"x":32.0,"y":32.0}},{"ApplyEachTick":false,"InstantModifier":false,"IsInverse":false,"RateModifier":{"x":0,"y":0},"Stat":{"m_FileID":0,"m_PathID":0},"StatWarpData":"7d345fd0f1ba4b440b1ca5190f6eb1b9","StatWarpType":3,"ValueModifier":{"x":23.0,"y":23.0}},{"ApplyEachTick":false,"InstantModifier":false,"IsInverse":false,"RateModifier":{"x":0,"y":0},"Stat":{"m_FileID":0,"m_PathID":0},"StatWarpData":"c589f92d8a479a24c937ea90fa2d1a82","StatWarpType":3,"ValueModifier":{"x":4.0,"y":4.0}},{"ApplyEachTick":false,"InstantModifier":false,"IsInverse":false,"RateModifier":{"x":0,"y":0},"Stat":{"m_FileID":0,"m_PathID":0},"StatWarpData":"4a27fb5da9326b545a5ef73f2b80316e","StatWarpType":3,"ValueModifier":{"x":-2.0,"y":-2.0}},{"ApplyEachTick":false,"InstantModifier":false,"IsInverse":false,"RateModifier":{"x":0,"y":0},"Stat":{"m_FileID":0,"m_PathID":0},"StatWarpData":"6ec9b937f01ba7744956eb669207a07b","StatWarpType":3,"ValueModifier":{"x":35.0,"y":35.0}},{"ApplyEachTick":false,"InstantModifier":false,"IsInverse":false,"RateModifier":{"x":0,"y":0},"Stat":{"m_FileID":0,"m_PathID":0},"StatWarpData":"111606ba528c30e4f8e38494f41b92c7","StatWarpType":3,"ValueModifier":{"x":5.0,"y":5.0}},{"ApplyEachTick":false,"InstantModifier":false,"IsInverse":false,"RateModifier":{"x":0,"y":0},"Stat":{"m_FileID":0,"m_PathID":0},"StatWarpData":"d83636ad7982ea14fa1f061e9166b424","StatWarpType":3,"ValueModifier":{"x":0.0,"y":100.0}},{"ApplyEachTick":false,"InstantModifier":false,"IsInverse":false,"RateModifier":{"x":0,"y":0},"Stat":{"m_FileID":0,"m_PathID":0},"StatWarpData":"3cca07dc92f73e44ea9e6ec72b77427b","StatWarpType":3,"ValueModifier":{"x":0.0,"y":150.0}},{"ApplyEachTick":false,"InstantModifier":false,"IsInverse":false,"RateModifier":{"x":0,"y":0},"Stat":{"m_FileID":0,"m_PathID":0},"StatWarpData":"c41e00302ea270c40937be4fd85a30e1","StatWarpType":3,"ValueModifier":{"x":20.0,"y":20.0}}],"TravelToPreviousEnv":false,"UnavailableInDemo":false,"UseMiniTicks":2,"VictorySettings":{"SpecialEnding":false,"Victory":false,"VictoryMessage":{"DefaultText":"","LocalizationKey":"","ParentObjectID":""}},"VisibilityWithInventory":0,"ActionSoundsWarpType":3,"ActionSoundsWarpData":["Eating"]}],"DoesNotPile":false,"DoesNotPinAutomatically":false,"DropFromTrashButton":false,"DroppedOnDestroy":[],"EffectsToInventoryContent":[],"EnvironmentDamages":[],"EnvironmentImprovements":[],"EquipmentTags":[],"ExclusivelyAcceptedLiquids":[],"ExplicitBlueprintNeeded":{"m_FileID":0,"m_PathID":0},"ExplorationResults":[],"FuelCapacity":{"Active":false,"CardStatName":{"DefaultText":"","LocalizationKey":"","ParentObjectID":""},"ExtraRateWhenEquipped":0.0,"FloatValue":0.0,"HasActionOnFull":false,"HasActionOnZero":false,"HidingOptions":0,"MaxValue":0.0,"OnFull":{"ActionDescription":{"DefaultText":"","LocalizationKey":"","ParentObjectID":""},"ActionLog":{"Category":{"m_FileID":0,"m_PathID":0},"LogText":{"DefaultText":"","LocalizationKey":"","ParentObjectID":""}},"ActionName":{"DefaultText":"","LocalizationKey":"","ParentObjectID":""},"ActionSounds":[],"ActionTags":[],"BlueprintsFullUnlock":[],"Cancellable":false,"ConfirmPopup":false,"CustomDestroyMessage":{"DefaultText":"","LocalizationKey":"","ParentObjectID":""},"CustomWindowPrefab":{"m_FileID":0,"m_PathID":0},"DaytimeCost":0,"DisablePitchVariation":false,"DontShowDestroyMessage":false,"ExtraDurabilityModifications":[],"FadeMessage":{"DefaultText":"","LocalizationKey":"","ParentObjectID":""},"FadeTips":false,"FadeToBlack":0,"InstantStatModifications":false,"NoCardsAffectedMessage":{"DefaultText":"","LocalizationKey":"","ParentObjectID":""},"NotBaseAction":false,"NoveltyShared":false,"ProducedCards":[],"ReceivingCardChanges":{"ChargesChange":{"x":0.0,"y":0.0},"DropOnDestroyList":false,"FuelChange":{"x":0.0,"y":0.0},"LiquidEffectScaling":0,"LiquidQuantityChange":{"x":0.0,"y":0.0},"ModType":0,"ModifyDurability":false,"ModifyLiquid":false,"Special1Change":{"x":0.0,"y":0.0},"Special2Change":{"x":0.0,"y":0.0},"Special3Change":{"x":0.0,"y":0.0},"Special4Change":{"x":0.0,"y":0.0},"SpoilageChange":{"x":0.0,"y":0.0},"TransferCharges":false,"TransferFuel":false,"TransferInventory":false,"TransferLiquid":false,"TransferSpecial1":false,"TransferSpecial2":false,"TransferSpecial3":false,"TransferSpecial4":false,"TransferSpoilage":false,"TransferUsage":false,"TransformInto":{"m_FileID":0,"m_PathID":0},"UsageChange":{"x":0.0,"y":0.0}},"RequiredCardsOnBoard":[],"RequiredReceivingContainer":[],"RequiredReceivingContainerTag":[],"RequiredReceivingDurabilities":{"FailMessage":{"DefaultText":"","LocalizationKey":"","ParentObjectID":""},"HideActionIfNotMet":false,"RequiredFuelPercent":{"Active":false,"FloatValue":0.0,"MaxValue":0.0},"RequiredLiquidQuantity":0.0,"RequiredProgressPercent":{"Active":false,"FloatValue":0.0,"MaxValue":0.0},"RequiredSpecial1Percent":{"Active":false,"FloatValue":0.0,"MaxValue":0.0},"RequiredSpecial2Percent":{"Active":false,"FloatValue":0.0,"MaxValue":0.0},"RequiredSpecial3Percent":{"Active":false,"FloatValue":0.0,"MaxValue":0.0},"RequiredSpecial4Percent":{"Active":false,"FloatValue":0.0,"MaxValue":0.0},"RequiredSpoilagePercent":{"Active":false,"FloatValue":0.0,"MaxValue":0.0},"RequiredUsagePercent":{"Active":false,"FloatValue":0.0,"MaxValue":0.0}},"RequiredReceivingLiquidContent":{"IsActive":false,"RequiredGroup":{"m_FileID":0,"m_PathID":0},"RequiredLiquid":{"m_FileID":0,"m_PathID":0},"RequiredQuantity":{"x":0.0,"y":0.0}},"RequiredStatValues":[],"RequiredTagsOnBoard":[],"ResetWhenDone":{"m_FileID":0,"m_PathID":0},"SaveGame":false,"StackCompatible":false,"StatInterruptions":[],"StatModifications":[],"TravelToPreviousEnv":false,"UnavailableInDemo":false,"UseMiniTicks":0,"VictorySettings":{"SpecialEnding":false,"Victory":false,"VictoryMessage":{"DefaultText":"","LocalizationKey":"","ParentObjectID":""}}},"OnFullNotification":0,"OnZero":{"ActionDescription":{"DefaultText":"","LocalizationKey":"","ParentObjectID":""},"ActionLog":{"Category":{"m_FileID":0,"m_PathID":0},"LogText":{"DefaultText":"","LocalizationKey":"","ParentObjectID":""}},"ActionName":{"DefaultText":"","LocalizationKey":"","ParentObjectID":""},"ActionSounds":[],"ActionTags":[],"BlueprintsFullUnlock":[],"Cancellable":false,"ConfirmPopup":false,"CustomDestroyMessage":{"DefaultText":"","LocalizationKey":"","ParentObjectID":""},"CustomWindowPrefab":{"m_FileID":0,"m_PathID":0},"DaytimeCost":0,"DisablePitchVariation":false,"DontShowDestroyMessage":false,"ExtraDurabilityModifications":[],"FadeMessage":{"DefaultText":"","LocalizationKey":"","ParentObjectID":""},"FadeTips":false,"FadeToBlack":0,"InstantStatModifications":false,"NoCardsAffectedMessage":{"DefaultText":"","LocalizationKey":"","ParentObjectID":""},"NotBaseAction":false,"NoveltyShared":false,"ProducedCards":[],"ReceivingCardChanges":{"ChargesChange":{"x":0.0,"y":0.0},"DropOnDestroyList":false,"FuelChange":{"x":0.0,"y":0.0},"LiquidEffectScaling":0,"LiquidQuantityChange":{"x":0.0,"y":0.0},"ModType":0,"ModifyDurability":false,"ModifyLiquid":false,"Special1Change":{"x":0.0,"y":0.0},"Special2Change":{"x":0.0,"y":0.0},"Special3Change":{"x":0.0,"y":0.0},"Special4Change":{"x":0.0,"y":0.0},"SpoilageChange":{"x":0.0,"y":0.0},"TransferCharges":false,"TransferFuel":false,"TransferInventory":false,"TransferLiquid":false,"TransferSpecial1":false,"TransferSpecial2":false,"TransferSpecial3":false,"TransferSpecial4":false,"TransferSpoilage":false,"TransferUsage":false,"TransformInto":{"m_FileID":0,"m_PathID":0},"UsageChange":{"x":0.0,"y":0.0}},"RequiredCardsOnBoard":[],"RequiredReceivingContainer":[],"RequiredReceivingContainerTag":[],"RequiredReceivingDurabilities":{"FailMessage":{"DefaultText":"","LocalizationKey":"","ParentObjectID":""},"HideActionIfNotMet":false,"RequiredFuelPercent":{"Active":false,"FloatValue":0.0,"MaxValue":0.0},"RequiredLiquidQuantity":0.0,"RequiredProgressPercent":{"Active":false,"FloatValue":0.0,"MaxValue":0.0},"RequiredSpecial1Percent":{"Active":false,"FloatValue":0.0,"MaxValue":0.0},"RequiredSpecial2Percent":{"Active":false,"FloatValue":0.0,"MaxValue":0.0},"RequiredSpecial3Percent":{"Active":false,"FloatValue":0.0,"MaxValue":0.0},"RequiredSpecial4Percent":{"Active":false,"FloatValue":0.0,"MaxValue":0.0},"RequiredSpoilagePercent":{"Active":false,"FloatValue":0.0,"MaxValue":0.0},"RequiredUsagePercent":{"Active":false,"FloatValue":0.0,"MaxValue":0.0}},"RequiredReceivingLiquidContent":{"IsActive":false,"RequiredGroup":{"m_FileID":0,"m_PathID":0},"RequiredLiquid":{"m_FileID":0,"m_PathID":0},"RequiredQuantity":{"x":0.0,"y":0.0}},"RequiredStatValues":[],"RequiredTagsOnBoard":[],"ResetWhenDone":{"m_FileID":0,"m_PathID":0},"SaveGame":false,"StackCompatible":false,"StatInterruptions":[],"StatModifications":[],"TravelToPreviousEnv":false,"UnavailableInDemo":false,"UseMiniTicks":0,"VictorySettings":{"SpecialEnding":false,"Victory":false,"VictoryMessage":{"DefaultText":"","LocalizationKey":"","ParentObjectID":""}}},"OnZeroNotification":0,"OverrideIcon":{"m_FileID":0,"m_PathID":0},"RatePerDaytimePoint":0.0,"ShowPopupOnFull":false,"ShowPopupOnZero":false,"TextDisplay":0},"InHandWhenEquipped":false,"InstancedEnvironment":false,"InventoryFilter":{"AcceptedCards":[],"AcceptedTags":[],"AcceptedTypes":[],"CardFilters":[],"NOTAcceptedCards":[],"NOTAcceptedTags":[],"NOTAcceptedTypes":[],"TagFilters":[]},"InventoryIsHidden":false,"InventorySlots":[],"InventorySlotsText":{"DefaultText":"","LocalizationKey":"","ParentObjectID":""},"IsDarkPlace":false,"IsHotPlace":false,"IsTravelCard":false,"KeepName":false,"LightSource":{"IsSourceOfLight":false,"LightColor":{"a":0.0,"b":0.0,"g":0.0,"r":0.0},"LightFlickerFreq":0.0,"LightFlickerStrength":0.0,"LightPos":{"x":0.0,"y":0.0},"LightSize":{"x":0.0,"y":0.0},"Priority":0.0},"LiquidEvaporationRate":0.0,"LiquidImages":[],"LiquidValidContainers":[],"LocalCounterEffects":[],"LocationsBackground":{"m_FileID":0,"m_PathID":0},"MaxLiquidCapacity":0.0,"MaxWeightCapacity":0.0,"NOTAcceptedLiquids":[],"ObjectWeight":140.0,"OnStatsChangeActions":[],"OnUnlockedLog":{"Category":{"m_FileID":0,"m_PathID":0},"LogText":{"DefaultText":"","LocalizationKey":"","ParentObjectID":""}},"PassiveEffects":[],"PassiveStatEffects":[],"Progress":{"Active":false,"CardStatName":{"DefaultText":"","LocalizationKey":"","ParentObjectID":""},"ExtraRateWhenEquipped":0.0,"FloatValue":0.0,"HasActionOnFull":false,"HasActionOnZero":false,"HidingOptions":0,"MaxValue":0.0,"OnFull":{"ActionDescription":{"DefaultText":"","LocalizationKey":"","ParentObjectID":""},"ActionLog":{"Category":{"m_FileID":0,"m_PathID":0},"LogText":{"DefaultText":"","LocalizationKey":"","ParentObjectID":""}},"ActionName":{"DefaultText":"","LocalizationKey":"","ParentObjectID":""},"ActionSounds":[],"ActionTags":[],"BlueprintsFullUnlock":[],"Cancellable":false,"ConfirmPopup":false,"CustomDestroyMessage":{"DefaultText":"","LocalizationKey":"","ParentObjectID":""},"CustomWindowPrefab":{"m_FileID":0,"m_PathID":0},"DaytimeCost":0,"DisablePitchVariation":false,"DontShowDestroyMessage":false,"ExtraDurabilityModifications":[],"FadeMessage":{"DefaultText":"","LocalizationKey":"","ParentObjectID":""},"FadeTips":false,"FadeToBlack":0,"InstantStatModifications":false,"NoCardsAffectedMessage":{"DefaultText":"","LocalizationKey":"","ParentObjectID":""},"NotBaseAction":false,"NoveltyShared":false,"ProducedCards":[],"ReceivingCardChanges":{"ChargesChange":{"x":0.0,"y":0.0},"DropOnDestroyList":false,"FuelChange":{"x":0.0,"y":0.0},"LiquidEffectScaling":0,"LiquidQuantityChange":{"x":0.0,"y":0.0},"ModType":0,"ModifyDurability":false,"ModifyLiquid":false,"Special1Change":{"x":0.0,"y":0.0},"Special2Change":{"x":0.0,"y":0.0},"Special3Change":{"x":0.0,"y":0.0},"Special4Change":{"x":0.0,"y":0.0},"SpoilageChange":{"x":0.0,"y":0.0},"TransferCharges":false,"TransferFuel":false,"TransferInventory":false,"TransferLiquid":false,"TransferSpecial1":false,"TransferSpecial2":false,"TransferSpecial3":false,"TransferSpecial4":false,"TransferSpoilage":false,"TransferUsage":false,"TransformInto":{"m_FileID":0,"m_PathID":0},"UsageChange":{"x":0.0,"y":0.0}},"RequiredCardsOnBoard":[],"RequiredReceivingContainer":[],"RequiredReceivingContainerTag":[],"RequiredReceivingDurabilities":{"FailMessage":{"DefaultText":"","LocalizationKey":"","ParentObjectID":""},"HideActionIfNotMet":false,"RequiredFuelPercent":{"Active":false,"FloatValue":0.0,"MaxValue":0.0},"RequiredLiquidQuantity":0.0,"RequiredProgressPercent":{"Active":false,"FloatValue":0.0,"MaxValue":0.0},"RequiredSpecial1Percent":{"Active":false,"FloatValue":0.0,"MaxValue":0.0},"RequiredSpecial2Percent":{"Active":false,"FloatValue":0.0,"MaxValue":0.0},"RequiredSpecial3Percent":{"Active":false,"FloatValue":0.0,"MaxValue":0.0},"RequiredSpecial4Percent":{"Active":false,"FloatValue":0.0,"MaxValue":0.0},"RequiredSpoilagePercent":{"Active":false,"FloatValue":0.0,"MaxValue":0.0},"RequiredUsagePercent":{"Active":false,"FloatValue":0.0,"MaxValue":0.0}},"RequiredReceivingLiquidContent":{"IsActive":false,"RequiredGroup":{"m_FileID":0,"m_PathID":0},"RequiredLiquid":{"m_FileID":0,"m_PathID":0},"RequiredQuantity":{"x":0.0,"y":0.0}},"RequiredStatValues":[],"RequiredTagsOnBoard":[],"ResetWhenDone":{"m_FileID":0,"m_PathID":0},"SaveGame":false,"StackCompatible":false,"StatInterruptions":[],"StatModifications":[],"TravelToPreviousEnv":false,"UnavailableInDemo":false,"UseMiniTicks":0,"VictorySettings":{"SpecialEnding":false,"Victory":false,"VictoryMessage":{"DefaultText":"","LocalizationKey":"","ParentObjectID":""}}},"OnFullNotification":0,"OnZero":{"ActionDescription":{"DefaultText":"","LocalizationKey":"","ParentObjectID":""},"ActionLog":{"Category":{"m_FileID":0,"m_PathID":0},"LogText":{"DefaultText":"","LocalizationKey":"","ParentObjectID":""}},"ActionName":{"DefaultText":"","LocalizationKey":"","ParentObjectID":""},"ActionSounds":[],"ActionTags":[],"BlueprintsFullUnlock":[],"Cancellable":false,"ConfirmPopup":false,"CustomDestroyMessage":{"DefaultText":"","LocalizationKey":"","ParentObjectID":""},"CustomWindowPrefab":{"m_FileID":0,"m_PathID":0},"DaytimeCost":0,"DisablePitchVariation":false,"DontShowDestroyMessage":false,"ExtraDurabilityModifications":[],"FadeMessage":{"DefaultText":"","LocalizationKey":"","ParentObjectID":""},"FadeTips":false,"FadeToBlack":0,"InstantStatModifications":false,"NoCardsAffectedMessage":{"DefaultText":"","LocalizationKey":"","ParentObjectID":""},"NotBaseAction":false,"NoveltyShared":false,"ProducedCards":[],"ReceivingCardChanges":{"ChargesChange":{"x":0.0,"y":0.0},"DropOnDestroyList":false,"FuelChange":{"x":0.0,"y":0.0},"LiquidEffectScaling":0,"LiquidQuantityChange":{"x":0.0,"y":0.0},"ModType":0,"ModifyDurability":false,"ModifyLiquid":false,"Special1Change":{"x":0.0,"y":0.0},"Special2Change":{"x":0.0,"y":0.0},"Special3Change":{"x":0.0,"y":0.0},"Special4Change":{"x":0.0,"y":0.0},"SpoilageChange":{"x":0.0,"y":0.0},"TransferCharges":false,"TransferFuel":false,"TransferInventory":false,"TransferLiquid":false,"TransferSpecial1":false,"TransferSpecial2":false,"TransferSpecial3":false,"TransferSpecial4":false,"TransferSpoilage":false,"TransferUsage":false,"TransformInto":{"m_FileID":0,"m_PathID":0},"UsageChange":{"x":0.0,"y":0.0}},"RequiredCardsOnBoard":[],"RequiredReceivingContainer":[],"RequiredReceivingContainerTag":[],"RequiredReceivingDurabilities":{"FailMessage":{"DefaultText":"","LocalizationKey":"","ParentObjectID":""},"HideActionIfNotMet":false,"RequiredFuelPercent":{"Active":false,"FloatValue":0.0,"MaxValue":0.0},"RequiredLiquidQuantity":0.0,"RequiredProgressPercent":{"Active":false,"FloatValue":0.0,"MaxValue":0.0},"RequiredSpecial1Percent":{"Active":false,"FloatValue":0.0,"MaxValue":0.0},"RequiredSpecial2Percent":{"Active":false,"FloatValue":0.0,"MaxValue":0.0},"RequiredSpecial3Percent":{"Active":false,"FloatValue":0.0,"MaxValue":0.0},"RequiredSpecial4Percent":{"Active":false,"FloatValue":0.0,"MaxValue":0.0},"RequiredSpoilagePercent":{"Active":false,"FloatValue":0.0,"MaxValue":0.0},"RequiredUsagePercent":{"Active":false,"FloatValue":0.0,"MaxValue":0.0}},"RequiredReceivingLiquidContent":{"IsActive":false,"RequiredGroup":{"m_FileID":0,"m_PathID":0},"RequiredLiquid":{"m_FileID":0,"m_PathID":0},"RequiredQuantity":{"x":0.0,"y":0.0}},"RequiredStatValues":[],"RequiredTagsOnBoard":[],"ResetWhenDone":{"m_FileID":0,"m_PathID":0},"SaveGame":false,"StackCompatible":false,"StatInterruptions":[],"StatModifications":[],"TravelToPreviousEnv":false,"UnavailableInDemo":false,"UseMiniTicks":0,"VictorySettings":{"SpecialEnding":false,"Victory":false,"VictoryMessage":{"DefaultText":"","LocalizationKey":"","ParentObjectID":""}}},"OnZeroNotification":0,"OverrideIcon":{"m_FileID":0,"m_PathID":0},"RatePerDaytimePoint":0.0,"ShowPopupOnFull":false,"ShowPopupOnZero":false,"TextDisplay":0},"RemotePassiveEffects":[],"SpawningBlockedBy":[],"SpecialDurability1":{"Active":false,"CardStatName":{"DefaultText":"","LocalizationKey":"","ParentObjectID":""},"ExtraRateWhenEquipped":0.0,"FloatValue":0.0,"HasActionOnFull":false,"HasActionOnZero":false,"HidingOptions":0,"MaxValue":0.0,"OnFull":{"ActionDescription":{"DefaultText":"","LocalizationKey":"","ParentObjectID":""},"ActionLog":{"Category":{"m_FileID":0,"m_PathID":0},"LogText":{"DefaultText":"","LocalizationKey":"","ParentObjectID":""}},"ActionName":{"DefaultText":"","LocalizationKey":"","ParentObjectID":""},"ActionSounds":[],"ActionTags":[],"BlueprintsFullUnlock":[],"Cancellable":false,"ConfirmPopup":false,"CustomDestroyMessage":{"DefaultText":"","LocalizationKey":"","ParentObjectID":""},"CustomWindowPrefab":{"m_FileID":0,"m_PathID":0},"DaytimeCost":0,"DisablePitchVariation":false,"DontShowDestroyMessage":false,"ExtraDurabilityModifications":[],"FadeMessage":{"DefaultText":"","LocalizationKey":"","ParentObjectID":""},"FadeTips":false,"FadeToBlack":0,"InstantStatModifications":false,"NoCardsAffectedMessage":{"DefaultText":"","LocalizationKey":"","ParentObjectID":""},"NotBaseAction":false,"NoveltyShared":false,"ProducedCards":[],"ReceivingCardChanges":{"ChargesChange":{"x":0.0,"y":0.0},"DropOnDestroyList":false,"FuelChange":{"x":0.0,"y":0.0},"LiquidEffectScaling":0,"LiquidQuantityChange":{"x":0.0,"y":0.0},"ModType":0,"ModifyDurability":false,"ModifyLiquid":false,"Special1Change":{"x":0.0,"y":0.0},"Special2Change":{"x":0.0,"y":0.0},"Special3Change":{"x":0.0,"y":0.0},"Special4Change":{"x":0.0,"y":0.0},"SpoilageChange":{"x":0.0,"y":0.0},"TransferCharges":false,"TransferFuel":false,"TransferInventory":false,"TransferLiquid":false,"TransferSpecial1":false,"TransferSpecial2":false,"TransferSpecial3":false,"TransferSpecial4":false,"TransferSpoilage":false,"TransferUsage":false,"TransformInto":{"m_FileID":0,"m_PathID":0},"UsageChange":{"x":0.0,"y":0.0}},"RequiredCardsOnBoard":[],"RequiredReceivingContainer":[],"RequiredReceivingContainerTag":[],"RequiredReceivingDurabilities":{"FailMessage":{"DefaultText":"","LocalizationKey":"","ParentObjectID":""},"HideActionIfNotMet":false,"RequiredFuelPercent":{"Active":false,"FloatValue":0.0,"MaxValue":0.0},"RequiredLiquidQuantity":0.0,"RequiredProgressPercent":{"Active":false,"FloatValue":0.0,"MaxValue":0.0},"RequiredSpecial1Percent":{"Active":false,"FloatValue":0.0,"MaxValue":0.0},"RequiredSpecial2Percent":{"Active":false,"FloatValue":0.0,"MaxValue":0.0},"RequiredSpecial3Percent":{"Active":false,"FloatValue":0.0,"MaxValue":0.0},"RequiredSpecial4Percent":{"Active":false,"FloatValue":0.0,"MaxValue":0.0},"RequiredSpoilagePercent":{"Active":false,"FloatValue":0.0,"MaxValue":0.0},"RequiredUsagePercent":{"Active":false,"FloatValue":0.0,"MaxValue":0.0}},"RequiredReceivingLiquidContent":{"IsActive":false,"RequiredGroup":{"m_FileID":0,"m_PathID":0},"RequiredLiquid":{"m_FileID":0,"m_PathID":0},"RequiredQuantity":{"x":0.0,"y":0.0}},"RequiredStatValues":[],"RequiredTagsOnBoard":[],"ResetWhenDone":{"m_FileID":0,"m_PathID":0},"SaveGame":false,"StackCompatible":false,"StatInterruptions":[],"StatModifications":[],"TravelToPreviousEnv":false,"UnavailableInDemo":false,"UseMiniTicks":0,"VictorySettings":{"SpecialEnding":false,"Victory":false,"VictoryMessage":{"DefaultText":"","LocalizationKey":"","ParentObjectID":""}}},"OnFullNotification":0,"OnZero":{"ActionDescription":{"DefaultText":"","LocalizationKey":"","ParentObjectID":""},"ActionLog":{"Category":{"m_FileID":0,"m_PathID":0},"LogText":{"DefaultText":"","LocalizationKey":"","ParentObjectID":""}},"ActionName":{"DefaultText":"","LocalizationKey":"","ParentObjectID":""},"ActionSounds":[],"ActionTags":[],"BlueprintsFullUnlock":[],"Cancellable":false,"ConfirmPopup":false,"CustomDestroyMessage":{"DefaultText":"","LocalizationKey":"","ParentObjectID":""},"CustomWindowPrefab":{"m_FileID":0,"m_PathID":0},"DaytimeCost":0,"DisablePitchVariation":false,"DontShowDestroyMessage":false,"ExtraDurabilityModifications":[],"FadeMessage":{"DefaultText":"","LocalizationKey":"","ParentObjectID":""},"FadeTips":false,"FadeToBlack":0,"InstantStatModifications":false,"NoCardsAffectedMessage":{"DefaultText":"","LocalizationKey":"","ParentObjectID":""},"NotBaseAction":false,"NoveltyShared":false,"ProducedCards":[],"ReceivingCardChanges":{"ChargesChange":{"x":0.0,"y":0.0},"DropOnDestroyList":false,"FuelChange":{"x":0.0,"y":0.0},"LiquidEffectScaling":0,"LiquidQuantityChange":{"x":0.0,"y":0.0},"ModType":0,"ModifyDurability":false,"ModifyLiquid":false,"Special1Change":{"x":0.0,"y":0.0},"Special2Change":{"x":0.0,"y":0.0},"Special3Change":{"x":0.0,"y":0.0},"Special4Change":{"x":0.0,"y":0.0},"SpoilageChange":{"x":0.0,"y":0.0},"TransferCharges":false,"TransferFuel":false,"TransferInventory":false,"TransferLiquid":false,"TransferSpecial1":false,"TransferSpecial2":false,"TransferSpecial3":false,"TransferSpecial4":false,"TransferSpoilage":false,"TransferUsage":false,"TransformInto":{"m_FileID":0,"m_PathID":0},"UsageChange":{"x":0.0,"y":0.0}},"RequiredCardsOnBoard":[],"RequiredReceivingContainer":[],"RequiredReceivingContainerTag":[],"RequiredReceivingDurabilities":{"FailMessage":{"DefaultText":"","LocalizationKey":"","ParentObjectID":""},"HideActionIfNotMet":false,"RequiredFuelPercent":{"Active":false,"FloatValue":0.0,"MaxValue":0.0},"RequiredLiquidQuantity":0.0,"RequiredProgressPercent":{"Active":false,"FloatValue":0.0,"MaxValue":0.0},"RequiredSpecial1Percent":{"Active":false,"FloatValue":0.0,"MaxValue":0.0},"RequiredSpecial2Percent":{"Active":false,"FloatValue":0.0,"MaxValue":0.0},"RequiredSpecial3Percent":{"Active":false,"FloatValue":0.0,"MaxValue":0.0},"RequiredSpecial4Percent":{"Active":false,"FloatValue":0.0,"MaxValue":0.0},"RequiredSpoilagePercent":{"Active":false,"FloatValue":0.0,"MaxValue":0.0},"RequiredUsagePercent":{"Active":false,"FloatValue":0.0,"MaxValue":0.0}},"RequiredReceivingLiquidContent":{"IsActive":false,"RequiredGroup":{"m_FileID":0,"m_PathID":0},"RequiredLiquid":{"m_FileID":0,"m_PathID":0},"RequiredQuantity":{"x":0.0,"y":0.0}},"RequiredStatValues":[],"RequiredTagsOnBoard":[],"ResetWhenDone":{"m_FileID":0,"m_PathID":0},"SaveGame":false,"StackCompatible":false,"StatInterruptions":[],"StatModifications":[],"TravelToPreviousEnv":false,"UnavailableInDemo":false,"UseMiniTicks":0,"VictorySettings":{"SpecialEnding":false,"Victory":false,"VictoryMessage":{"DefaultText":"","LocalizationKey":"","ParentObjectID":""}}},"OnZeroNotification":0,"OverrideIcon":{"m_FileID":0,"m_PathID":0},"RatePerDaytimePoint":0.0,"ShowPopupOnFull":false,"ShowPopupOnZero":false,"TextDisplay":0},"SpecialDurability2":{"Active":false,"CardStatName":{"DefaultText":"","LocalizationKey":"","ParentObjectID":""},"ExtraRateWhenEquipped":0.0,"FloatValue":0.0,"HasActionOnFull":false,"HasActionOnZero":false,"HidingOptions":0,"MaxValue":0.0,"OnFull":{"ActionDescription":{"DefaultText":"","LocalizationKey":"","ParentObjectID":""},"ActionLog":{"Category":{"m_FileID":0,"m_PathID":0},"LogText":{"DefaultText":"","LocalizationKey":"","ParentObjectID":""}},"ActionName":{"DefaultText":"","LocalizationKey":"","ParentObjectID":""},"ActionSounds":[],"ActionTags":[],"BlueprintsFullUnlock":[],"Cancellable":false,"ConfirmPopup":false,"CustomDestroyMessage":{"DefaultText":"","LocalizationKey":"","ParentObjectID":""},"CustomWindowPrefab":{"m_FileID":0,"m_PathID":0},"DaytimeCost":0,"DisablePitchVariation":false,"DontShowDestroyMessage":false,"ExtraDurabilityModifications":[],"FadeMessage":{"DefaultText":"","LocalizationKey":"","ParentObjectID":""},"FadeTips":false,"FadeToBlack":0,"InstantStatModifications":false,"NoCardsAffectedMessage":{"DefaultText":"","LocalizationKey":"","ParentObjectID":""},"NotBaseAction":false,"NoveltyShared":false,"ProducedCards":[],"ReceivingCardChanges":{"ChargesChange":{"x":0.0,"y":0.0},"DropOnDestroyList":false,"FuelChange":{"x":0.0,"y":0.0},"LiquidEffectScaling":0,"LiquidQuantityChange":{"x":0.0,"y":0.0},"ModType":0,"ModifyDurability":false,"ModifyLiquid":false,"Special1Change":{"x":0.0,"y":0.0},"Special2Change":{"x":0.0,"y":0.0},"Special3Change":{"x":0.0,"y":0.0},"Special4Change":{"x":0.0,"y":0.0},"SpoilageChange":{"x":0.0,"y":0.0},"TransferCharges":false,"TransferFuel":false,"TransferInventory":false,"TransferLiquid":false,"TransferSpecial1":false,"TransferSpecial2":false,"TransferSpecial3":false,"TransferSpecial4":false,"TransferSpoilage":false,"TransferUsage":false,"TransformInto":{"m_FileID":0,"m_PathID":0},"UsageChange":{"x":0.0,"y":0.0}},"RequiredCardsOnBoard":[],"RequiredReceivingContainer":[],"RequiredReceivingContainerTag":[],"RequiredReceivingDurabilities":{"FailMessage":{"DefaultText":"","LocalizationKey":"","ParentObjectID":""},"HideActionIfNotMet":false,"RequiredFuelPercent":{"Active":false,"FloatValue":0.0,"MaxValue":0.0},"RequiredLiquidQuantity":0.0,"RequiredProgressPercent":{"Active":false,"FloatValue":0.0,"MaxValue":0.0},"RequiredSpecial1Percent":{"Active":false,"FloatValue":0.0,"MaxValue":0.0},"RequiredSpecial2Percent":{"Active":false,"FloatValue":0.0,"MaxValue":0.0},"RequiredSpecial3Percent":{"Active":false,"FloatValue":0.0,"MaxValue":0.0},"RequiredSpecial4Percent":{"Active":false,"FloatValue":0.0,"MaxValue":0.0},"RequiredSpoilagePercent":{"Active":false,"FloatValue":0.0,"MaxValue":0.0},"RequiredUsagePercent":{"Active":false,"FloatValue":0.0,"MaxValue":0.0}},"RequiredReceivingLiquidContent":{"IsActive":false,"RequiredGroup":{"m_FileID":0,"m_PathID":0},"RequiredLiquid":{"m_FileID":0,"m_PathID":0},"RequiredQuantity":{"x":0.0,"y":0.0}},"RequiredStatValues":[],"RequiredTagsOnBoard":[],"ResetWhenDone":{"m_FileID":0,"m_PathID":0},"SaveGame":false,"StackCompatible":false,"StatInterruptions":[],"StatModifications":[],"TravelToPreviousEnv":false,"UnavailableInDemo":false,"UseMiniTicks":0,"VictorySettings":{"SpecialEnding":false,"Victory":false,"VictoryMessage":{"DefaultText":"","LocalizationKey":"","ParentObjectID":""}}},"OnFullNotification":0,"OnZero":{"ActionDescription":{"DefaultText":"","LocalizationKey":"","ParentObjectID":""},"ActionLog":{"Category":{"m_FileID":0,"m_PathID":0},"LogText":{"DefaultText":"","LocalizationKey":"","ParentObjectID":""}},"ActionName":{"DefaultText":"","LocalizationKey":"","ParentObjectID":""},"ActionSounds":[],"ActionTags":[],"BlueprintsFullUnlock":[],"Cancellable":false,"ConfirmPopup":false,"CustomDestroyMessage":{"DefaultText":"","LocalizationKey":"","ParentObjectID":""},"CustomWindowPrefab":{"m_FileID":0,"m_PathID":0},"DaytimeCost":0,"DisablePitchVariation":false,"DontShowDestroyMessage":false,"ExtraDurabilityModifications":[],"FadeMessage":{"DefaultText":"","LocalizationKey":"","ParentObjectID":""},"FadeTips":false,"FadeToBlack":0,"InstantStatModifications":false,"NoCardsAffectedMessage":{"DefaultText":"","LocalizationKey":"","ParentObjectID":""},"NotBaseAction":false,"NoveltyShared":false,"ProducedCards":[],"ReceivingCardChanges":{"ChargesChange":{"x":0.0,"y":0.0},"DropOnDestroyList":false,"FuelChange":{"x":0.0,"y":0.0},"LiquidEffectScaling":0,"LiquidQuantityChange":{"x":0.0,"y":0.0},"ModType":0,"ModifyDurability":false,"ModifyLiquid":false,"Special1Change":{"x":0.0,"y":0.0},"Special2Change":{"x":0.0,"y":0.0},"Special3Change":{"x":0.0,"y":0.0},"Special4Change":{"x":0.0,"y":0.0},"SpoilageChange":{"x":0.0,"y":0.0},"TransferCharges":false,"TransferFuel":false,"TransferInventory":false,"TransferLiquid":false,"TransferSpecial1":false,"TransferSpecial2":false,"TransferSpecial3":false,"TransferSpecial4":false,"TransferSpoilage":false,"TransferUsage":false,"TransformInto":{"m_FileID":0,"m_PathID":0},"UsageChange":{"x":0.0,"y":0.0}},"RequiredCardsOnBoard":[],"RequiredReceivingContainer":[],"RequiredReceivingContainerTag":[],"RequiredReceivingDurabilities":{"FailMessage":{"DefaultText":"","LocalizationKey":"","ParentObjectID":""},"HideActionIfNotMet":false,"RequiredFuelPercent":{"Active":false,"FloatValue":0.0,"MaxValue":0.0},"RequiredLiquidQuantity":0.0,"RequiredProgressPercent":{"Active":false,"FloatValue":0.0,"MaxValue":0.0},"RequiredSpecial1Percent":{"Active":false,"FloatValue":0.0,"MaxValue":0.0},"RequiredSpecial2Percent":{"Active":false,"FloatValue":0.0,"MaxValue":0.0},"RequiredSpecial3Percent":{"Active":false,"FloatValue":0.0,"MaxValue":0.0},"RequiredSpecial4Percent":{"Active":false,"FloatValue":0.0,"MaxValue":0.0},"RequiredSpoilagePercent":{"Active":false,"FloatValue":0.0,"MaxValue":0.0},"RequiredUsagePercent":{"Active":false,"FloatValue":0.0,"MaxValue":0.0}},"RequiredReceivingLiquidContent":{"IsActive":false,"RequiredGroup":{"m_FileID":0,"m_PathID":0},"RequiredLiquid":{"m_FileID":0,"m_PathID":0},"RequiredQuantity":{"x":0.0,"y":0.0}},"RequiredStatValues":[],"RequiredTagsOnBoard":[],"ResetWhenDone":{"m_FileID":0,"m_PathID":0},"SaveGame":false,"StackCompatible":false,"StatInterruptions":[],"StatModifications":[],"TravelToPreviousEnv":false,"UnavailableInDemo":false,"UseMiniTicks":0,"VictorySettings":{"SpecialEnding":false,"Victory":false,"VictoryMessage":{"DefaultText":"","LocalizationKey":"","ParentObjectID":""}}},"OnZeroNotification":0,"OverrideIcon":{"m_FileID":0,"m_PathID":0},"RatePerDaytimePoint":0.0,"ShowPopupOnFull":false,"ShowPopupOnZero":false,"TextDisplay":0},"SpecialDurability3":{"Active":false,"CardStatName":{"DefaultText":"","LocalizationKey":"","ParentObjectID":""},"ExtraRateWhenEquipped":0.0,"FloatValue":0.0,"HasActionOnFull":false,"HasActionOnZero":false,"HidingOptions":0,"MaxValue":0.0,"OnFull":{"ActionDescription":{"DefaultText":"","LocalizationKey":"","ParentObjectID":""},"ActionLog":{"Category":{"m_FileID":0,"m_PathID":0},"LogText":{"DefaultText":"","LocalizationKey":"","ParentObjectID":""}},"ActionName":{"DefaultText":"","LocalizationKey":"","ParentObjectID":""},"ActionSounds":[],"ActionTags":[],"BlueprintsFullUnlock":[],"Cancellable":false,"ConfirmPopup":false,"CustomDestroyMessage":{"DefaultText":"","LocalizationKey":"","ParentObjectID":""},"CustomWindowPrefab":{"m_FileID":0,"m_PathID":0},"DaytimeCost":0,"DisablePitchVariation":false,"DontShowDestroyMessage":false,"ExtraDurabilityModifications":[],"FadeMessage":{"DefaultText":"","LocalizationKey":"","ParentObjectID":""},"FadeTips":false,"FadeToBlack":0,"InstantStatModifications":false,"NoCardsAffectedMessage":{"DefaultText":"","LocalizationKey":"","ParentObjectID":""},"NotBaseAction":false,"NoveltyShared":false,"ProducedCards":[],"ReceivingCardChanges":{"ChargesChange":{"x":0.0,"y":0.0},"DropOnDestroyList":false,"FuelChange":{"x":0.0,"y":0.0},"LiquidEffectScaling":0,"LiquidQuantityChange":{"x":0.0,"y":0.0},"ModType":0,"ModifyDurability":false,"ModifyLiquid":false,"Special1Change":{"x":0.0,"y":0.0},"Special2Change":{"x":0.0,"y":0.0},"Special3Change":{"x":0.0,"y":0.0},"Special4Change":{"x":0.0,"y":0.0},"SpoilageChange":{"x":0.0,"y":0.0},"TransferCharges":false,"TransferFuel":false,"TransferInventory":false,"TransferLiquid":false,"TransferSpecial1":false,"TransferSpecial2":false,"TransferSpecial3":false,"TransferSpecial4":false,"TransferSpoilage":false,"TransferUsage":false,"TransformInto":{"m_FileID":0,"m_PathID":0},"UsageChange":{"x":0.0,"y":0.0}},"RequiredCardsOnBoard":[],"RequiredReceivingContainer":[],"RequiredReceivingContainerTag":[],"RequiredReceivingDurabilities":{"FailMessage":{"DefaultText":"","LocalizationKey":"","ParentObjectID":""},"HideActionIfNotMet":false,"RequiredFuelPercent":{"Active":false,"FloatValue":0.0,"MaxValue":0.0},"RequiredLiquidQuantity":0.0,"RequiredProgressPercent":{"Active":false,"FloatValue":0.0,"MaxValue":0.0},"RequiredSpecial1Percent":{"Active":false,"FloatValue":0.0,"MaxValue":0.0},"RequiredSpecial2Percent":{"Active":false,"FloatValue":0.0,"MaxValue":0.0},"RequiredSpecial3Percent":{"Active":false,"FloatValue":0.0,"MaxValue":0.0},"RequiredSpecial4Percent":{"Active":false,"FloatValue":0.0,"MaxValue":0.0},"RequiredSpoilagePercent":{"Active":false,"FloatValue":0.0,"MaxValue":0.0},"RequiredUsagePercent":{"Active":false,"FloatValue":0.0,"MaxValue":0.0}},"RequiredReceivingLiquidContent":{"IsActive":false,"RequiredGroup":{"m_FileID":0,"m_PathID":0},"RequiredLiquid":{"m_FileID":0,"m_PathID":0},"RequiredQuantity":{"x":0.0,"y":0.0}},"RequiredStatValues":[],"RequiredTagsOnBoard":[],"ResetWhenDone":{"m_FileID":0,"m_PathID":0},"SaveGame":false,"StackCompatible":false,"StatInterruptions":[],"StatModifications":[],"TravelToPreviousEnv":false,"UnavailableInDemo":false,"UseMiniTicks":0,"VictorySettings":{"SpecialEnding":false,"Victory":false,"VictoryMessage":{"DefaultText":"","LocalizationKey":"","ParentObjectID":""}}},"OnFullNotification":0,"OnZero":{"ActionDescription":{"DefaultText":"","LocalizationKey":"","ParentObjectID":""},"ActionLog":{"Category":{"m_FileID":0,"m_PathID":0},"LogText":{"DefaultText":"","LocalizationKey":"","ParentObjectID":""}},"ActionName":{"DefaultText":"","LocalizationKey":"","ParentObjectID":""},"ActionSounds":[],"ActionTags":[],"BlueprintsFullUnlock":[],"Cancellable":false,"ConfirmPopup":false,"CustomDestroyMessage":{"DefaultText":"","LocalizationKey":"","ParentObjectID":""},"CustomWindowPrefab":{"m_FileID":0,"m_PathID":0},"DaytimeCost":0,"DisablePitchVariation":false,"DontShowDestroyMessage":false,"ExtraDurabilityModifications":[],"FadeMessage":{"DefaultText":"","LocalizationKey":"","ParentObjectID":""},"FadeTips":false,"FadeToBlack":0,"InstantStatModifications":false,"NoCardsAffectedMessage":{"DefaultText":"","LocalizationKey":"","ParentObjectID":""},"NotBaseAction":false,"NoveltyShared":false,"ProducedCards":[],"ReceivingCardChanges":{"ChargesChange":{"x":0.0,"y":0.0},"DropOnDestroyList":false,"FuelChange":{"x":0.0,"y":0.0},"LiquidEffectScaling":0,"LiquidQuantityChange":{"x":0.0,"y":0.0},"ModType":0,"ModifyDurability":false,"ModifyLiquid":false,"Special1Change":{"x":0.0,"y":0.0},"Special2Change":{"x":0.0,"y":0.0},"Special3Change":{"x":0.0,"y":0.0},"Special4Change":{"x":0.0,"y":0.0},"SpoilageChange":{"x":0.0,"y":0.0},"TransferCharges":false,"TransferFuel":false,"TransferInventory":false,"TransferLiquid":false,"TransferSpecial1":false,"TransferSpecial2":false,"TransferSpecial3":false,"TransferSpecial4":false,"TransferSpoilage":false,"TransferUsage":false,"TransformInto":{"m_FileID":0,"m_PathID":0},"UsageChange":{"x":0.0,"y":0.0}},"RequiredCardsOnBoard":[],"RequiredReceivingContainer":[],"RequiredReceivingContainerTag":[],"RequiredReceivingDurabilities":{"FailMessage":{"DefaultText":"","LocalizationKey":"","ParentObjectID":""},"HideActionIfNotMet":false,"RequiredFuelPercent":{"Active":false,"FloatValue":0.0,"MaxValue":0.0},"RequiredLiquidQuantity":0.0,"RequiredProgressPercent":{"Active":false,"FloatValue":0.0,"MaxValue":0.0},"RequiredSpecial1Percent":{"Active":false,"FloatValue":0.0,"MaxValue":0.0},"RequiredSpecial2Percent":{"Active":false,"FloatValue":0.0,"MaxValue":0.0},"RequiredSpecial3Percent":{"Active":false,"FloatValue":0.0,"MaxValue":0.0},"RequiredSpecial4Percent":{"Active":false,"FloatValue":0.0,"MaxValue":0.0},"RequiredSpoilagePercent":{"Active":false,"FloatValue":0.0,"MaxValue":0.0},"RequiredUsagePercent":{"Active":false,"FloatValue":0.0,"MaxValue":0.0}},"RequiredReceivingLiquidContent":{"IsActive":false,"RequiredGroup":{"m_FileID":0,"m_PathID":0},"RequiredLiquid":{"m_FileID":0,"m_PathID":0},"RequiredQuantity":{"x":0.0,"y":0.0}},"RequiredStatValues":[],"RequiredTagsOnBoard":[],"ResetWhenDone":{"m_FileID":0,"m_PathID":0},"SaveGame":false,"StackCompatible":false,"StatInterruptions":[],"StatModifications":[],"TravelToPreviousEnv":false,"UnavailableInDemo":false,"UseMiniTicks":0,"VictorySettings":{"SpecialEnding":false,"Victory":false,"VictoryMessage":{"DefaultText":"","LocalizationKey":"","ParentObjectID":""}}},"OnZeroNotification":0,"OverrideIcon":{"m_FileID":0,"m_PathID":0},"RatePerDaytimePoint":0.0,"ShowPopupOnFull":false,"ShowPopupOnZero":false,"TextDisplay":0},"SpecialDurability4":{"Active":false,"CardStatName":{"DefaultText":"","LocalizationKey":"","ParentObjectID":""},"ExtraRateWhenEquipped":0.0,"FloatValue":0.0,"HasActionOnFull":false,"HasActionOnZero":false,"HidingOptions":0,"MaxValue":0.0,"OnFull":{"ActionDescription":{"DefaultText":"","LocalizationKey":"","ParentObjectID":""},"ActionLog":{"Category":{"m_FileID":0,"m_PathID":0},"LogText":{"DefaultText":"","LocalizationKey":"","ParentObjectID":""}},"ActionName":{"DefaultText":"","LocalizationKey":"","ParentObjectID":""},"ActionSounds":[],"ActionTags":[],"BlueprintsFullUnlock":[],"Cancellable":false,"ConfirmPopup":false,"CustomDestroyMessage":{"DefaultText":"","LocalizationKey":"","ParentObjectID":""},"CustomWindowPrefab":{"m_FileID":0,"m_PathID":0},"DaytimeCost":0,"DisablePitchVariation":false,"DontShowDestroyMessage":false,"ExtraDurabilityModifications":[],"FadeMessage":{"DefaultText":"","LocalizationKey":"","ParentObjectID":""},"FadeTips":false,"FadeToBlack":0,"InstantStatModifications":false,"NoCardsAffectedMessage":{"DefaultText":"","LocalizationKey":"","ParentObjectID":""},"NotBaseAction":false,"NoveltyShared":false,"ProducedCards":[],"ReceivingCardChanges":{"ChargesChange":{"x":0.0,"y":0.0},"DropOnDestroyList":false,"FuelChange":{"x":0.0,"y":0.0},"LiquidEffectScaling":0,"LiquidQuantityChange":{"x":0.0,"y":0.0},"ModType":0,"ModifyDurability":false,"ModifyLiquid":false,"Special1Change":{"x":0.0,"y":0.0},"Special2Change":{"x":0.0,"y":0.0},"Special3Change":{"x":0.0,"y":0.0},"Special4Change":{"x":0.0,"y":0.0},"SpoilageChange":{"x":0.0,"y":0.0},"TransferCharges":false,"TransferFuel":false,"TransferInventory":false,"TransferLiquid":false,"TransferSpecial1":false,"TransferSpecial2":false,"TransferSpecial3":false,"TransferSpecial4":false,"TransferSpoilage":false,"TransferUsage":false,"TransformInto":{"m_FileID":0,"m_PathID":0},"UsageChange":{"x":0.0,"y":0.0}},"RequiredCardsOnBoard":[],"RequiredReceivingContainer":[],"RequiredReceivingContainerTag":[],"RequiredReceivingDurabilities":{"FailMessage":{"DefaultText":"","LocalizationKey":"","ParentObjectID":""},"HideActionIfNotMet":false,"RequiredFuelPercent":{"Active":false,"FloatValue":0.0,"MaxValue":0.0},"RequiredLiquidQuantity":0.0,"RequiredProgressPercent":{"Active":false,"FloatValue":0.0,"MaxValue":0.0},"RequiredSpecial1Percent":{"Active":false,"FloatValue":0.0,"MaxValue":0.0},"RequiredSpecial2Percent":{"Active":false,"FloatValue":0.0,"MaxValue":0.0},"RequiredSpecial3Percent":{"Active":false,"FloatValue":0.0,"MaxValue":0.0},"RequiredSpecial4Percent":{"Active":false,"FloatValue":0.0,"MaxValue":0.0},"RequiredSpoilagePercent":{"Active":false,"FloatValue":0.0,"MaxValue":0.0},"RequiredUsagePercent":{"Active":false,"FloatValue":0.0,"MaxValue":0.0}},"RequiredReceivingLiquidContent":{"IsActive":false,"RequiredGroup":{"m_FileID":0,"m_PathID":0},"RequiredLiquid":{"m_FileID":0,"m_PathID":0},"RequiredQuantity":{"x":0.0,"y":0.0}},"RequiredStatValues":[],"RequiredTagsOnBoard":[],"ResetWhenDone":{"m_FileID":0,"m_PathID":0},"SaveGame":false,"StackCompatible":false,"StatInterruptions":[],"StatModifications":[],"TravelToPreviousEnv":false,"UnavailableInDemo":false,"UseMiniTicks":0,"VictorySettings":{"SpecialEnding":false,"Victory":false,"VictoryMessage":{"DefaultText":"","LocalizationKey":"","ParentObjectID":""}}},"OnFullNotification":0,"OnZero":{"ActionDescription":{"DefaultText":"","LocalizationKey":"","ParentObjectID":""},"ActionLog":{"Category":{"m_FileID":0,"m_PathID":0},"LogText":{"DefaultText":"","LocalizationKey":"","ParentObjectID":""}},"ActionName":{"DefaultText":"","LocalizationKey":"","ParentObjectID":""},"ActionSounds":[],"ActionTags":[],"BlueprintsFullUnlock":[],"Cancellable":false,"ConfirmPopup":false,"CustomDestroyMessage":{"DefaultText":"","LocalizationKey":"","ParentObjectID":""},"CustomWindowPrefab":{"m_FileID":0,"m_PathID":0},"DaytimeCost":0,"DisablePitchVariation":false,"DontShowDestroyMessage":false,"ExtraDurabilityModifications":[],"FadeMessage":{"DefaultText":"","LocalizationKey":"","ParentObjectID":""},"FadeTips":false,"FadeToBlack":0,"InstantStatModifications":false,"NoCardsAffectedMessage":{"DefaultText":"","LocalizationKey":"","ParentObjectID":""},"NotBaseAction":false,"NoveltyShared":false,"ProducedCards":[],"ReceivingCardChanges":{"ChargesChange":{"x":0.0,"y":0.0},"DropOnDestroyList":false,"FuelChange":{"x":0.0,"y":0.0},"LiquidEffectScaling":0,"LiquidQuantityChange":{"x":0.0,"y":0.0},"ModType":0,"ModifyDurability":false,"ModifyLiquid":false,"Special1Change":{"x":0.0,"y":0.0},"Special2Change":{"x":0.0,"y":0.0},"Special3Change":{"x":0.0,"y":0.0},"Special4Change":{"x":0.0,"y":0.0},"SpoilageChange":{"x":0.0,"y":0.0},"TransferCharges":false,"TransferFuel":false,"TransferInventory":false,"TransferLiquid":false,"TransferSpecial1":false,"TransferSpecial2":false,"TransferSpecial3":false,"TransferSpecial4":false,"TransferSpoilage":false,"TransferUsage":false,"TransformInto":{"m_FileID":0,"m_PathID":0},"UsageChange":{"x":0.0,"y":0.0}},"RequiredCardsOnBoard":[],"RequiredReceivingContainer":[],"RequiredReceivingContainerTag":[],"RequiredReceivingDurabilities":{"FailMessage":{"DefaultText":"","LocalizationKey":"","ParentObjectID":""},"HideActionIfNotMet":false,"RequiredFuelPercent":{"Active":false,"FloatValue":0.0,"MaxValue":0.0},"RequiredLiquidQuantity":0.0,"RequiredProgressPercent":{"Active":false,"FloatValue":0.0,"MaxValue":0.0},"RequiredSpecial1Percent":{"Active":false,"FloatValue":0.0,"MaxValue":0.0},"RequiredSpecial2Percent":{"Active":false,"FloatValue":0.0,"MaxValue":0.0},"RequiredSpecial3Percent":{"Active":false,"FloatValue":0.0,"MaxValue":0.0},"RequiredSpecial4Percent":{"Active":false,"FloatValue":0.0,"MaxValue":0.0},"RequiredSpoilagePercent":{"Active":false,"FloatValue":0.0,"MaxValue":0.0},"RequiredUsagePercent":{"Active":false,"FloatValue":0.0,"MaxValue":0.0}},"RequiredReceivingLiquidContent":{"IsActive":false,"RequiredGroup":{"m_FileID":0,"m_PathID":0},"RequiredLiquid":{"m_FileID":0,"m_PathID":0},"RequiredQuantity":{"x":0.0,"y":0.0}},"RequiredStatValues":[],"RequiredTagsOnBoard":[],"ResetWhenDone":{"m_FileID":0,"m_PathID":0},"SaveGame":false,"StackCompatible":false,"StatInterruptions":[],"StatModifications":[],"TravelToPreviousEnv":false,"UnavailableInDemo":false,"UseMiniTicks":0,"VictorySettings":{"SpecialEnding":false,"Victory":false,"VictoryMessage":{"DefaultText":"","LocalizationKey":"","ParentObjectID":""}}},"OnZeroNotification":0,"OverrideIcon":{"m_FileID":0,"m_PathID":0},"RatePerDaytimePoint":0.0,"ShowPopupOnFull":false,"ShowPopupOnZero":false,"TextDisplay":0},"SpillsInventoryOnDestroy":false,"SpoilageTime":{"Active":true,"CardStatName":{"DefaultText":"","LocalizationKey":"","ParentObjectID":""},"ExtraRateWhenEquipped":0.0,"FloatValue":192.0,"HasActionOnFull":false,"HasActionOnZero":true,"HidingOptions":0,"MaxValue":0.0,"OnFull":{"ActionDescription":{"DefaultText":"","LocalizationKey":"","ParentObjectID":""},"ActionLog":{"Category":{"m_FileID":0,"m_PathID":0},"LogText":{"DefaultText":"","LocalizationKey":"","ParentObjectID":""}},"ActionName":{"DefaultText":"","LocalizationKey":"","ParentObjectID":""},"ActionSounds":[],"ActionTags":[],"BlueprintsFullUnlock":[],"Cancellable":false,"ConfirmPopup":false,"CustomDestroyMessage":{"DefaultText":"","LocalizationKey":"","ParentObjectID":""},"CustomWindowPrefab":{"m_FileID":0,"m_PathID":0},"DaytimeCost":0,"DisablePitchVariation":false,"DontShowDestroyMessage":false,"ExtraDurabilityModifications":[],"FadeMessage":{"DefaultText":"","LocalizationKey":"","ParentObjectID":""},"FadeTips":false,"FadeToBlack":0,"InstantStatModifications":false,"NoCardsAffectedMessage":{"DefaultText":"","LocalizationKey":"","ParentObjectID":""},"NotBaseAction":false,"NoveltyShared":false,"ProducedCards":[],"ReceivingCardChanges":{"ChargesChange":{"x":0.0,"y":0.0},"DropOnDestroyList":false,"FuelChange":{"x":0.0,"y":0.0},"LiquidEffectScaling":0,"LiquidQuantityChange":{"x":0.0,"y":0.0},"ModType":0,"ModifyDurability":false,"ModifyLiquid":false,"Special1Change":{"x":0.0,"y":0.0},"Special2Change":{"x":0.0,"y":0.0},"Special3Change":{"x":0.0,"y":0.0},"Special4Change":{"x":0.0,"y":0.0},"SpoilageChange":{"x":0.0,"y":0.0},"TransferCharges":false,"TransferFuel":false,"TransferInventory":false,"TransferLiquid":false,"TransferSpecial1":false,"TransferSpecial2":false,"TransferSpecial3":false,"TransferSpecial4":false,"TransferSpoilage":false,"TransferUsage":false,"TransformInto":{"m_FileID":0,"m_PathID":0},"UsageChange":{"x":0.0,"y":0.0}},"RequiredCardsOnBoard":[],"RequiredReceivingContainer":[],"RequiredReceivingContainerTag":[],"RequiredReceivingDurabilities":{"FailMessage":{"DefaultText":"","LocalizationKey":"","ParentObjectID":""},"HideActionIfNotMet":false,"RequiredFuelPercent":{"Active":false,"FloatValue":0.0,"MaxValue":0.0},"RequiredLiquidQuantity":0.0,"RequiredProgressPercent":{"Active":false,"FloatValue":0.0,"MaxValue":0.0},"RequiredSpecial1Percent":{"Active":false,"FloatValue":0.0,"MaxValue":0.0},"RequiredSpecial2Percent":{"Active":false,"FloatValue":0.0,"MaxValue":0.0},"RequiredSpecial3Percent":{"Active":false,"FloatValue":0.0,"MaxValue":0.0},"RequiredSpecial4Percent":{"Active":false,"FloatValue":0.0,"MaxValue":0.0},"RequiredSpoilagePercent":{"Active":false,"FloatValue":0.0,"MaxValue":0.0},"RequiredUsagePercent":{"Active":false,"FloatValue":0.0,"MaxValue":0.0}},"RequiredReceivingLiquidContent":{"IsActive":false,"RequiredGroup":{"m_FileID":0,"m_PathID":0},"RequiredLiquid":{"m_FileID":0,"m_PathID":0},"RequiredQuantity":{"x":0.0,"y":0.0}},"RequiredStatValues":[],"RequiredTagsOnBoard":[],"ResetWhenDone":{"m_FileID":0,"m_PathID":0},"SaveGame":false,"StackCompatible":false,"StatInterruptions":[],"StatModifications":[],"TravelToPreviousEnv":false,"UnavailableInDemo":false,"UseMiniTicks":0,"VictorySettings":{"SpecialEnding":false,"Victory":false,"VictoryMessage":{"DefaultText":"","LocalizationKey":"","ParentObjectID":""}}},"OnFullNotification":0,"OnZero":{"ActionDescription":{"DefaultText":"","LocalizationKey":"","ParentObjectID":""},"ActionLog":{"Category":{"m_FileID":0,"m_PathID":0},"LogText":{"DefaultText":"","LocalizationKey":"","ParentObjectID":""}},"ActionName":{"DefaultText":"","LocalizationKey":"","ParentObjectID":""},"ActionSounds":[],"ActionTags":[],"BlueprintsFullUnlock":[],"Cancellable":false,"ConfirmPopup":false,"CustomDestroyMessage":{"DefaultText":"","LocalizationKey":"","ParentObjectID":""},"CustomWindowPrefab":{"m_FileID":0,"m_PathID":0},"DaytimeCost":0,"DisablePitchVariation":false,"DontShowDestroyMessage":false,"ExtraDurabilityModifications":[],"FadeMessage":{"DefaultText":"","LocalizationKey":"","ParentObjectID":""},"FadeTips":false,"FadeToBlack":0,"InstantStatModifications":false,"NoCardsAffectedMessage":{"DefaultText":"","LocalizationKey":"","ParentObjectID":""},"NotBaseAction":false,"NoveltyShared":false,"ProducedCards":[],"ReceivingCardChanges":{"ChargesChange":{"x":0.0,"y":0.0},"DropOnDestroyList":false,"FuelChange":{"x":0.0,"y":0.0},"LiquidEffectScaling":0,"LiquidQuantityChange":{"x":0.0,"y":0.0},"ModType":2,"ModifyDurability":false,"ModifyLiquid":false,"Special1Change":{"x":0.0,"y":0.0},"Special2Change":{"x":0.0,"y":0.0},"Special3Change":{"x":0.0,"y":0.0},"Special4Change":{"x":0.0,"y":0.0},"SpoilageChange":{"x":0.0,"y":0.0},"TransformIntoWarpData":"25a487b16088c2046a51935973ba6a90","TransferCharges":false,"TransferFuel":false,"TransferInventory":false,"TransferLiquid":false,"TransferSpecial1":false,"TransferSpecial2":false,"TransferSpecial3":false,"TransferSpecial4":false,"TransferSpoilage":false,"TransferUsage":false,"TransformInto":{"m_FileID":0,"m_PathID":0},"UsageChange":{"x":0.0,"y":0.0},"TransformIntoWarpType":3},"RequiredCardsOnBoard":[],"RequiredReceivingContainer":[],"RequiredReceivingContainerTag":[],"RequiredReceivingDurabilities":{"FailMessage":{"DefaultText":"","LocalizationKey":"","ParentObjectID":""},"HideActionIfNotMet":false,"RequiredFuelPercent":{"Active":false,"FloatValue":0.0,"MaxValue":0.0},"RequiredLiquidQuantity":0.0,"RequiredProgressPercent":{"Active":false,"FloatValue":0.0,"MaxValue":0.0},"RequiredSpecial1Percent":{"Active":false,"FloatValue":0.0,"MaxValue":0.0},"RequiredSpecial2Percent":{"Active":false,"FloatValue":0.0,"MaxValue":0.0},"RequiredSpecial3Percent":{"Active":false,"FloatValue":0.0,"MaxValue":0.0},"RequiredSpecial4Percent":{"Active":false,"FloatValue":0.0,"MaxValue":0.0},"RequiredSpoilagePercent":{"Active":false,"FloatValue":0.0,"MaxValue":0.0},"RequiredUsagePercent":{"Active":false,"FloatValue":0.0,"MaxValue":0.0}},"RequiredReceivingLiquidContent":{"IsActive":false,"RequiredGroup":{"m_FileID":0,"m_PathID":0},"RequiredLiquid":{"m_FileID":0,"m_PathID":0},"RequiredQuantity":{"x":0.0,"y":0.0}},"RequiredStatValues":[],"RequiredTagsOnBoard":[],"ResetWhenDone":{"m_FileID":0,"m_PathID":0},"SaveGame":false,"StackCompatible":false,"StatInterruptions":[],"StatModifications":[],"TravelToPreviousEnv":false,"UnavailableInDemo":false,"UseMiniTicks":0,"VictorySettings":{"SpecialEnding":false,"Victory":false,"VictoryMessage":{"DefaultText":"","LocalizationKey":"","ParentObjectID":""}}},"OnZeroNotification":0,"OverrideIcon":{"m_FileID":0,"m_PathID":0},"RatePerDaytimePoint":-1.0,"ShowPopupOnFull":false,"ShowPopupOnZero":false,"TextDisplay":0},"StatValues":[],"TagsOnBoard":[],"TimeValues":[],"TransferCookingResultsOnTransform":false,"UniqueID":"065301376ee6e40156e13f5958b968ab","UniqueOnBoard":false,"UnlockConditionsDesc":{"DefaultText":"","LocalizationKey":"","ParentObjectID":""},"UsageDurability":{"Active":false,"CardStatName":{"DefaultText":"","LocalizationKey":"","ParentObjectID":""},"ExtraRateWhenEquipped":0.0,"FloatValue":0.0,"HasActionOnFull":false,"HasActionOnZero":false,"HidingOptions":0,"MaxValue":0.0,"OnFull":{"ActionDescription":{"DefaultText":"","LocalizationKey":"","ParentObjectID":""},"ActionLog":{"Category":{"m_FileID":0,"m_PathID":0},"LogText":{"DefaultText":"","LocalizationKey":"","ParentObjectID":""}},"ActionName":{"DefaultText":"","LocalizationKey":"","ParentObjectID":""},"ActionSounds":[],"ActionTags":[],"BlueprintsFullUnlock":[],"Cancellable":false,"ConfirmPopup":false,"CustomDestroyMessage":{"DefaultText":"","LocalizationKey":"","ParentObjectID":""},"CustomWindowPrefab":{"m_FileID":0,"m_PathID":0},"DaytimeCost":0,"DisablePitchVariation":false,"DontShowDestroyMessage":false,"ExtraDurabilityModifications":[],"FadeMessage":{"DefaultText":"","LocalizationKey":"","ParentObjectID":""},"FadeTips":false,"FadeToBlack":0,"InstantStatModifications":false,"NoCardsAffectedMessage":{"DefaultText":"","LocalizationKey":"","ParentObjectID":""},"NotBaseAction":false,"NoveltyShared":false,"ProducedCards":[],"ReceivingCardChanges":{"ChargesChange":{"x":0.0,"y":0.0},"DropOnDestroyList":false,"FuelChange":{"x":0.0,"y":0.0},"LiquidEffectScaling":0,"LiquidQuantityChange":{"x":0.0,"y":0.0},"ModType":0,"ModifyDurability":false,"ModifyLiquid":false,"Special1Change":{"x":0.0,"y":0.0},"Special2Change":{"x":0.0,"y":0.0},"Special3Change":{"x":0.0,"y":0.0},"Special4Change":{"x":0.0,"y":0.0},"SpoilageChange":{"x":0.0,"y":0.0},"TransferCharges":false,"TransferFuel":false,"TransferInventory":false,"TransferLiquid":false,"TransferSpecial1":false,"TransferSpecial2":false,"TransferSpecial3":false,"TransferSpecial4":false,"TransferSpoilage":false,"TransferUsage":false,"TransformInto":{"m_FileID":0,"m_PathID":0},"UsageChange":{"x":0.0,"y":0.0}},"RequiredCardsOnBoard":[],"RequiredReceivingContainer":[],"RequiredReceivingContainerTag":[],"RequiredReceivingDurabilities":{"FailMessage":{"DefaultText":"","LocalizationKey":"","ParentObjectID":""},"HideActionIfNotMet":false,"RequiredFuelPercent":{"Active":false,"FloatValue":0.0,"MaxValue":0.0},"RequiredLiquidQuantity":0.0,"RequiredProgressPercent":{"Active":false,"FloatValue":0.0,"MaxValue":0.0},"RequiredSpecial1Percent":{"Active":false,"FloatValue":0.0,"MaxValue":0.0},"RequiredSpecial2Percent":{"Active":false,"FloatValue":0.0,"MaxValue":0.0},"RequiredSpecial3Percent":{"Active":false,"FloatValue":0.0,"MaxValue":0.0},"RequiredSpecial4Percent":{"Active":false,"FloatValue":0.0,"MaxValue":0.0},"RequiredSpoilagePercent":{"Active":false,"FloatValue":0.0,"MaxValue":0.0},"RequiredUsagePercent":{"Active":false,"FloatValue":0.0,"MaxValue":0.0}},"RequiredReceivingLiquidContent":{"IsActive":false,"RequiredGroup":{"m_FileID":0,"m_PathID":0},"RequiredLiquid":{"m_FileID":0,"m_PathID":0},"RequiredQuantity":{"x":0.0,"y":0.0}},"RequiredStatValues":[],"RequiredTagsOnBoard":[],"ResetWhenDone":{"m_FileID":0,"m_PathID":0},"SaveGame":false,"StackCompatible":false,"StatInterruptions":[],"StatModifications":[],"TravelToPreviousEnv":false,"UnavailableInDemo":false,"UseMiniTicks":0,"VictorySettings":{"SpecialEnding":false,"Victory":false,"VictoryMessage":{"DefaultText":"","LocalizationKey":"","ParentObjectID":""}}},"OnFullNotification":0,"OnZero":{"ActionDescription":{"DefaultText":"","LocalizationKey":"","ParentObjectID":""},"ActionLog":{"Category":{"m_FileID":0,"m_PathID":0},"LogText":{"DefaultText":"","LocalizationKey":"","ParentObjectID":""}},"ActionName":{"DefaultText":"","LocalizationKey":"","ParentObjectID":""},"ActionSounds":[],"ActionTags":[],"BlueprintsFullUnlock":[],"Cancellable":false,"ConfirmPopup":false,"CustomDestroyMessage":{"DefaultText":"","LocalizationKey":"","ParentObjectID":""},"CustomWindowPrefab":{"m_FileID":0,"m_PathID":0},"DaytimeCost":0,"DisablePitchVariation":false,"DontShowDestroyMessage":false,"ExtraDurabilityModifications":[],"FadeMessage":{"DefaultText":"","LocalizationKey":"","ParentObjectID":""},"FadeTips":false,"FadeToBlack":0,"InstantStatModifications":false,"NoCardsAffectedMessage":{"DefaultText":"","LocalizationKey":"","ParentObjectID":""},"NotBaseAction":false,"NoveltyShared":false,"ProducedCards":[],"ReceivingCardChanges":{"ChargesChange":{"x":0.0,"y":0.0},"DropOnDestroyList":false,"FuelChange":{"x":0.0,"y":0.0},"LiquidEffectScaling":0,"LiquidQuantityChange":{"x":0.0,"y":0.0},"ModType":0,"ModifyDurability":false,"ModifyLiquid":false,"Special1Change":{"x":0.0,"y":0.0},"Special2Change":{"x":0.0,"y":0.0},"Special3Change":{"x":0.0,"y":0.0},"Special4Change":{"x":0.0,"y":0.0},"SpoilageChange":{"x":0.0,"y":0.0},"TransferCharges":false,"TransferFuel":false,"TransferInventory":false,"TransferLiquid":false,"TransferSpecial1":false,"TransferSpecial2":false,"TransferSpecial3":false,"TransferSpecial4":false,"TransferSpoilage":false,"TransferUsage":false,"TransformInto":{"m_FileID":0,"m_PathID":0},"UsageChange":{"x":0.0,"y":0.0}},"RequiredCardsOnBoard":[],"RequiredReceivingContainer":[],"RequiredReceivingContainerTag":[],"RequiredReceivingDurabilities":{"FailMessage":{"DefaultText":"","LocalizationKey":"","ParentObjectID":""},"HideActionIfNotMet":false,"RequiredFuelPercent":{"Active":false,"FloatValue":0.0,"MaxValue":0.0},"RequiredLiquidQuantity":0.0,"RequiredProgressPercent":{"Active":false,"FloatValue":0.0,"MaxValue":0.0},"RequiredSpecial1Percent":{"Active":false,"FloatValue":0.0,"MaxValue":0.0},"RequiredSpecial2Percent":{"Active":false,"FloatValue":0.0,"MaxValue":0.0},"RequiredSpecial3Percent":{"Active":false,"FloatValue":0.0,"MaxValue":0.0},"RequiredSpecial4Percent":{"Active":false,"FloatValue":0.0,"MaxValue":0.0},"RequiredSpoilagePercent":{"Active":false,"FloatValue":0.0,"MaxValue":0.0},"RequiredUsagePercent":{"Active":false,"FloatValue":0.0,"MaxValue":0.0}},"RequiredReceivingLiquidContent":{"IsActive":false,"RequiredGroup":{"m_FileID":0,"m_PathID":0},"RequiredLiquid":{"m_FileID":0,"m_PathID":0},"RequiredQuantity":{"x":0.0,"y":0.0}},"RequiredStatValues":[],"RequiredTagsOnBoard":[],"ResetWhenDone":{"m_FileID":0,"m_PathID":0},"SaveGame":false,"StackCompatible":false,"StatInterruptions":[],"StatModifications":[],"TravelToPreviousEnv":false,"UnavailableInDemo":false,"UseMiniTicks":0,"VictorySettings":{"SpecialEnding":false,"Victory":false,"VictoryMessage":{"DefaultText":"","LocalizationKey":"","ParentObjectID":""}}},"OnZeroNotification":0,"OverrideIcon":{"m_FileID":0,"m_PathID":0},"RatePerDaytimePoint":0.0,"ShowPopupOnFull":false,"ShowPopupOnZero":false,"TextDisplay":0},"VisualEffects":[],"WeatherEffects":{"m_FileID":0,"m_PathID":0},"WeightReductionWhenEquipped":0.0,"ActionRange":0,"AmmoNeeded":[],"AmmoUsageCost":0.0,"AppliesCoverWhenEquipped":false,"ArmorValues":{"HeadArmor":0.0,"HeadArmorModifiers":[],"HeadHitProbabilityModifier":0.0,"LArmArmor":0.0,"LArmArmorModifiers":[],"LArmHitProbabilityModifier":0.0,"LLegArmor":0.0,"LLegArmorModifiers":[],"LLegHitProbabilityModifier":0.0,"RArmArmor":0.0,"RArmArmorModifiers":[],"RArmHitProbabilityModifier":0.0,"RLegArmor":0.0,"RLegArmorModifiers":[],"RLegHitProbabilityModifier":0.0,"TorsoArmor":0.0,"TorsoArmorModifiers":[],"TorsoHitProbabilityModifier":0.0},"BaseClashValue":{"x":0.0,"y":0.0},"BrokenDuringCombatLog":{"LogText":{"ParentObjectID":"","LocalizationKey":"","DefaultText":""},"AlternateLogTexts":[],"TextSettings":{"Active":false,"Bold":false,"Italics":false,"Underlined":false},"TextColor":{"Active":false,"ColorValue":{"r":0.0,"g":0.0,"b":0.0,"a":0.0}},"ScreenShake":false,"SoundEffects":[]},"ClashIneffectiveRangeMalus":{"x":0.0,"y":0.0},"ClashRangedInaccuracy":{"x":0.0,"y":0.0},"ClashStealthBonus":{"x":0.0,"y":0.0},"ClashVsEscapeBonus":{"x":0.0,"y":0.0},"DamageTypes":[],"EnemyAddedCover":0.0,"EnemyAddedStealth":0.0,"EnemyCoverHitProbabilityModifiers":{"HeadHitProbabilityModifier":0.0,"LArmHitProbabilityModifier":0.0,"LLegHitProbabilityModifier":0.0,"RArmHitProbabilityModifier":0.0,"RLegHitProbabilityModifier":0.0,"TorsoHitProbabilityModifier":0.0},"IsAmmo":false,"IsArmor":false,"IsCover":false,"IsWeapon":false,"PlayerAddedCover":0.0,"PlayerAddedStealth":0.0,"PlayerCoverHitProbabilityModifiers":{"HeadHitProbabilityModifier":0.0,"LArmHitProbabilityModifier":0.0,"LLegHitProbabilityModifier":0.0,"RArmHitProbabilityModifier":0.0,"RLegHitProbabilityModifier":0.0,"TorsoHitProbabilityModifier":0.0},"RequiredDistance":0,"WeaponActionStatChanges":[],"WeaponClashStatInfluences":[],"WeaponDamage":{"x":0.0,"y":0.0},"WeaponDamageStatInfluences":[],"WeaponIneffectiveCombatLog":{"LogText":{"ParentObjectID":"","LocalizationKey":"","DefaultText":""},"AlternateLogTexts":[],"TextSettings":{"Active":false,"Bold":false,"Italics":false,"Underlined":false},"TextColor":{"Active":false,"ColorValue":{"r":0.0,"g":0.0,"b":0.0,"a":0.0}},"ScreenShake":false,"SoundEffects":[]},"WeaponReach":0.0,"CardDataCardFilterGroup":["Filter_Food"],"WhenCreatedSounds":[],"WhenCreatedSoundsWarpData":["Conch"],"WhenCreatedSoundsWarpType":3,"ItemCardDataCardTabGpGroup":["GpTag_Fish"]}