{"CardName":{"DefaultText":"\u65b0\u9c9c\u5c0f\u578b\u517d\u76ae","LocalizationKey":"","ParentObjectID":""},"CardDescription":{"DefaultText":"\u522e\u9664\u6b8b\u8089\u4ee5\u9632\u6b62\u8150\u574f\u3002","LocalizationKey":"","ParentObjectID":""},"CardTags":[],"CardTagsWarpData":[],"CardTagsWarpType":3,"CardType":0,"ActiveCounters":[],"AffectStatsOnlyOnBase":false,"AffectStatsOnlyWhenEquipped":false,"AffectStatsOnlyWhenNotInBackground":false,"AlwaysUpdate":false,"DmgVsEscapeBonus":{"x":0.0,"y":0.0},"Ambience":{"AmbienceConditions":{"FuelRange":{"x":0.0,"y":0.0},"LiquidQuantityRange":{"x":0.0,"y":0.0},"ProgressRange":{"x":0.0,"y":0.0},"Special1Range":{"x":0.0,"y":0.0},"Special2Range":{"x":0.0,"y":0.0},"Special3Range":{"x":0.0,"y":0.0},"Special4Range":{"x":0.0,"y":0.0},"SpoilageRange":{"x":0.0,"y":0.0},"UsageRange":{"x":0.0,"y":0.0}},"BackgroundSound":{"m_FileID":0,"m_PathID":0},"RandomNoises":[]},"BPRandomSingleDrop":false,"BaseBackground":{"m_FileID":0,"m_PathID":0},"BlueprintActionTags":[],"BlueprintCardConditions":[],"BlueprintCardModifications":[],"BlueprintFinishedLog":{"Category":{"m_FileID":0,"m_PathID":0},"LogText":{"DefaultText":"","LocalizationKey":"","ParentObjectID":""}},"BlueprintResult":[],"BlueprintStages":[],"BlueprintStatConditions":[],"BlueprintStatModifications":[],"BlueprintTagConditions":[],"BlueprintUnlockSunsCost":0.0,"BuildSounds":[],"BuildingCardConditions":[],"BuildingDaytimeCost":0,"BuildingStatConditions":[],"BuildingTagConditions":[],"CanBeRenamed":false,"CanDragItemsToTravel":false,"CannotBeTrashed":false,"CannotEmpty":false,"CannotSpawnDuringTickCatchup":false,"CardBackground":{"m_FileID":0,"m_PathID":0},"CardBackgroundWarpData":"BG_SandTop","CardBackgroundWarpType":3,"CardImage":{"m_FileID":0,"m_PathID":0},"CardImageWarpData":"\u65b0\u9c9c\u5c0f\u578b\u517d\u76ae","CardImageWarpType":3,"CardInteractions":[{"ActionDescription":{"DefaultText":"","LocalizationKey":"","ParentObjectID":""},"ActionLog":{"LogText":{"DefaultText":"\u6211\u522e\u51c0\u4e86\u4e00\u4e9b\u76ae\u3002","LocalizationKey":"","ParentObjectID":""},"Category":{"m_FileID":0,"m_PathID":0}},"ActionName":{"DefaultText":"\u522e\u76ae","LocalizationKey":"","ParentObjectID":""},"ActionSounds":[],"ActionTags":[],"ActionTagsWarpData":["HandAction","CraftAction"],"ActionTagsWarpType":3,"BlueprintsFullUnlock":[],"Cancellable":false,"CarryOverGivenCard":false,"CompatibleCards":{"TriggerCards":[],"TriggerTags":[],"TriggerCardsWarpData":["e2ee3227873515c3a3346c6bd7bf0d79","178fdb73e522a7ede7116742b3757a51"],"TriggerCardsWarpType":3},"ConfirmPopup":false,"CreatedLiquidInGivenCard":{"LiquidCard":{"m_FileID":0,"m_PathID":0},"Quantity":{"x":0.0,"y":0.0}},"CustomDestroyMessage":{"DefaultText":"","LocalizationKey":"","ParentObjectID":""},"CustomWindowPrefab":{"m_FileID":0,"m_PathID":0},"DaytimeCost":0,"DisablePitchVariation":false,"DontShowDestroyMessage":false,"ExtraDurabilityModifications":[],"FadeMessage":{"DefaultText":"","LocalizationKey":"","ParentObjectID":""},"FadeTips":false,"FadeToBlack":0,"StackStopConditions":{"SpoilageIsFull":false,"SpoilageIsEmpty":false,"UsageIsFull":false,"UsageIsEmpty":false,"FuelIsFull":false,"FuelIsEmpty":false,"ProgressIsFull":false,"ProgressIsEmpty":false,"Special1IsFull":false,"Special1IsEmpty":false,"Special2IsFull":false,"Special2IsEmpty":false,"Special3IsFull":false,"Special3IsEmpty":false,"Special4IsFull":false,"Special4IsEmpty":false,"LocationWeightIsFull":false},"GivenCardChanges":{"ChargesChange":{"x":0.0,"y":0.0},"DropOnDestroyList":false,"FuelChange":{"x":0.0,"y":0.0},"LiquidEffectScaling":0,"LiquidQuantityChange":{"x":0.0,"y":0.0},"ModType":1,"ModifyDurability":false,"ModifyLiquid":false,"Special1Change":{"x":0.0,"y":0.0},"Special2Change":{"x":0.0,"y":0.0},"Special3Change":{"x":0.0,"y":0.0},"Special4Change":{"x":0.0,"y":0.0},"SpoilageChange":{"x":0.0,"y":0.0},"TransformIntoWarpData":"","TransferCharges":false,"TransferFuel":false,"TransferInventory":false,"TransferLiquid":false,"TransferSpecial1":false,"TransferSpecial2":false,"TransferSpecial3":false,"TransferSpecial4":false,"TransferSpoilage":false,"TransferUsage":false,"TransformInto":{"m_FileID":0,"m_PathID":0},"UsageChange":{"x":-1.0,"y":-1.0}},"InstantStatModifications":false,"NoCardsAffectedMessage":{"DefaultText":"","LocalizationKey":"","ParentObjectID":""},"NotBaseAction":false,"NoveltyShared":false,"ProducedCards":[],"ReceivingCardChanges":{"ChargesChange":{"x":0.0,"y":0.0},"DropOnDestroyList":false,"FuelChange":{"x":0.0,"y":0.0},"LiquidEffectScaling":0,"LiquidQuantityChange":{"x":0.0,"y":0.0},"ModType":2,"ModifyDurability":false,"ModifyLiquid":false,"Special1Change":{"x":0.0,"y":0.0},"Special2Change":{"x":0.0,"y":0.0},"Special3Change":{"x":0.0,"y":0.0},"Special4Change":{"x":0.0,"y":0.0},"SpoilageChange":{"x":0.0,"y":0.0},"TransformIntoWarpData":"7b8fa3ee12fa57bde213572ff74c1544","TransferCharges":false,"TransferFuel":false,"TransferInventory":false,"TransferLiquid":false,"TransferSpecial1":false,"TransferSpecial2":false,"TransferSpecial3":false,"TransferSpecial4":false,"TransferSpoilage":false,"TransferUsage":false,"TransformInto":{"m_FileID":0,"m_PathID":0},"UsageChange":{"x":0.0,"y":0.0},"TransformIntoWarpType":3},"RequiredCardsOnBoard":[],"RequiredGivenContainer":[],"RequiredGivenContainerTag":[],"RequiredGivenDurabilities":{"FailMessage":{"DefaultText":"","LocalizationKey":"","ParentObjectID":""},"HideActionIfNotMet":false,"RequiredFuelPercent":{"Active":false,"FloatValue":0.0,"MaxValue":0.0},"RequiredLiquidQuantity":0.0,"RequiredProgressPercent":{"Active":false,"FloatValue":0.0,"MaxValue":0.0},"RequiredSpecial1Percent":{"Active":false,"FloatValue":0.0,"MaxValue":0.0},"RequiredSpecial2Percent":{"Active":false,"FloatValue":0.0,"MaxValue":0.0},"RequiredSpecial3Percent":{"Active":false,"FloatValue":0.0,"MaxValue":0.0},"RequiredSpecial4Percent":{"Active":false,"FloatValue":0.0,"MaxValue":0.0},"RequiredSpoilagePercent":{"Active":false,"FloatValue":0.0,"MaxValue":0.0},"RequiredUsagePercent":{"Active":false,"FloatValue":0.0,"MaxValue":0.0}},"RequiredGivenLiquidContent":{"IsActive":false,"RequiredGroup":{"m_FileID":0,"m_PathID":0},"RequiredLiquid":{"m_FileID":0,"m_PathID":0},"RequiredQuantity":{"x":0.0,"y":0.0}},"RequiredReceivingContainer":[],"RequiredReceivingContainerTag":[],"RequiredReceivingDurabilities":{"FailMessage":{"DefaultText":"","LocalizationKey":"","ParentObjectID":""},"HideActionIfNotMet":false,"RequiredFuelPercent":{"Active":false,"FloatValue":0.0,"MaxValue":0.0},"RequiredLiquidQuantity":0.0,"RequiredProgressPercent":{"Active":false,"FloatValue":0.0,"MaxValue":0.0},"RequiredSpecial1Percent":{"Active":false,"FloatValue":0.0,"MaxValue":0.0},"RequiredSpecial2Percent":{"Active":false,"FloatValue":0.0,"MaxValue":0.0},"RequiredSpecial3Percent":{"Active":false,"FloatValue":0.0,"MaxValue":0.0},"RequiredSpecial4Percent":{"Active":false,"FloatValue":0.0,"MaxValue":0.0},"RequiredSpoilagePercent":{"Active":false,"FloatValue":0.0,"MaxValue":0.0},"RequiredUsagePercent":{"Active":false,"FloatValue":0.0,"MaxValue":0.0}},"RequiredReceivingLiquidContent":{"IsActive":false,"RequiredGroup":{"m_FileID":0,"m_PathID":0},"RequiredLiquid":{"m_FileID":0,"m_PathID":0},"RequiredQuantity":{"x":0.0,"y":0.0}},"RequiredStatValues":[{"HideAllWhenNotMet":false,"NotifyWhenNotMet":true,"Stat":{"m_FileID":0,"m_PathID":0},"StatWarpData":"79290cafb08e48f4d871704c20e69b1c","StatWarpType":3,"TriggerRange":{"x":10.0,"y":100.0}}],"RequiredTagsOnBoard":[],"ResetWhenDone":{"m_FileID":0,"m_PathID":0},"SaveGame":false,"StackCompatible":false,"StatInterruptions":[],"StatModifications":[],"TravelToPreviousEnv":false,"UnavailableInDemo":false,"UseMiniTicks":1,"VictorySettings":{"SpecialEnding":false,"Victory":false,"VictoryMessage":{"DefaultText":"","LocalizationKey":"","ParentObjectID":""}},"WorksBothWays":false},{"ActionDescription":{"DefaultText":"","LocalizationKey":"","ParentObjectID":""},"ActionLog":{"LogText":{"DefaultText":"\u6211\u522e\u51c0\u4e86\u4e00\u4e9b\u76ae\u3002","LocalizationKey":"","ParentObjectID":""},"Category":{"m_FileID":0,"m_PathID":0}},"ActionName":{"DefaultText":"\u522e\u76ae","LocalizationKey":"","ParentObjectID":""},"ActionSounds":[],"ActionTags":[],"ActionTagsWarpData":["HandAction","CraftAction"],"ActionTagsWarpType":3,"BlueprintsFullUnlock":[],"Cancellable":false,"CarryOverGivenCard":false,"CompatibleCards":{"TriggerCards":[],"TriggerTags":[],"TriggerTagsWarpData":["tag_Cutter"],"TriggerTagsWarpType":3},"ConfirmPopup":false,"CreatedLiquidInGivenCard":{"LiquidCard":{"m_FileID":0,"m_PathID":0},"Quantity":{"x":0.0,"y":0.0}},"CustomDestroyMessage":{"DefaultText":"","LocalizationKey":"","ParentObjectID":""},"CustomWindowPrefab":{"m_FileID":0,"m_PathID":0},"DaytimeCost":1,"DisablePitchVariation":false,"DontShowDestroyMessage":false,"ExtraDurabilityModifications":[],"FadeMessage":{"DefaultText":"","LocalizationKey":"","ParentObjectID":""},"FadeTips":false,"FadeToBlack":0,"StackStopConditions":{"SpoilageIsFull":false,"SpoilageIsEmpty":false,"UsageIsFull":false,"UsageIsEmpty":false,"FuelIsFull":false,"FuelIsEmpty":false,"ProgressIsFull":false,"ProgressIsEmpty":false,"Special1IsFull":false,"Special1IsEmpty":false,"Special2IsFull":false,"Special2IsEmpty":false,"Special3IsFull":false,"Special3IsEmpty":false,"Special4IsFull":false,"Special4IsEmpty":false,"LocationWeightIsFull":false},"GivenCardChanges":{"ChargesChange":{"x":0.0,"y":0.0},"DropOnDestroyList":false,"FuelChange":{"x":0.0,"y":0.0},"LiquidEffectScaling":0,"LiquidQuantityChange":{"x":0.0,"y":0.0},"ModType":1,"ModifyDurability":false,"ModifyLiquid":false,"Special1Change":{"x":0.0,"y":0.0},"Special2Change":{"x":0.0,"y":0.0},"Special3Change":{"x":0.0,"y":0.0},"Special4Change":{"x":0.0,"y":0.0},"SpoilageChange":{"x":0.0,"y":0.0},"TransformIntoWarpData":"","TransferCharges":false,"TransferFuel":false,"TransferInventory":false,"TransferLiquid":false,"TransferSpecial1":false,"TransferSpecial2":false,"TransferSpecial3":false,"TransferSpecial4":false,"TransferSpoilage":false,"TransferUsage":false,"TransformInto":{"m_FileID":0,"m_PathID":0},"UsageChange":{"x":-1.0,"y":-1.0}},"InstantStatModifications":false,"NoCardsAffectedMessage":{"DefaultText":"","LocalizationKey":"","ParentObjectID":""},"NotBaseAction":false,"NoveltyShared":false,"ProducedCards":[],"ReceivingCardChanges":{"ChargesChange":{"x":0.0,"y":0.0},"DropOnDestroyList":false,"FuelChange":{"x":0.0,"y":0.0},"LiquidEffectScaling":0,"LiquidQuantityChange":{"x":0.0,"y":0.0},"ModType":2,"ModifyDurability":false,"ModifyLiquid":false,"Special1Change":{"x":0.0,"y":0.0},"Special2Change":{"x":0.0,"y":0.0},"Special3Change":{"x":0.0,"y":0.0},"Special4Change":{"x":0.0,"y":0.0},"SpoilageChange":{"x":0.0,"y":0.0},"TransformIntoWarpData":"7b8fa3ee12fa57bde213572ff74c1544","TransferCharges":false,"TransferFuel":false,"TransferInventory":false,"TransferLiquid":false,"TransferSpecial1":false,"TransferSpecial2":false,"TransferSpecial3":false,"TransferSpecial4":false,"TransferSpoilage":false,"TransferUsage":false,"TransformInto":{"m_FileID":0,"m_PathID":0},"UsageChange":{"x":0.0,"y":0.0},"TransformIntoWarpType":3},"RequiredCardsOnBoard":[],"RequiredGivenContainer":[],"RequiredGivenContainerTag":[],"RequiredGivenDurabilities":{"FailMessage":{"DefaultText":"","LocalizationKey":"","ParentObjectID":""},"HideActionIfNotMet":false,"RequiredFuelPercent":{"Active":false,"FloatValue":0.0,"MaxValue":0.0},"RequiredLiquidQuantity":0.0,"RequiredProgressPercent":{"Active":false,"FloatValue":0.0,"MaxValue":0.0},"RequiredSpecial1Percent":{"Active":false,"FloatValue":0.0,"MaxValue":0.0},"RequiredSpecial2Percent":{"Active":false,"FloatValue":0.0,"MaxValue":0.0},"RequiredSpecial3Percent":{"Active":false,"FloatValue":0.0,"MaxValue":0.0},"RequiredSpecial4Percent":{"Active":false,"FloatValue":0.0,"MaxValue":0.0},"RequiredSpoilagePercent":{"Active":false,"FloatValue":0.0,"MaxValue":0.0},"RequiredUsagePercent":{"Active":false,"FloatValue":0.0,"MaxValue":0.0}},"RequiredGivenLiquidContent":{"IsActive":false,"RequiredGroup":{"m_FileID":0,"m_PathID":0},"RequiredLiquid":{"m_FileID":0,"m_PathID":0},"RequiredQuantity":{"x":0.0,"y":0.0}},"RequiredReceivingContainer":[],"RequiredReceivingContainerTag":[],"RequiredReceivingDurabilities":{"FailMessage":{"DefaultText":"","LocalizationKey":"","ParentObjectID":""},"HideActionIfNotMet":false,"RequiredFuelPercent":{"Active":false,"FloatValue":0.0,"MaxValue":0.0},"RequiredLiquidQuantity":0.0,"RequiredProgressPercent":{"Active":false,"FloatValue":0.0,"MaxValue":0.0},"RequiredSpecial1Percent":{"Active":false,"FloatValue":0.0,"MaxValue":0.0},"RequiredSpecial2Percent":{"Active":false,"FloatValue":0.0,"MaxValue":0.0},"RequiredSpecial3Percent":{"Active":false,"FloatValue":0.0,"MaxValue":0.0},"RequiredSpecial4Percent":{"Active":false,"FloatValue":0.0,"MaxValue":0.0},"RequiredSpoilagePercent":{"Active":false,"FloatValue":0.0,"MaxValue":0.0},"RequiredUsagePercent":{"Active":false,"FloatValue":0.0,"MaxValue":0.0}},"RequiredReceivingLiquidContent":{"IsActive":false,"RequiredGroup":{"m_FileID":0,"m_PathID":0},"RequiredLiquid":{"m_FileID":0,"m_PathID":0},"RequiredQuantity":{"x":0.0,"y":0.0}},"RequiredStatValues":[{"HideAllWhenNotMet":false,"NotifyWhenNotMet":true,"Stat":{"m_FileID":0,"m_PathID":0},"StatWarpData":"79290cafb08e48f4d871704c20e69b1c","StatWarpType":3,"TriggerRange":{"x":10.0,"y":100.0}}],"RequiredTagsOnBoard":[],"ResetWhenDone":{"m_FileID":0,"m_PathID":0},"SaveGame":false,"StackCompatible":false,"StatInterruptions":[],"StatModifications":[],"TravelToPreviousEnv":false,"UnavailableInDemo":false,"UseMiniTicks":2,"VictorySettings":{"SpecialEnding":false,"Victory":false,"VictoryMessage":{"DefaultText":"","LocalizationKey":"","ParentObjectID":""}},"WorksBothWays":false}],"CardsOnBoard":[],"CarriesOverTo":[],"CompletedObjectives":[],"ContainedLiquidTransform":{"m_FileID":0,"m_PathID":0},"ContentWeightReduction":0.0,"CookingConditions":{"CookingPausedNotification":{"DefaultText":"","LocalizationKey":"","ParentObjectID":""},"CookingPausedSound":{"m_FileID":0,"m_PathID":0},"ExtraFuelRate":0.0,"ExtraProgressRate":0.0,"ExtraSpecial1Rate":0.0,"ExtraSpecial2Rate":0.0,"ExtraSpecial3Rate":0.0,"ExtraSpecial4Rate":0.0,"ExtraSpoilageRate":0.0,"ExtraUsageRate":0.0,"NeedsFuel":false,"NeedsProgress":false,"NeedsSpecial1":false,"NeedsSpecial2":false,"NeedsSpecial3":false,"NeedsSpecial4":false,"NeedsSpoilage":false,"NeedsUsage":false},"CookingRecipes":[],"CookingSprite":{"m_FileID":0,"m_PathID":0},"DeconstructDaytimeCost":0,"DeconstructSounds":[],"DefaultEnvCards":[],"DefaultLiquidContained":{"LiquidCard":{"m_FileID":0,"m_PathID":0},"Quantity":{"x":0.0,"y":0.0}},"DefaultLiquidImage":{"m_FileID":0,"m_PathID":0},"DismantleActions":[],"DoesNotPile":false,"DoesNotPinAutomatically":false,"DropFromTrashButton":false,"DroppedOnDestroy":[],"EffectsToInventoryContent":[],"EnvironmentDamages":[],"EnvironmentImprovements":[],"EquipmentTags":[],"ExclusivelyAcceptedLiquids":[],"ExplicitBlueprintNeeded":{"m_FileID":0,"m_PathID":0},"ExplorationResults":[],"FuelCapacity":{"Active":false,"CardStatName":{"DefaultText":"","LocalizationKey":"","ParentObjectID":""},"ExtraRateWhenEquipped":0.0,"FloatValue":0.0,"HasActionOnFull":false,"HasActionOnZero":false,"HidingOptions":0,"MaxValue":0.0,"OnFull":{"ActionDescription":{"DefaultText":"","LocalizationKey":"","ParentObjectID":""},"ActionLog":{"Category":{"m_FileID":0,"m_PathID":0},"LogText":{"DefaultText":"","LocalizationKey":"","ParentObjectID":""}},"ActionName":{"DefaultText":"","LocalizationKey":"","ParentObjectID":""},"ActionSounds":[],"ActionTags":[],"BlueprintsFullUnlock":[],"Cancellable":false,"ConfirmPopup":false,"CustomDestroyMessage":{"DefaultText":"","LocalizationKey":"","ParentObjectID":""},"CustomWindowPrefab":{"m_FileID":0,"m_PathID":0},"DaytimeCost":0,"DisablePitchVariation":false,"DontShowDestroyMessage":false,"ExtraDurabilityModifications":[],"FadeMessage":{"DefaultText":"","LocalizationKey":"","ParentObjectID":""},"FadeTips":false,"FadeToBlack":0,"InstantStatModifications":false,"NoCardsAffectedMessage":{"DefaultText":"","LocalizationKey":"","ParentObjectID":""},"NotBaseAction":false,"NoveltyShared":false,"ProducedCards":[],"ReceivingCardChanges":{"ChargesChange":{"x":0.0,"y":0.0},"DropOnDestroyList":false,"FuelChange":{"x":0.0,"y":0.0},"LiquidEffectScaling":0,"LiquidQuantityChange":{"x":0.0,"y":0.0},"ModType":0,"ModifyDurability":false,"ModifyLiquid":false,"Special1Change":{"x":0.0,"y":0.0},"Special2Change":{"x":0.0,"y":0.0},"Special3Change":{"x":0.0,"y":0.0},"Special4Change":{"x":0.0,"y":0.0},"SpoilageChange":{"x":0.0,"y":0.0},"TransferCharges":false,"TransferFuel":false,"TransferInventory":false,"TransferLiquid":false,"TransferSpecial1":false,"TransferSpecial2":false,"TransferSpecial3":false,"TransferSpecial4":false,"TransferSpoilage":false,"TransferUsage":false,"TransformInto":{"m_FileID":0,"m_PathID":0},"UsageChange":{"x":0.0,"y":0.0}},"RequiredCardsOnBoard":[],"RequiredReceivingContainer":[],"RequiredReceivingContainerTag":[],"RequiredReceivingDurabilities":{"FailMessage":{"DefaultText":"","LocalizationKey":"","ParentObjectID":""},"HideActionIfNotMet":false,"RequiredFuelPercent":{"Active":false,"FloatValue":0.0,"MaxValue":0.0},"RequiredLiquidQuantity":0.0,"RequiredProgressPercent":{"Active":false,"FloatValue":0.0,"MaxValue":0.0},"RequiredSpecial1Percent":{"Active":false,"FloatValue":0.0,"MaxValue":0.0},"RequiredSpecial2Percent":{"Active":false,"FloatValue":0.0,"MaxValue":0.0},"RequiredSpecial3Percent":{"Active":false,"FloatValue":0.0,"MaxValue":0.0},"RequiredSpecial4Percent":{"Active":false,"FloatValue":0.0,"MaxValue":0.0},"RequiredSpoilagePercent":{"Active":false,"FloatValue":0.0,"MaxValue":0.0},"RequiredUsagePercent":{"Active":false,"FloatValue":0.0,"MaxValue":0.0}},"RequiredReceivingLiquidContent":{"IsActive":false,"RequiredGroup":{"m_FileID":0,"m_PathID":0},"RequiredLiquid":{"m_FileID":0,"m_PathID":0},"RequiredQuantity":{"x":0.0,"y":0.0}},"RequiredStatValues":[],"RequiredTagsOnBoard":[],"ResetWhenDone":{"m_FileID":0,"m_PathID":0},"SaveGame":false,"StackCompatible":false,"StatInterruptions":[],"StatModifications":[],"TravelToPreviousEnv":false,"UnavailableInDemo":false,"UseMiniTicks":0,"VictorySettings":{"SpecialEnding":false,"Victory":false,"VictoryMessage":{"DefaultText":"","LocalizationKey":"","ParentObjectID":""}}},"OnFullNotification":0,"OnZero":{"ActionDescription":{"DefaultText":"","LocalizationKey":"","ParentObjectID":""},"ActionLog":{"Category":{"m_FileID":0,"m_PathID":0},"LogText":{"DefaultText":"","LocalizationKey":"","ParentObjectID":""}},"ActionName":{"DefaultText":"","LocalizationKey":"","ParentObjectID":""},"ActionSounds":[],"ActionTags":[],"BlueprintsFullUnlock":[],"Cancellable":false,"ConfirmPopup":false,"CustomDestroyMessage":{"DefaultText":"","LocalizationKey":"","ParentObjectID":""},"CustomWindowPrefab":{"m_FileID":0,"m_PathID":0},"DaytimeCost":0,"DisablePitchVariation":false,"DontShowDestroyMessage":false,"ExtraDurabilityModifications":[],"FadeMessage":{"DefaultText":"","LocalizationKey":"","ParentObjectID":""},"FadeTips":false,"FadeToBlack":0,"InstantStatModifications":false,"NoCardsAffectedMessage":{"DefaultText":"","LocalizationKey":"","ParentObjectID":""},"NotBaseAction":false,"NoveltyShared":false,"ProducedCards":[],"ReceivingCardChanges":{"ChargesChange":{"x":0.0,"y":0.0},"DropOnDestroyList":false,"FuelChange":{"x":0.0,"y":0.0},"LiquidEffectScaling":0,"LiquidQuantityChange":{"x":0.0,"y":0.0},"ModType":0,"ModifyDurability":false,"ModifyLiquid":false,"Special1Change":{"x":0.0,"y":0.0},"Special2Change":{"x":0.0,"y":0.0},"Special3Change":{"x":0.0,"y":0.0},"Special4Change":{"x":0.0,"y":0.0},"SpoilageChange":{"x":0.0,"y":0.0},"TransferCharges":false,"TransferFuel":false,"TransferInventory":false,"TransferLiquid":false,"TransferSpecial1":false,"TransferSpecial2":false,"TransferSpecial3":false,"TransferSpecial4":false,"TransferSpoilage":false,"TransferUsage":false,"TransformInto":{"m_FileID":0,"m_PathID":0},"UsageChange":{"x":0.0,"y":0.0}},"RequiredCardsOnBoard":[],"RequiredReceivingContainer":[],"RequiredReceivingContainerTag":[],"RequiredReceivingDurabilities":{"FailMessage":{"DefaultText":"","LocalizationKey":"","ParentObjectID":""},"HideActionIfNotMet":false,"RequiredFuelPercent":{"Active":false,"FloatValue":0.0,"MaxValue":0.0},"RequiredLiquidQuantity":0.0,"RequiredProgressPercent":{"Active":false,"FloatValue":0.0,"MaxValue":0.0},"RequiredSpecial1Percent":{"Active":false,"FloatValue":0.0,"MaxValue":0.0},"RequiredSpecial2Percent":{"Active":false,"FloatValue":0.0,"MaxValue":0.0},"RequiredSpecial3Percent":{"Active":false,"FloatValue":0.0,"MaxValue":0.0},"RequiredSpecial4Percent":{"Active":false,"FloatValue":0.0,"MaxValue":0.0},"RequiredSpoilagePercent":{"Active":false,"FloatValue":0.0,"MaxValue":0.0},"RequiredUsagePercent":{"Active":false,"FloatValue":0.0,"MaxValue":0.0}},"RequiredReceivingLiquidContent":{"IsActive":false,"RequiredGroup":{"m_FileID":0,"m_PathID":0},"RequiredLiquid":{"m_FileID":0,"m_PathID":0},"RequiredQuantity":{"x":0.0,"y":0.0}},"RequiredStatValues":[],"RequiredTagsOnBoard":[],"ResetWhenDone":{"m_FileID":0,"m_PathID":0},"SaveGame":false,"StackCompatible":false,"StatInterruptions":[],"StatModifications":[],"TravelToPreviousEnv":false,"UnavailableInDemo":false,"UseMiniTicks":0,"VictorySettings":{"SpecialEnding":false,"Victory":false,"VictoryMessage":{"DefaultText":"","LocalizationKey":"","ParentObjectID":""}}},"OnZeroNotification":0,"OverrideIcon":{"m_FileID":0,"m_PathID":0},"RatePerDaytimePoint":0.0,"ShowPopupOnFull":false,"ShowPopupOnZero":false,"TextDisplay":0},"InHandWhenEquipped":false,"InstancedEnvironment":false,"InventoryFilter":{"AcceptedCards":[],"AcceptedTags":[],"AcceptedTypes":[],"CardFilters":[],"NOTAcceptedCards":[],"NOTAcceptedTags":[],"NOTAcceptedTypes":[],"TagFilters":[]},"InventoryIsHidden":false,"InventorySlots":[],"InventorySlotsText":{"DefaultText":"","LocalizationKey":"","ParentObjectID":""},"IsDarkPlace":false,"IsHotPlace":false,"IsTravelCard":false,"KeepName":false,"LightSource":{"IsSourceOfLight":false,"LightColor":{"a":0.0,"b":0.0,"g":0.0,"r":0.0},"LightFlickerFreq":0.0,"LightFlickerStrength":0.0,"LightPos":{"x":0.0,"y":0.0},"LightSize":{"x":0.0,"y":0.0},"Priority":0.0},"LiquidEvaporationRate":0.0,"LiquidImages":[],"LiquidValidContainers":[],"LocalCounterEffects":[],"LocationsBackground":{"m_FileID":0,"m_PathID":0},"MaxLiquidCapacity":0.0,"MaxWeightCapacity":0.0,"NOTAcceptedLiquids":[],"ObjectWeight":50.0,"OnStatsChangeActions":[],"OnUnlockedLog":{"Category":{"m_FileID":0,"m_PathID":0},"LogText":{"DefaultText":"","LocalizationKey":"","ParentObjectID":""}},"PassiveEffects":[],"PassiveStatEffects":[],"Progress":{"Active":false,"CardStatName":{"DefaultText":"","LocalizationKey":"","ParentObjectID":""},"ExtraRateWhenEquipped":0.0,"FloatValue":0.0,"HasActionOnFull":false,"HasActionOnZero":false,"HidingOptions":0,"MaxValue":0.0,"OnFull":{"ActionDescription":{"DefaultText":"","LocalizationKey":"","ParentObjectID":""},"ActionLog":{"Category":{"m_FileID":0,"m_PathID":0},"LogText":{"DefaultText":"","LocalizationKey":"","ParentObjectID":""}},"ActionName":{"DefaultText":"","LocalizationKey":"","ParentObjectID":""},"ActionSounds":[],"ActionTags":[],"BlueprintsFullUnlock":[],"Cancellable":false,"ConfirmPopup":false,"CustomDestroyMessage":{"DefaultText":"","LocalizationKey":"","ParentObjectID":""},"CustomWindowPrefab":{"m_FileID":0,"m_PathID":0},"DaytimeCost":0,"DisablePitchVariation":false,"DontShowDestroyMessage":false,"ExtraDurabilityModifications":[],"FadeMessage":{"DefaultText":"","LocalizationKey":"","ParentObjectID":""},"FadeTips":false,"FadeToBlack":0,"InstantStatModifications":false,"NoCardsAffectedMessage":{"DefaultText":"","LocalizationKey":"","ParentObjectID":""},"NotBaseAction":false,"NoveltyShared":false,"ProducedCards":[],"ReceivingCardChanges":{"ChargesChange":{"x":0.0,"y":0.0},"DropOnDestroyList":false,"FuelChange":{"x":0.0,"y":0.0},"LiquidEffectScaling":0,"LiquidQuantityChange":{"x":0.0,"y":0.0},"ModType":0,"ModifyDurability":false,"ModifyLiquid":false,"Special1Change":{"x":0.0,"y":0.0},"Special2Change":{"x":0.0,"y":0.0},"Special3Change":{"x":0.0,"y":0.0},"Special4Change":{"x":0.0,"y":0.0},"SpoilageChange":{"x":0.0,"y":0.0},"TransferCharges":false,"TransferFuel":false,"TransferInventory":false,"TransferLiquid":false,"TransferSpecial1":false,"TransferSpecial2":false,"TransferSpecial3":false,"TransferSpecial4":false,"TransferSpoilage":false,"TransferUsage":false,"TransformInto":{"m_FileID":0,"m_PathID":0},"UsageChange":{"x":0.0,"y":0.0}},"RequiredCardsOnBoard":[],"RequiredReceivingContainer":[],"RequiredReceivingContainerTag":[],"RequiredReceivingDurabilities":{"FailMessage":{"DefaultText":"","LocalizationKey":"","ParentObjectID":""},"HideActionIfNotMet":false,"RequiredFuelPercent":{"Active":false,"FloatValue":0.0,"MaxValue":0.0},"RequiredLiquidQuantity":0.0,"RequiredProgressPercent":{"Active":false,"FloatValue":0.0,"MaxValue":0.0},"RequiredSpecial1Percent":{"Active":false,"FloatValue":0.0,"MaxValue":0.0},"RequiredSpecial2Percent":{"Active":false,"FloatValue":0.0,"MaxValue":0.0},"RequiredSpecial3Percent":{"Active":false,"FloatValue":0.0,"MaxValue":0.0},"RequiredSpecial4Percent":{"Active":false,"FloatValue":0.0,"MaxValue":0.0},"RequiredSpoilagePercent":{"Active":false,"FloatValue":0.0,"MaxValue":0.0},"RequiredUsagePercent":{"Active":false,"FloatValue":0.0,"MaxValue":0.0}},"RequiredReceivingLiquidContent":{"IsActive":false,"RequiredGroup":{"m_FileID":0,"m_PathID":0},"RequiredLiquid":{"m_FileID":0,"m_PathID":0},"RequiredQuantity":{"x":0.0,"y":0.0}},"RequiredStatValues":[],"RequiredTagsOnBoard":[],"ResetWhenDone":{"m_FileID":0,"m_PathID":0},"SaveGame":false,"StackCompatible":false,"StatInterruptions":[],"StatModifications":[],"TravelToPreviousEnv":false,"UnavailableInDemo":false,"UseMiniTicks":0,"VictorySettings":{"SpecialEnding":false,"Victory":false,"VictoryMessage":{"DefaultText":"","LocalizationKey":"","ParentObjectID":""}}},"OnFullNotification":0,"OnZero":{"ActionDescription":{"DefaultText":"","LocalizationKey":"","ParentObjectID":""},"ActionLog":{"Category":{"m_FileID":0,"m_PathID":0},"LogText":{"DefaultText":"","LocalizationKey":"","ParentObjectID":""}},"ActionName":{"DefaultText":"","LocalizationKey":"","ParentObjectID":""},"ActionSounds":[],"ActionTags":[],"BlueprintsFullUnlock":[],"Cancellable":false,"ConfirmPopup":false,"CustomDestroyMessage":{"DefaultText":"","LocalizationKey":"","ParentObjectID":""},"CustomWindowPrefab":{"m_FileID":0,"m_PathID":0},"DaytimeCost":0,"DisablePitchVariation":false,"DontShowDestroyMessage":false,"ExtraDurabilityModifications":[],"FadeMessage":{"DefaultText":"","LocalizationKey":"","ParentObjectID":""},"FadeTips":false,"FadeToBlack":0,"InstantStatModifications":false,"NoCardsAffectedMessage":{"DefaultText":"","LocalizationKey":"","ParentObjectID":""},"NotBaseAction":false,"NoveltyShared":false,"ProducedCards":[],"ReceivingCardChanges":{"ChargesChange":{"x":0.0,"y":0.0},"DropOnDestroyList":false,"FuelChange":{"x":0.0,"y":0.0},"LiquidEffectScaling":0,"LiquidQuantityChange":{"x":0.0,"y":0.0},"ModType":0,"ModifyDurability":false,"ModifyLiquid":false,"Special1Change":{"x":0.0,"y":0.0},"Special2Change":{"x":0.0,"y":0.0},"Special3Change":{"x":0.0,"y":0.0},"Special4Change":{"x":0.0,"y":0.0},"SpoilageChange":{"x":0.0,"y":0.0},"TransferCharges":false,"TransferFuel":false,"TransferInventory":false,"TransferLiquid":false,"TransferSpecial1":false,"TransferSpecial2":false,"TransferSpecial3":false,"TransferSpecial4":false,"TransferSpoilage":false,"TransferUsage":false,"TransformInto":{"m_FileID":0,"m_PathID":0},"UsageChange":{"x":0.0,"y":0.0}},"RequiredCardsOnBoard":[],"RequiredReceivingContainer":[],"RequiredReceivingContainerTag":[],"RequiredReceivingDurabilities":{"FailMessage":{"DefaultText":"","LocalizationKey":"","ParentObjectID":""},"HideActionIfNotMet":false,"RequiredFuelPercent":{"Active":false,"FloatValue":0.0,"MaxValue":0.0},"RequiredLiquidQuantity":0.0,"RequiredProgressPercent":{"Active":false,"FloatValue":0.0,"MaxValue":0.0},"RequiredSpecial1Percent":{"Active":false,"FloatValue":0.0,"MaxValue":0.0},"RequiredSpecial2Percent":{"Active":false,"FloatValue":0.0,"MaxValue":0.0},"RequiredSpecial3Percent":{"Active":false,"FloatValue":0.0,"MaxValue":0.0},"RequiredSpecial4Percent":{"Active":false,"FloatValue":0.0,"MaxValue":0.0},"RequiredSpoilagePercent":{"Active":false,"FloatValue":0.0,"MaxValue":0.0},"RequiredUsagePercent":{"Active":false,"FloatValue":0.0,"MaxValue":0.0}},"RequiredReceivingLiquidContent":{"IsActive":false,"RequiredGroup":{"m_FileID":0,"m_PathID":0},"RequiredLiquid":{"m_FileID":0,"m_PathID":0},"RequiredQuantity":{"x":0.0,"y":0.0}},"RequiredStatValues":[],"RequiredTagsOnBoard":[],"ResetWhenDone":{"m_FileID":0,"m_PathID":0},"SaveGame":false,"StackCompatible":false,"StatInterruptions":[],"StatModifications":[],"TravelToPreviousEnv":false,"UnavailableInDemo":false,"UseMiniTicks":0,"VictorySettings":{"SpecialEnding":false,"Victory":false,"VictoryMessage":{"DefaultText":"","LocalizationKey":"","ParentObjectID":""}}},"OnZeroNotification":0,"OverrideIcon":{"m_FileID":0,"m_PathID":0},"RatePerDaytimePoint":0.0,"ShowPopupOnFull":false,"ShowPopupOnZero":false,"TextDisplay":0},"RemotePassiveEffects":[],"SpawningBlockedBy":[],"SpecialDurability1":{"Active":false,"CardStatName":{"DefaultText":"","LocalizationKey":"","ParentObjectID":""},"ExtraRateWhenEquipped":0.0,"FloatValue":0.0,"HasActionOnFull":false,"HasActionOnZero":false,"HidingOptions":0,"MaxValue":0.0,"OnFull":{"ActionDescription":{"DefaultText":"","LocalizationKey":"","ParentObjectID":""},"ActionLog":{"Category":{"m_FileID":0,"m_PathID":0},"LogText":{"DefaultText":"","LocalizationKey":"","ParentObjectID":""}},"ActionName":{"DefaultText":"","LocalizationKey":"","ParentObjectID":""},"ActionSounds":[],"ActionTags":[],"BlueprintsFullUnlock":[],"Cancellable":false,"ConfirmPopup":false,"CustomDestroyMessage":{"DefaultText":"","LocalizationKey":"","ParentObjectID":""},"CustomWindowPrefab":{"m_FileID":0,"m_PathID":0},"DaytimeCost":0,"DisablePitchVariation":false,"DontShowDestroyMessage":false,"ExtraDurabilityModifications":[],"FadeMessage":{"DefaultText":"","LocalizationKey":"","ParentObjectID":""},"FadeTips":false,"FadeToBlack":0,"InstantStatModifications":false,"NoCardsAffectedMessage":{"DefaultText":"","LocalizationKey":"","ParentObjectID":""},"NotBaseAction":false,"NoveltyShared":false,"ProducedCards":[],"ReceivingCardChanges":{"ChargesChange":{"x":0.0,"y":0.0},"DropOnDestroyList":false,"FuelChange":{"x":0.0,"y":0.0},"LiquidEffectScaling":0,"LiquidQuantityChange":{"x":0.0,"y":0.0},"ModType":0,"ModifyDurability":false,"ModifyLiquid":false,"Special1Change":{"x":0.0,"y":0.0},"Special2Change":{"x":0.0,"y":0.0},"Special3Change":{"x":0.0,"y":0.0},"Special4Change":{"x":0.0,"y":0.0},"SpoilageChange":{"x":0.0,"y":0.0},"TransferCharges":false,"TransferFuel":false,"TransferInventory":false,"TransferLiquid":false,"TransferSpecial1":false,"TransferSpecial2":false,"TransferSpecial3":false,"TransferSpecial4":false,"TransferSpoilage":false,"TransferUsage":false,"TransformInto":{"m_FileID":0,"m_PathID":0},"UsageChange":{"x":0.0,"y":0.0}},"RequiredCardsOnBoard":[],"RequiredReceivingContainer":[],"RequiredReceivingContainerTag":[],"RequiredReceivingDurabilities":{"FailMessage":{"DefaultText":"","LocalizationKey":"","ParentObjectID":""},"HideActionIfNotMet":false,"RequiredFuelPercent":{"Active":false,"FloatValue":0.0,"MaxValue":0.0},"RequiredLiquidQuantity":0.0,"RequiredProgressPercent":{"Active":false,"FloatValue":0.0,"MaxValue":0.0},"RequiredSpecial1Percent":{"Active":false,"FloatValue":0.0,"MaxValue":0.0},"RequiredSpecial2Percent":{"Active":false,"FloatValue":0.0,"MaxValue":0.0},"RequiredSpecial3Percent":{"Active":false,"FloatValue":0.0,"MaxValue":0.0},"RequiredSpecial4Percent":{"Active":false,"FloatValue":0.0,"MaxValue":0.0},"RequiredSpoilagePercent":{"Active":false,"FloatValue":0.0,"MaxValue":0.0},"RequiredUsagePercent":{"Active":false,"FloatValue":0.0,"MaxValue":0.0}},"RequiredReceivingLiquidContent":{"IsActive":false,"RequiredGroup":{"m_FileID":0,"m_PathID":0},"RequiredLiquid":{"m_FileID":0,"m_PathID":0},"RequiredQuantity":{"x":0.0,"y":0.0}},"RequiredStatValues":[],"RequiredTagsOnBoard":[],"ResetWhenDone":{"m_FileID":0,"m_PathID":0},"SaveGame":false,"StackCompatible":false,"StatInterruptions":[],"StatModifications":[],"TravelToPreviousEnv":false,"UnavailableInDemo":false,"UseMiniTicks":0,"VictorySettings":{"SpecialEnding":false,"Victory":false,"VictoryMessage":{"DefaultText":"","LocalizationKey":"","ParentObjectID":""}}},"OnFullNotification":0,"OnZero":{"ActionDescription":{"DefaultText":"","LocalizationKey":"","ParentObjectID":""},"ActionLog":{"Category":{"m_FileID":0,"m_PathID":0},"LogText":{"DefaultText":"","LocalizationKey":"","ParentObjectID":""}},"ActionName":{"DefaultText":"","LocalizationKey":"","ParentObjectID":""},"ActionSounds":[],"ActionTags":[],"BlueprintsFullUnlock":[],"Cancellable":false,"ConfirmPopup":false,"CustomDestroyMessage":{"DefaultText":"","LocalizationKey":"","ParentObjectID":""},"CustomWindowPrefab":{"m_FileID":0,"m_PathID":0},"DaytimeCost":0,"DisablePitchVariation":false,"DontShowDestroyMessage":false,"ExtraDurabilityModifications":[],"FadeMessage":{"DefaultText":"","LocalizationKey":"","ParentObjectID":""},"FadeTips":false,"FadeToBlack":0,"InstantStatModifications":false,"NoCardsAffectedMessage":{"DefaultText":"","LocalizationKey":"","ParentObjectID":""},"NotBaseAction":false,"NoveltyShared":false,"ProducedCards":[],"ReceivingCardChanges":{"ChargesChange":{"x":0.0,"y":0.0},"DropOnDestroyList":false,"FuelChange":{"x":0.0,"y":0.0},"LiquidEffectScaling":0,"LiquidQuantityChange":{"x":0.0,"y":0.0},"ModType":0,"ModifyDurability":false,"ModifyLiquid":false,"Special1Change":{"x":0.0,"y":0.0},"Special2Change":{"x":0.0,"y":0.0},"Special3Change":{"x":0.0,"y":0.0},"Special4Change":{"x":0.0,"y":0.0},"SpoilageChange":{"x":0.0,"y":0.0},"TransferCharges":false,"TransferFuel":false,"TransferInventory":false,"TransferLiquid":false,"TransferSpecial1":false,"TransferSpecial2":false,"TransferSpecial3":false,"TransferSpecial4":false,"TransferSpoilage":false,"TransferUsage":false,"TransformInto":{"m_FileID":0,"m_PathID":0},"UsageChange":{"x":0.0,"y":0.0}},"RequiredCardsOnBoard":[],"RequiredReceivingContainer":[],"RequiredReceivingContainerTag":[],"RequiredReceivingDurabilities":{"FailMessage":{"DefaultText":"","LocalizationKey":"","ParentObjectID":""},"HideActionIfNotMet":false,"RequiredFuelPercent":{"Active":false,"FloatValue":0.0,"MaxValue":0.0},"RequiredLiquidQuantity":0.0,"RequiredProgressPercent":{"Active":false,"FloatValue":0.0,"MaxValue":0.0},"RequiredSpecial1Percent":{"Active":false,"FloatValue":0.0,"MaxValue":0.0},"RequiredSpecial2Percent":{"Active":false,"FloatValue":0.0,"MaxValue":0.0},"RequiredSpecial3Percent":{"Active":false,"FloatValue":0.0,"MaxValue":0.0},"RequiredSpecial4Percent":{"Active":false,"FloatValue":0.0,"MaxValue":0.0},"RequiredSpoilagePercent":{"Active":false,"FloatValue":0.0,"MaxValue":0.0},"RequiredUsagePercent":{"Active":false,"FloatValue":0.0,"MaxValue":0.0}},"RequiredReceivingLiquidContent":{"IsActive":false,"RequiredGroup":{"m_FileID":0,"m_PathID":0},"RequiredLiquid":{"m_FileID":0,"m_PathID":0},"RequiredQuantity":{"x":0.0,"y":0.0}},"RequiredStatValues":[],"RequiredTagsOnBoard":[],"ResetWhenDone":{"m_FileID":0,"m_PathID":0},"SaveGame":false,"StackCompatible":false,"StatInterruptions":[],"StatModifications":[],"TravelToPreviousEnv":false,"UnavailableInDemo":false,"UseMiniTicks":0,"VictorySettings":{"SpecialEnding":false,"Victory":false,"VictoryMessage":{"DefaultText":"","LocalizationKey":"","ParentObjectID":""}}},"OnZeroNotification":0,"OverrideIcon":{"m_FileID":0,"m_PathID":0},"RatePerDaytimePoint":0.0,"ShowPopupOnFull":false,"ShowPopupOnZero":false,"TextDisplay":0},"SpecialDurability2":{"Active":false,"CardStatName":{"DefaultText":"","LocalizationKey":"","ParentObjectID":""},"ExtraRateWhenEquipped":0.0,"FloatValue":0.0,"HasActionOnFull":false,"HasActionOnZero":false,"HidingOptions":0,"MaxValue":0.0,"OnFull":{"ActionDescription":{"DefaultText":"","LocalizationKey":"","ParentObjectID":""},"ActionLog":{"Category":{"m_FileID":0,"m_PathID":0},"LogText":{"DefaultText":"","LocalizationKey":"","ParentObjectID":""}},"ActionName":{"DefaultText":"","LocalizationKey":"","ParentObjectID":""},"ActionSounds":[],"ActionTags":[],"BlueprintsFullUnlock":[],"Cancellable":false,"ConfirmPopup":false,"CustomDestroyMessage":{"DefaultText":"","LocalizationKey":"","ParentObjectID":""},"CustomWindowPrefab":{"m_FileID":0,"m_PathID":0},"DaytimeCost":0,"DisablePitchVariation":false,"DontShowDestroyMessage":false,"ExtraDurabilityModifications":[],"FadeMessage":{"DefaultText":"","LocalizationKey":"","ParentObjectID":""},"FadeTips":false,"FadeToBlack":0,"InstantStatModifications":false,"NoCardsAffectedMessage":{"DefaultText":"","LocalizationKey":"","ParentObjectID":""},"NotBaseAction":false,"NoveltyShared":false,"ProducedCards":[],"ReceivingCardChanges":{"ChargesChange":{"x":0.0,"y":0.0},"DropOnDestroyList":false,"FuelChange":{"x":0.0,"y":0.0},"LiquidEffectScaling":0,"LiquidQuantityChange":{"x":0.0,"y":0.0},"ModType":0,"ModifyDurability":false,"ModifyLiquid":false,"Special1Change":{"x":0.0,"y":0.0},"Special2Change":{"x":0.0,"y":0.0},"Special3Change":{"x":0.0,"y":0.0},"Special4Change":{"x":0.0,"y":0.0},"SpoilageChange":{"x":0.0,"y":0.0},"TransferCharges":false,"TransferFuel":false,"TransferInventory":false,"TransferLiquid":false,"TransferSpecial1":false,"TransferSpecial2":false,"TransferSpecial3":false,"TransferSpecial4":false,"TransferSpoilage":false,"TransferUsage":false,"TransformInto":{"m_FileID":0,"m_PathID":0},"UsageChange":{"x":0.0,"y":0.0}},"RequiredCardsOnBoard":[],"RequiredReceivingContainer":[],"RequiredReceivingContainerTag":[],"RequiredReceivingDurabilities":{"FailMessage":{"DefaultText":"","LocalizationKey":"","ParentObjectID":""},"HideActionIfNotMet":false,"RequiredFuelPercent":{"Active":false,"FloatValue":0.0,"MaxValue":0.0},"RequiredLiquidQuantity":0.0,"RequiredProgressPercent":{"Active":false,"FloatValue":0.0,"MaxValue":0.0},"RequiredSpecial1Percent":{"Active":false,"FloatValue":0.0,"MaxValue":0.0},"RequiredSpecial2Percent":{"Active":false,"FloatValue":0.0,"MaxValue":0.0},"RequiredSpecial3Percent":{"Active":false,"FloatValue":0.0,"MaxValue":0.0},"RequiredSpecial4Percent":{"Active":false,"FloatValue":0.0,"MaxValue":0.0},"RequiredSpoilagePercent":{"Active":false,"FloatValue":0.0,"MaxValue":0.0},"RequiredUsagePercent":{"Active":false,"FloatValue":0.0,"MaxValue":0.0}},"RequiredReceivingLiquidContent":{"IsActive":false,"RequiredGroup":{"m_FileID":0,"m_PathID":0},"RequiredLiquid":{"m_FileID":0,"m_PathID":0},"RequiredQuantity":{"x":0.0,"y":0.0}},"RequiredStatValues":[],"RequiredTagsOnBoard":[],"ResetWhenDone":{"m_FileID":0,"m_PathID":0},"SaveGame":false,"StackCompatible":false,"StatInterruptions":[],"StatModifications":[],"TravelToPreviousEnv":false,"UnavailableInDemo":false,"UseMiniTicks":0,"VictorySettings":{"SpecialEnding":false,"Victory":false,"VictoryMessage":{"DefaultText":"","LocalizationKey":"","ParentObjectID":""}}},"OnFullNotification":0,"OnZero":{"ActionDescription":{"DefaultText":"","LocalizationKey":"","ParentObjectID":""},"ActionLog":{"Category":{"m_FileID":0,"m_PathID":0},"LogText":{"DefaultText":"","LocalizationKey":"","ParentObjectID":""}},"ActionName":{"DefaultText":"","LocalizationKey":"","ParentObjectID":""},"ActionSounds":[],"ActionTags":[],"BlueprintsFullUnlock":[],"Cancellable":false,"ConfirmPopup":false,"CustomDestroyMessage":{"DefaultText":"","LocalizationKey":"","ParentObjectID":""},"CustomWindowPrefab":{"m_FileID":0,"m_PathID":0},"DaytimeCost":0,"DisablePitchVariation":false,"DontShowDestroyMessage":false,"ExtraDurabilityModifications":[],"FadeMessage":{"DefaultText":"","LocalizationKey":"","ParentObjectID":""},"FadeTips":false,"FadeToBlack":0,"InstantStatModifications":false,"NoCardsAffectedMessage":{"DefaultText":"","LocalizationKey":"","ParentObjectID":""},"NotBaseAction":false,"NoveltyShared":false,"ProducedCards":[],"ReceivingCardChanges":{"ChargesChange":{"x":0.0,"y":0.0},"DropOnDestroyList":false,"FuelChange":{"x":0.0,"y":0.0},"LiquidEffectScaling":0,"LiquidQuantityChange":{"x":0.0,"y":0.0},"ModType":0,"ModifyDurability":false,"ModifyLiquid":false,"Special1Change":{"x":0.0,"y":0.0},"Special2Change":{"x":0.0,"y":0.0},"Special3Change":{"x":0.0,"y":0.0},"Special4Change":{"x":0.0,"y":0.0},"SpoilageChange":{"x":0.0,"y":0.0},"TransferCharges":false,"TransferFuel":false,"TransferInventory":false,"TransferLiquid":false,"TransferSpecial1":false,"TransferSpecial2":false,"TransferSpecial3":false,"TransferSpecial4":false,"TransferSpoilage":false,"TransferUsage":false,"TransformInto":{"m_FileID":0,"m_PathID":0},"UsageChange":{"x":0.0,"y":0.0}},"RequiredCardsOnBoard":[],"RequiredReceivingContainer":[],"RequiredReceivingContainerTag":[],"RequiredReceivingDurabilities":{"FailMessage":{"DefaultText":"","LocalizationKey":"","ParentObjectID":""},"HideActionIfNotMet":false,"RequiredFuelPercent":{"Active":false,"FloatValue":0.0,"MaxValue":0.0},"RequiredLiquidQuantity":0.0,"RequiredProgressPercent":{"Active":false,"FloatValue":0.0,"MaxValue":0.0},"RequiredSpecial1Percent":{"Active":false,"FloatValue":0.0,"MaxValue":0.0},"RequiredSpecial2Percent":{"Active":false,"FloatValue":0.0,"MaxValue":0.0},"RequiredSpecial3Percent":{"Active":false,"FloatValue":0.0,"MaxValue":0.0},"RequiredSpecial4Percent":{"Active":false,"FloatValue":0.0,"MaxValue":0.0},"RequiredSpoilagePercent":{"Active":false,"FloatValue":0.0,"MaxValue":0.0},"RequiredUsagePercent":{"Active":false,"FloatValue":0.0,"MaxValue":0.0}},"RequiredReceivingLiquidContent":{"IsActive":false,"RequiredGroup":{"m_FileID":0,"m_PathID":0},"RequiredLiquid":{"m_FileID":0,"m_PathID":0},"RequiredQuantity":{"x":0.0,"y":0.0}},"RequiredStatValues":[],"RequiredTagsOnBoard":[],"ResetWhenDone":{"m_FileID":0,"m_PathID":0},"SaveGame":false,"StackCompatible":false,"StatInterruptions":[],"StatModifications":[],"TravelToPreviousEnv":false,"UnavailableInDemo":false,"UseMiniTicks":0,"VictorySettings":{"SpecialEnding":false,"Victory":false,"VictoryMessage":{"DefaultText":"","LocalizationKey":"","ParentObjectID":""}}},"OnZeroNotification":0,"OverrideIcon":{"m_FileID":0,"m_PathID":0},"RatePerDaytimePoint":0.0,"ShowPopupOnFull":false,"ShowPopupOnZero":false,"TextDisplay":0},"SpecialDurability3":{"Active":false,"CardStatName":{"DefaultText":"","LocalizationKey":"","ParentObjectID":""},"ExtraRateWhenEquipped":0.0,"FloatValue":0.0,"HasActionOnFull":false,"HasActionOnZero":false,"HidingOptions":0,"MaxValue":0.0,"OnFull":{"ActionDescription":{"DefaultText":"","LocalizationKey":"","ParentObjectID":""},"ActionLog":{"Category":{"m_FileID":0,"m_PathID":0},"LogText":{"DefaultText":"","LocalizationKey":"","ParentObjectID":""}},"ActionName":{"DefaultText":"","LocalizationKey":"","ParentObjectID":""},"ActionSounds":[],"ActionTags":[],"BlueprintsFullUnlock":[],"Cancellable":false,"ConfirmPopup":false,"CustomDestroyMessage":{"DefaultText":"","LocalizationKey":"","ParentObjectID":""},"CustomWindowPrefab":{"m_FileID":0,"m_PathID":0},"DaytimeCost":0,"DisablePitchVariation":false,"DontShowDestroyMessage":false,"ExtraDurabilityModifications":[],"FadeMessage":{"DefaultText":"","LocalizationKey":"","ParentObjectID":""},"FadeTips":false,"FadeToBlack":0,"InstantStatModifications":false,"NoCardsAffectedMessage":{"DefaultText":"","LocalizationKey":"","ParentObjectID":""},"NotBaseAction":false,"NoveltyShared":false,"ProducedCards":[],"ReceivingCardChanges":{"ChargesChange":{"x":0.0,"y":0.0},"DropOnDestroyList":false,"FuelChange":{"x":0.0,"y":0.0},"LiquidEffectScaling":0,"LiquidQuantityChange":{"x":0.0,"y":0.0},"ModType":0,"ModifyDurability":false,"ModifyLiquid":false,"Special1Change":{"x":0.0,"y":0.0},"Special2Change":{"x":0.0,"y":0.0},"Special3Change":{"x":0.0,"y":0.0},"Special4Change":{"x":0.0,"y":0.0},"SpoilageChange":{"x":0.0,"y":0.0},"TransferCharges":false,"TransferFuel":false,"TransferInventory":false,"TransferLiquid":false,"TransferSpecial1":false,"TransferSpecial2":false,"TransferSpecial3":false,"TransferSpecial4":false,"TransferSpoilage":false,"TransferUsage":false,"TransformInto":{"m_FileID":0,"m_PathID":0},"UsageChange":{"x":0.0,"y":0.0}},"RequiredCardsOnBoard":[],"RequiredReceivingContainer":[],"RequiredReceivingContainerTag":[],"RequiredReceivingDurabilities":{"FailMessage":{"DefaultText":"","LocalizationKey":"","ParentObjectID":""},"HideActionIfNotMet":false,"RequiredFuelPercent":{"Active":false,"FloatValue":0.0,"MaxValue":0.0},"RequiredLiquidQuantity":0.0,"RequiredProgressPercent":{"Active":false,"FloatValue":0.0,"MaxValue":0.0},"RequiredSpecial1Percent":{"Active":false,"FloatValue":0.0,"MaxValue":0.0},"RequiredSpecial2Percent":{"Active":false,"FloatValue":0.0,"MaxValue":0.0},"RequiredSpecial3Percent":{"Active":false,"FloatValue":0.0,"MaxValue":0.0},"RequiredSpecial4Percent":{"Active":false,"FloatValue":0.0,"MaxValue":0.0},"RequiredSpoilagePercent":{"Active":false,"FloatValue":0.0,"MaxValue":0.0},"RequiredUsagePercent":{"Active":false,"FloatValue":0.0,"MaxValue":0.0}},"RequiredReceivingLiquidContent":{"IsActive":false,"RequiredGroup":{"m_FileID":0,"m_PathID":0},"RequiredLiquid":{"m_FileID":0,"m_PathID":0},"RequiredQuantity":{"x":0.0,"y":0.0}},"RequiredStatValues":[],"RequiredTagsOnBoard":[],"ResetWhenDone":{"m_FileID":0,"m_PathID":0},"SaveGame":false,"StackCompatible":false,"StatInterruptions":[],"StatModifications":[],"TravelToPreviousEnv":false,"UnavailableInDemo":false,"UseMiniTicks":0,"VictorySettings":{"SpecialEnding":false,"Victory":false,"VictoryMessage":{"DefaultText":"","LocalizationKey":"","ParentObjectID":""}}},"OnFullNotification":0,"OnZero":{"ActionDescription":{"DefaultText":"","LocalizationKey":"","ParentObjectID":""},"ActionLog":{"Category":{"m_FileID":0,"m_PathID":0},"LogText":{"DefaultText":"","LocalizationKey":"","ParentObjectID":""}},"ActionName":{"DefaultText":"","LocalizationKey":"","ParentObjectID":""},"ActionSounds":[],"ActionTags":[],"BlueprintsFullUnlock":[],"Cancellable":false,"ConfirmPopup":false,"CustomDestroyMessage":{"DefaultText":"","LocalizationKey":"","ParentObjectID":""},"CustomWindowPrefab":{"m_FileID":0,"m_PathID":0},"DaytimeCost":0,"DisablePitchVariation":false,"DontShowDestroyMessage":false,"ExtraDurabilityModifications":[],"FadeMessage":{"DefaultText":"","LocalizationKey":"","ParentObjectID":""},"FadeTips":false,"FadeToBlack":0,"InstantStatModifications":false,"NoCardsAffectedMessage":{"DefaultText":"","LocalizationKey":"","ParentObjectID":""},"NotBaseAction":false,"NoveltyShared":false,"ProducedCards":[],"ReceivingCardChanges":{"ChargesChange":{"x":0.0,"y":0.0},"DropOnDestroyList":false,"FuelChange":{"x":0.0,"y":0.0},"LiquidEffectScaling":0,"LiquidQuantityChange":{"x":0.0,"y":0.0},"ModType":0,"ModifyDurability":false,"ModifyLiquid":false,"Special1Change":{"x":0.0,"y":0.0},"Special2Change":{"x":0.0,"y":0.0},"Special3Change":{"x":0.0,"y":0.0},"Special4Change":{"x":0.0,"y":0.0},"SpoilageChange":{"x":0.0,"y":0.0},"TransferCharges":false,"TransferFuel":false,"TransferInventory":false,"TransferLiquid":false,"TransferSpecial1":false,"TransferSpecial2":false,"TransferSpecial3":false,"TransferSpecial4":false,"TransferSpoilage":false,"TransferUsage":false,"TransformInto":{"m_FileID":0,"m_PathID":0},"UsageChange":{"x":0.0,"y":0.0}},"RequiredCardsOnBoard":[],"RequiredReceivingContainer":[],"RequiredReceivingContainerTag":[],"RequiredReceivingDurabilities":{"FailMessage":{"DefaultText":"","LocalizationKey":"","ParentObjectID":""},"HideActionIfNotMet":false,"RequiredFuelPercent":{"Active":false,"FloatValue":0.0,"MaxValue":0.0},"RequiredLiquidQuantity":0.0,"RequiredProgressPercent":{"Active":false,"FloatValue":0.0,"MaxValue":0.0},"RequiredSpecial1Percent":{"Active":false,"FloatValue":0.0,"MaxValue":0.0},"RequiredSpecial2Percent":{"Active":false,"FloatValue":0.0,"MaxValue":0.0},"RequiredSpecial3Percent":{"Active":false,"FloatValue":0.0,"MaxValue":0.0},"RequiredSpecial4Percent":{"Active":false,"FloatValue":0.0,"MaxValue":0.0},"RequiredSpoilagePercent":{"Active":false,"FloatValue":0.0,"MaxValue":0.0},"RequiredUsagePercent":{"Active":false,"FloatValue":0.0,"MaxValue":0.0}},"RequiredReceivingLiquidContent":{"IsActive":false,"RequiredGroup":{"m_FileID":0,"m_PathID":0},"RequiredLiquid":{"m_FileID":0,"m_PathID":0},"RequiredQuantity":{"x":0.0,"y":0.0}},"RequiredStatValues":[],"RequiredTagsOnBoard":[],"ResetWhenDone":{"m_FileID":0,"m_PathID":0},"SaveGame":false,"StackCompatible":false,"StatInterruptions":[],"StatModifications":[],"TravelToPreviousEnv":false,"UnavailableInDemo":false,"UseMiniTicks":0,"VictorySettings":{"SpecialEnding":false,"Victory":false,"VictoryMessage":{"DefaultText":"","LocalizationKey":"","ParentObjectID":""}}},"OnZeroNotification":0,"OverrideIcon":{"m_FileID":0,"m_PathID":0},"RatePerDaytimePoint":0.0,"ShowPopupOnFull":false,"ShowPopupOnZero":false,"TextDisplay":0},"SpecialDurability4":{"Active":false,"CardStatName":{"DefaultText":"","LocalizationKey":"","ParentObjectID":""},"ExtraRateWhenEquipped":0.0,"FloatValue":0.0,"HasActionOnFull":false,"HasActionOnZero":false,"HidingOptions":0,"MaxValue":0.0,"OnFull":{"ActionDescription":{"DefaultText":"","LocalizationKey":"","ParentObjectID":""},"ActionLog":{"Category":{"m_FileID":0,"m_PathID":0},"LogText":{"DefaultText":"","LocalizationKey":"","ParentObjectID":""}},"ActionName":{"DefaultText":"","LocalizationKey":"","ParentObjectID":""},"ActionSounds":[],"ActionTags":[],"BlueprintsFullUnlock":[],"Cancellable":false,"ConfirmPopup":false,"CustomDestroyMessage":{"DefaultText":"","LocalizationKey":"","ParentObjectID":""},"CustomWindowPrefab":{"m_FileID":0,"m_PathID":0},"DaytimeCost":0,"DisablePitchVariation":false,"DontShowDestroyMessage":false,"ExtraDurabilityModifications":[],"FadeMessage":{"DefaultText":"","LocalizationKey":"","ParentObjectID":""},"FadeTips":false,"FadeToBlack":0,"InstantStatModifications":false,"NoCardsAffectedMessage":{"DefaultText":"","LocalizationKey":"","ParentObjectID":""},"NotBaseAction":false,"NoveltyShared":false,"ProducedCards":[],"ReceivingCardChanges":{"ChargesChange":{"x":0.0,"y":0.0},"DropOnDestroyList":false,"FuelChange":{"x":0.0,"y":0.0},"LiquidEffectScaling":0,"LiquidQuantityChange":{"x":0.0,"y":0.0},"ModType":0,"ModifyDurability":false,"ModifyLiquid":false,"Special1Change":{"x":0.0,"y":0.0},"Special2Change":{"x":0.0,"y":0.0},"Special3Change":{"x":0.0,"y":0.0},"Special4Change":{"x":0.0,"y":0.0},"SpoilageChange":{"x":0.0,"y":0.0},"TransferCharges":false,"TransferFuel":false,"TransferInventory":false,"TransferLiquid":false,"TransferSpecial1":false,"TransferSpecial2":false,"TransferSpecial3":false,"TransferSpecial4":false,"TransferSpoilage":false,"TransferUsage":false,"TransformInto":{"m_FileID":0,"m_PathID":0},"UsageChange":{"x":0.0,"y":0.0}},"RequiredCardsOnBoard":[],"RequiredReceivingContainer":[],"RequiredReceivingContainerTag":[],"RequiredReceivingDurabilities":{"FailMessage":{"DefaultText":"","LocalizationKey":"","ParentObjectID":""},"HideActionIfNotMet":false,"RequiredFuelPercent":{"Active":false,"FloatValue":0.0,"MaxValue":0.0},"RequiredLiquidQuantity":0.0,"RequiredProgressPercent":{"Active":false,"FloatValue":0.0,"MaxValue":0.0},"RequiredSpecial1Percent":{"Active":false,"FloatValue":0.0,"MaxValue":0.0},"RequiredSpecial2Percent":{"Active":false,"FloatValue":0.0,"MaxValue":0.0},"RequiredSpecial3Percent":{"Active":false,"FloatValue":0.0,"MaxValue":0.0},"RequiredSpecial4Percent":{"Active":false,"FloatValue":0.0,"MaxValue":0.0},"RequiredSpoilagePercent":{"Active":false,"FloatValue":0.0,"MaxValue":0.0},"RequiredUsagePercent":{"Active":false,"FloatValue":0.0,"MaxValue":0.0}},"RequiredReceivingLiquidContent":{"IsActive":false,"RequiredGroup":{"m_FileID":0,"m_PathID":0},"RequiredLiquid":{"m_FileID":0,"m_PathID":0},"RequiredQuantity":{"x":0.0,"y":0.0}},"RequiredStatValues":[],"RequiredTagsOnBoard":[],"ResetWhenDone":{"m_FileID":0,"m_PathID":0},"SaveGame":false,"StackCompatible":false,"StatInterruptions":[],"StatModifications":[],"TravelToPreviousEnv":false,"UnavailableInDemo":false,"UseMiniTicks":0,"VictorySettings":{"SpecialEnding":false,"Victory":false,"VictoryMessage":{"DefaultText":"","LocalizationKey":"","ParentObjectID":""}}},"OnFullNotification":0,"OnZero":{"ActionDescription":{"DefaultText":"","LocalizationKey":"","ParentObjectID":""},"ActionLog":{"Category":{"m_FileID":0,"m_PathID":0},"LogText":{"DefaultText":"","LocalizationKey":"","ParentObjectID":""}},"ActionName":{"DefaultText":"","LocalizationKey":"","ParentObjectID":""},"ActionSounds":[],"ActionTags":[],"BlueprintsFullUnlock":[],"Cancellable":false,"ConfirmPopup":false,"CustomDestroyMessage":{"DefaultText":"","LocalizationKey":"","ParentObjectID":""},"CustomWindowPrefab":{"m_FileID":0,"m_PathID":0},"DaytimeCost":0,"DisablePitchVariation":false,"DontShowDestroyMessage":false,"ExtraDurabilityModifications":[],"FadeMessage":{"DefaultText":"","LocalizationKey":"","ParentObjectID":""},"FadeTips":false,"FadeToBlack":0,"InstantStatModifications":false,"NoCardsAffectedMessage":{"DefaultText":"","LocalizationKey":"","ParentObjectID":""},"NotBaseAction":false,"NoveltyShared":false,"ProducedCards":[],"ReceivingCardChanges":{"ChargesChange":{"x":0.0,"y":0.0},"DropOnDestroyList":false,"FuelChange":{"x":0.0,"y":0.0},"LiquidEffectScaling":0,"LiquidQuantityChange":{"x":0.0,"y":0.0},"ModType":0,"ModifyDurability":false,"ModifyLiquid":false,"Special1Change":{"x":0.0,"y":0.0},"Special2Change":{"x":0.0,"y":0.0},"Special3Change":{"x":0.0,"y":0.0},"Special4Change":{"x":0.0,"y":0.0},"SpoilageChange":{"x":0.0,"y":0.0},"TransferCharges":false,"TransferFuel":false,"TransferInventory":false,"TransferLiquid":false,"TransferSpecial1":false,"TransferSpecial2":false,"TransferSpecial3":false,"TransferSpecial4":false,"TransferSpoilage":false,"TransferUsage":false,"TransformInto":{"m_FileID":0,"m_PathID":0},"UsageChange":{"x":0.0,"y":0.0}},"RequiredCardsOnBoard":[],"RequiredReceivingContainer":[],"RequiredReceivingContainerTag":[],"RequiredReceivingDurabilities":{"FailMessage":{"DefaultText":"","LocalizationKey":"","ParentObjectID":""},"HideActionIfNotMet":false,"RequiredFuelPercent":{"Active":false,"FloatValue":0.0,"MaxValue":0.0},"RequiredLiquidQuantity":0.0,"RequiredProgressPercent":{"Active":false,"FloatValue":0.0,"MaxValue":0.0},"RequiredSpecial1Percent":{"Active":false,"FloatValue":0.0,"MaxValue":0.0},"RequiredSpecial2Percent":{"Active":false,"FloatValue":0.0,"MaxValue":0.0},"RequiredSpecial3Percent":{"Active":false,"FloatValue":0.0,"MaxValue":0.0},"RequiredSpecial4Percent":{"Active":false,"FloatValue":0.0,"MaxValue":0.0},"RequiredSpoilagePercent":{"Active":false,"FloatValue":0.0,"MaxValue":0.0},"RequiredUsagePercent":{"Active":false,"FloatValue":0.0,"MaxValue":0.0}},"RequiredReceivingLiquidContent":{"IsActive":false,"RequiredGroup":{"m_FileID":0,"m_PathID":0},"RequiredLiquid":{"m_FileID":0,"m_PathID":0},"RequiredQuantity":{"x":0.0,"y":0.0}},"RequiredStatValues":[],"RequiredTagsOnBoard":[],"ResetWhenDone":{"m_FileID":0,"m_PathID":0},"SaveGame":false,"StackCompatible":false,"StatInterruptions":[],"StatModifications":[],"TravelToPreviousEnv":false,"UnavailableInDemo":false,"UseMiniTicks":0,"VictorySettings":{"SpecialEnding":false,"Victory":false,"VictoryMessage":{"DefaultText":"","LocalizationKey":"","ParentObjectID":""}}},"OnZeroNotification":0,"OverrideIcon":{"m_FileID":0,"m_PathID":0},"RatePerDaytimePoint":0.0,"ShowPopupOnFull":false,"ShowPopupOnZero":false,"TextDisplay":0},"SpillsInventoryOnDestroy":false,"SpoilageTime":{"Active":true,"CardStatName":{"DefaultText":"","LocalizationKey":"","ParentObjectID":""},"ExtraRateWhenEquipped":0.0,"FloatValue":284.0,"HasActionOnFull":false,"HasActionOnZero":true,"HidingOptions":0,"MaxValue":0.0,"OnFull":{"ActionDescription":{"DefaultText":"","LocalizationKey":"","ParentObjectID":""},"ActionLog":{"Category":{"m_FileID":0,"m_PathID":0},"LogText":{"DefaultText":"","LocalizationKey":"","ParentObjectID":""}},"ActionName":{"DefaultText":"","LocalizationKey":"","ParentObjectID":""},"ActionSounds":[],"ActionTags":[],"BlueprintsFullUnlock":[],"Cancellable":false,"ConfirmPopup":false,"CustomDestroyMessage":{"DefaultText":"","LocalizationKey":"","ParentObjectID":""},"CustomWindowPrefab":{"m_FileID":0,"m_PathID":0},"DaytimeCost":0,"DisablePitchVariation":false,"DontShowDestroyMessage":false,"ExtraDurabilityModifications":[],"FadeMessage":{"DefaultText":"","LocalizationKey":"","ParentObjectID":""},"FadeTips":false,"FadeToBlack":0,"InstantStatModifications":false,"NoCardsAffectedMessage":{"DefaultText":"","LocalizationKey":"","ParentObjectID":""},"NotBaseAction":false,"NoveltyShared":false,"ProducedCards":[],"ReceivingCardChanges":{"ChargesChange":{"x":0.0,"y":0.0},"DropOnDestroyList":false,"FuelChange":{"x":0.0,"y":0.0},"LiquidEffectScaling":0,"LiquidQuantityChange":{"x":0.0,"y":0.0},"ModType":0,"ModifyDurability":false,"ModifyLiquid":false,"Special1Change":{"x":0.0,"y":0.0},"Special2Change":{"x":0.0,"y":0.0},"Special3Change":{"x":0.0,"y":0.0},"Special4Change":{"x":0.0,"y":0.0},"SpoilageChange":{"x":0.0,"y":0.0},"TransferCharges":false,"TransferFuel":false,"TransferInventory":false,"TransferLiquid":false,"TransferSpecial1":false,"TransferSpecial2":false,"TransferSpecial3":false,"TransferSpecial4":false,"TransferSpoilage":false,"TransferUsage":false,"TransformInto":{"m_FileID":0,"m_PathID":0},"UsageChange":{"x":0.0,"y":0.0}},"RequiredCardsOnBoard":[],"RequiredReceivingContainer":[],"RequiredReceivingContainerTag":[],"RequiredReceivingDurabilities":{"FailMessage":{"DefaultText":"","LocalizationKey":"","ParentObjectID":""},"HideActionIfNotMet":false,"RequiredFuelPercent":{"Active":false,"FloatValue":0.0,"MaxValue":0.0},"RequiredLiquidQuantity":0.0,"RequiredProgressPercent":{"Active":false,"FloatValue":0.0,"MaxValue":0.0},"RequiredSpecial1Percent":{"Active":false,"FloatValue":0.0,"MaxValue":0.0},"RequiredSpecial2Percent":{"Active":false,"FloatValue":0.0,"MaxValue":0.0},"RequiredSpecial3Percent":{"Active":false,"FloatValue":0.0,"MaxValue":0.0},"RequiredSpecial4Percent":{"Active":false,"FloatValue":0.0,"MaxValue":0.0},"RequiredSpoilagePercent":{"Active":false,"FloatValue":0.0,"MaxValue":0.0},"RequiredUsagePercent":{"Active":false,"FloatValue":0.0,"MaxValue":0.0}},"RequiredReceivingLiquidContent":{"IsActive":false,"RequiredGroup":{"m_FileID":0,"m_PathID":0},"RequiredLiquid":{"m_FileID":0,"m_PathID":0},"RequiredQuantity":{"x":0.0,"y":0.0}},"RequiredStatValues":[],"RequiredTagsOnBoard":[],"ResetWhenDone":{"m_FileID":0,"m_PathID":0},"SaveGame":false,"StackCompatible":false,"StatInterruptions":[],"StatModifications":[],"TravelToPreviousEnv":false,"UnavailableInDemo":false,"UseMiniTicks":0,"VictorySettings":{"SpecialEnding":false,"Victory":false,"VictoryMessage":{"DefaultText":"","LocalizationKey":"","ParentObjectID":""}}},"OnFullNotification":0,"OnZero":{"ActionDescription":{"DefaultText":"","LocalizationKey":"","ParentObjectID":""},"ActionLog":{"Category":{"m_FileID":0,"m_PathID":0},"LogText":{"DefaultText":"","LocalizationKey":"","ParentObjectID":""}},"ActionName":{"DefaultText":"\u76ae\u8150\u70c2\u4e86","LocalizationKey":"","ParentObjectID":""},"ActionSounds":[],"ActionTags":[],"BlueprintsFullUnlock":[],"Cancellable":false,"ConfirmPopup":false,"CustomDestroyMessage":{"DefaultText":"","LocalizationKey":"","ParentObjectID":""},"CustomWindowPrefab":{"m_FileID":0,"m_PathID":0},"DaytimeCost":0,"DisablePitchVariation":false,"DontShowDestroyMessage":false,"ExtraDurabilityModifications":[],"FadeMessage":{"DefaultText":"","LocalizationKey":"","ParentObjectID":""},"FadeTips":false,"FadeToBlack":0,"InstantStatModifications":false,"NoCardsAffectedMessage":{"DefaultText":"","LocalizationKey":"","ParentObjectID":""},"NotBaseAction":false,"NoveltyShared":false,"ProducedCards":[],"ReceivingCardChanges":{"ChargesChange":{"x":0.0,"y":0.0},"DropOnDestroyList":false,"FuelChange":{"x":0.0,"y":0.0},"LiquidEffectScaling":0,"LiquidQuantityChange":{"x":0.0,"y":0.0},"ModType":2,"ModifyDurability":false,"ModifyLiquid":false,"Special1Change":{"x":0.0,"y":0.0},"Special2Change":{"x":0.0,"y":0.0},"Special3Change":{"x":0.0,"y":0.0},"Special4Change":{"x":0.0,"y":0.0},"SpoilageChange":{"x":0.0,"y":0.0},"TransformIntoWarpData":"25a487b16088c2046a51935973ba6a90","TransferCharges":false,"TransferFuel":false,"TransferInventory":false,"TransferLiquid":false,"TransferSpecial1":false,"TransferSpecial2":false,"TransferSpecial3":false,"TransferSpecial4":false,"TransferSpoilage":false,"TransferUsage":false,"TransformInto":{"m_FileID":0,"m_PathID":0},"UsageChange":{"x":0.0,"y":0.0},"TransformIntoWarpType":3},"RequiredCardsOnBoard":[],"RequiredReceivingContainer":[],"RequiredReceivingContainerTag":[],"RequiredReceivingDurabilities":{"FailMessage":{"DefaultText":"","LocalizationKey":"","ParentObjectID":""},"HideActionIfNotMet":false,"RequiredFuelPercent":{"Active":false,"FloatValue":0.0,"MaxValue":0.0},"RequiredLiquidQuantity":0.0,"RequiredProgressPercent":{"Active":false,"FloatValue":0.0,"MaxValue":0.0},"RequiredSpecial1Percent":{"Active":false,"FloatValue":0.0,"MaxValue":0.0},"RequiredSpecial2Percent":{"Active":false,"FloatValue":0.0,"MaxValue":0.0},"RequiredSpecial3Percent":{"Active":false,"FloatValue":0.0,"MaxValue":0.0},"RequiredSpecial4Percent":{"Active":false,"FloatValue":0.0,"MaxValue":0.0},"RequiredSpoilagePercent":{"Active":false,"FloatValue":0.0,"MaxValue":0.0},"RequiredUsagePercent":{"Active":false,"FloatValue":0.0,"MaxValue":0.0}},"RequiredReceivingLiquidContent":{"IsActive":false,"RequiredGroup":{"m_FileID":0,"m_PathID":0},"RequiredLiquid":{"m_FileID":0,"m_PathID":0},"RequiredQuantity":{"x":0.0,"y":0.0}},"RequiredStatValues":[],"RequiredTagsOnBoard":[],"ResetWhenDone":{"m_FileID":0,"m_PathID":0},"SaveGame":false,"StackCompatible":false,"StatInterruptions":[],"StatModifications":[],"TravelToPreviousEnv":false,"UnavailableInDemo":false,"UseMiniTicks":0,"VictorySettings":{"SpecialEnding":false,"Victory":false,"VictoryMessage":{"DefaultText":"","LocalizationKey":"","ParentObjectID":""}}},"OnZeroNotification":0,"OverrideIcon":{"m_FileID":0,"m_PathID":0},"RatePerDaytimePoint":-1.0,"ShowPopupOnFull":false,"ShowPopupOnZero":false,"TextDisplay":0},"StatValues":[],"TagsOnBoard":[],"TimeValues":[],"TransferCookingResultsOnTransform":false,"UniqueID":"2fbb1f0db0dec7bd54e53c010a1725a6","UniqueOnBoard":false,"UnlockConditionsDesc":{"DefaultText":"","LocalizationKey":"","ParentObjectID":""},"UsageDurability":{"Active":false,"CardStatName":{"DefaultText":"","LocalizationKey":"","ParentObjectID":""},"ExtraRateWhenEquipped":0.0,"FloatValue":0.0,"HasActionOnFull":false,"HasActionOnZero":false,"HidingOptions":0,"MaxValue":0.0,"OnFull":{"ActionDescription":{"DefaultText":"","LocalizationKey":"","ParentObjectID":""},"ActionLog":{"Category":{"m_FileID":0,"m_PathID":0},"LogText":{"DefaultText":"","LocalizationKey":"","ParentObjectID":""}},"ActionName":{"DefaultText":"","LocalizationKey":"","ParentObjectID":""},"ActionSounds":[],"ActionTags":[],"BlueprintsFullUnlock":[],"Cancellable":false,"ConfirmPopup":false,"CustomDestroyMessage":{"DefaultText":"","LocalizationKey":"","ParentObjectID":""},"CustomWindowPrefab":{"m_FileID":0,"m_PathID":0},"DaytimeCost":0,"DisablePitchVariation":false,"DontShowDestroyMessage":false,"ExtraDurabilityModifications":[],"FadeMessage":{"DefaultText":"","LocalizationKey":"","ParentObjectID":""},"FadeTips":false,"FadeToBlack":0,"InstantStatModifications":false,"NoCardsAffectedMessage":{"DefaultText":"","LocalizationKey":"","ParentObjectID":""},"NotBaseAction":false,"NoveltyShared":false,"ProducedCards":[],"ReceivingCardChanges":{"ChargesChange":{"x":0.0,"y":0.0},"DropOnDestroyList":false,"FuelChange":{"x":0.0,"y":0.0},"LiquidEffectScaling":0,"LiquidQuantityChange":{"x":0.0,"y":0.0},"ModType":0,"ModifyDurability":false,"ModifyLiquid":false,"Special1Change":{"x":0.0,"y":0.0},"Special2Change":{"x":0.0,"y":0.0},"Special3Change":{"x":0.0,"y":0.0},"Special4Change":{"x":0.0,"y":0.0},"SpoilageChange":{"x":0.0,"y":0.0},"TransferCharges":false,"TransferFuel":false,"TransferInventory":false,"TransferLiquid":false,"TransferSpecial1":false,"TransferSpecial2":false,"TransferSpecial3":false,"TransferSpecial4":false,"TransferSpoilage":false,"TransferUsage":false,"TransformInto":{"m_FileID":0,"m_PathID":0},"UsageChange":{"x":0.0,"y":0.0}},"RequiredCardsOnBoard":[],"RequiredReceivingContainer":[],"RequiredReceivingContainerTag":[],"RequiredReceivingDurabilities":{"FailMessage":{"DefaultText":"","LocalizationKey":"","ParentObjectID":""},"HideActionIfNotMet":false,"RequiredFuelPercent":{"Active":false,"FloatValue":0.0,"MaxValue":0.0},"RequiredLiquidQuantity":0.0,"RequiredProgressPercent":{"Active":false,"FloatValue":0.0,"MaxValue":0.0},"RequiredSpecial1Percent":{"Active":false,"FloatValue":0.0,"MaxValue":0.0},"RequiredSpecial2Percent":{"Active":false,"FloatValue":0.0,"MaxValue":0.0},"RequiredSpecial3Percent":{"Active":false,"FloatValue":0.0,"MaxValue":0.0},"RequiredSpecial4Percent":{"Active":false,"FloatValue":0.0,"MaxValue":0.0},"RequiredSpoilagePercent":{"Active":false,"FloatValue":0.0,"MaxValue":0.0},"RequiredUsagePercent":{"Active":false,"FloatValue":0.0,"MaxValue":0.0}},"RequiredReceivingLiquidContent":{"IsActive":false,"RequiredGroup":{"m_FileID":0,"m_PathID":0},"RequiredLiquid":{"m_FileID":0,"m_PathID":0},"RequiredQuantity":{"x":0.0,"y":0.0}},"RequiredStatValues":[],"RequiredTagsOnBoard":[],"ResetWhenDone":{"m_FileID":0,"m_PathID":0},"SaveGame":false,"StackCompatible":false,"StatInterruptions":[],"StatModifications":[],"TravelToPreviousEnv":false,"UnavailableInDemo":false,"UseMiniTicks":0,"VictorySettings":{"SpecialEnding":false,"Victory":false,"VictoryMessage":{"DefaultText":"","LocalizationKey":"","ParentObjectID":""}}},"OnFullNotification":0,"OnZero":{"ActionDescription":{"DefaultText":"","LocalizationKey":"","ParentObjectID":""},"ActionLog":{"Category":{"m_FileID":0,"m_PathID":0},"LogText":{"DefaultText":"","LocalizationKey":"","ParentObjectID":""}},"ActionName":{"DefaultText":"","LocalizationKey":"","ParentObjectID":""},"ActionSounds":[],"ActionTags":[],"BlueprintsFullUnlock":[],"Cancellable":false,"ConfirmPopup":false,"CustomDestroyMessage":{"DefaultText":"","LocalizationKey":"","ParentObjectID":""},"CustomWindowPrefab":{"m_FileID":0,"m_PathID":0},"DaytimeCost":0,"DisablePitchVariation":false,"DontShowDestroyMessage":false,"ExtraDurabilityModifications":[],"FadeMessage":{"DefaultText":"","LocalizationKey":"","ParentObjectID":""},"FadeTips":false,"FadeToBlack":0,"InstantStatModifications":false,"NoCardsAffectedMessage":{"DefaultText":"","LocalizationKey":"","ParentObjectID":""},"NotBaseAction":false,"NoveltyShared":false,"ProducedCards":[],"ReceivingCardChanges":{"ChargesChange":{"x":0.0,"y":0.0},"DropOnDestroyList":false,"FuelChange":{"x":0.0,"y":0.0},"LiquidEffectScaling":0,"LiquidQuantityChange":{"x":0.0,"y":0.0},"ModType":0,"ModifyDurability":false,"ModifyLiquid":false,"Special1Change":{"x":0.0,"y":0.0},"Special2Change":{"x":0.0,"y":0.0},"Special3Change":{"x":0.0,"y":0.0},"Special4Change":{"x":0.0,"y":0.0},"SpoilageChange":{"x":0.0,"y":0.0},"TransferCharges":false,"TransferFuel":false,"TransferInventory":false,"TransferLiquid":false,"TransferSpecial1":false,"TransferSpecial2":false,"TransferSpecial3":false,"TransferSpecial4":false,"TransferSpoilage":false,"TransferUsage":false,"TransformInto":{"m_FileID":0,"m_PathID":0},"UsageChange":{"x":0.0,"y":0.0}},"RequiredCardsOnBoard":[],"RequiredReceivingContainer":[],"RequiredReceivingContainerTag":[],"RequiredReceivingDurabilities":{"FailMessage":{"DefaultText":"","LocalizationKey":"","ParentObjectID":""},"HideActionIfNotMet":false,"RequiredFuelPercent":{"Active":false,"FloatValue":0.0,"MaxValue":0.0},"RequiredLiquidQuantity":0.0,"RequiredProgressPercent":{"Active":false,"FloatValue":0.0,"MaxValue":0.0},"RequiredSpecial1Percent":{"Active":false,"FloatValue":0.0,"MaxValue":0.0},"RequiredSpecial2Percent":{"Active":false,"FloatValue":0.0,"MaxValue":0.0},"RequiredSpecial3Percent":{"Active":false,"FloatValue":0.0,"MaxValue":0.0},"RequiredSpecial4Percent":{"Active":false,"FloatValue":0.0,"MaxValue":0.0},"RequiredSpoilagePercent":{"Active":false,"FloatValue":0.0,"MaxValue":0.0},"RequiredUsagePercent":{"Active":false,"FloatValue":0.0,"MaxValue":0.0}},"RequiredReceivingLiquidContent":{"IsActive":false,"RequiredGroup":{"m_FileID":0,"m_PathID":0},"RequiredLiquid":{"m_FileID":0,"m_PathID":0},"RequiredQuantity":{"x":0.0,"y":0.0}},"RequiredStatValues":[],"RequiredTagsOnBoard":[],"ResetWhenDone":{"m_FileID":0,"m_PathID":0},"SaveGame":false,"StackCompatible":false,"StatInterruptions":[],"StatModifications":[],"TravelToPreviousEnv":false,"UnavailableInDemo":false,"UseMiniTicks":0,"VictorySettings":{"SpecialEnding":false,"Victory":false,"VictoryMessage":{"DefaultText":"","LocalizationKey":"","ParentObjectID":""}}},"OnZeroNotification":0,"OverrideIcon":{"m_FileID":0,"m_PathID":0},"RatePerDaytimePoint":0.0,"ShowPopupOnFull":false,"ShowPopupOnZero":false,"TextDisplay":0},"VisualEffects":[],"WeatherEffects":{"m_FileID":0,"m_PathID":0},"WeightReductionWhenEquipped":0.0,"ActionRange":0,"AmmoNeeded":[],"AmmoUsageCost":0.0,"AppliesCoverWhenEquipped":false,"ArmorValues":{"HeadArmor":0.0,"HeadArmorModifiers":[],"HeadHitProbabilityModifier":0.0,"LArmArmor":0.0,"LArmArmorModifiers":[],"LArmHitProbabilityModifier":0.0,"LLegArmor":0.0,"LLegArmorModifiers":[],"LLegHitProbabilityModifier":0.0,"RArmArmor":0.0,"RArmArmorModifiers":[],"RArmHitProbabilityModifier":0.0,"RLegArmor":0.0,"RLegArmorModifiers":[],"RLegHitProbabilityModifier":0.0,"TorsoArmor":0.0,"TorsoArmorModifiers":[],"TorsoHitProbabilityModifier":0.0},"BaseClashValue":{"x":0.0,"y":0.0},"BrokenDuringCombatLog":{"LogText":{"ParentObjectID":"","LocalizationKey":"","DefaultText":""},"AlternateLogTexts":[],"TextSettings":{"Active":false,"Bold":false,"Italics":false,"Underlined":false},"TextColor":{"Active":false,"ColorValue":{"r":0.0,"g":0.0,"b":0.0,"a":0.0}},"ScreenShake":false,"SoundEffects":[]},"ClashIneffectiveRangeMalus":{"x":0.0,"y":0.0},"ClashRangedInaccuracy":{"x":0.0,"y":0.0},"ClashStealthBonus":{"x":0.0,"y":0.0},"ClashVsEscapeBonus":{"x":0.0,"y":0.0},"DamageTypes":[],"EnemyAddedCover":0.0,"EnemyAddedStealth":0.0,"EnemyCoverHitProbabilityModifiers":{"HeadHitProbabilityModifier":0.0,"LArmHitProbabilityModifier":0.0,"LLegHitProbabilityModifier":0.0,"RArmHitProbabilityModifier":0.0,"RLegHitProbabilityModifier":0.0,"TorsoHitProbabilityModifier":0.0},"IsAmmo":false,"IsArmor":false,"IsCover":false,"IsWeapon":false,"PlayerAddedCover":0.0,"PlayerAddedStealth":0.0,"PlayerCoverHitProbabilityModifiers":{"HeadHitProbabilityModifier":0.0,"LArmHitProbabilityModifier":0.0,"LLegHitProbabilityModifier":0.0,"RArmHitProbabilityModifier":0.0,"RLegHitProbabilityModifier":0.0,"TorsoHitProbabilityModifier":0.0},"RequiredDistance":0,"WeaponActionStatChanges":[],"WeaponClashStatInfluences":[],"WeaponDamage":{"x":0.0,"y":0.0},"WeaponDamageStatInfluences":[],"WeaponIneffectiveCombatLog":{"LogText":{"ParentObjectID":"","LocalizationKey":"","DefaultText":""},"AlternateLogTexts":[],"TextSettings":{"Active":false,"Bold":false,"Italics":false,"Underlined":false},"TextColor":{"Active":false,"ColorValue":{"r":0.0,"g":0.0,"b":0.0,"a":0.0}},"ScreenShake":false,"SoundEffects":[]},"WeaponReach":0.0,"WhenCreatedSounds":[],"WhenCreatedSoundsWarpData":["ContainerBags"],"WhenCreatedSoundsWarpType":3}