{
    "AssociatedEntry": {
        "m_FileID": 0,
        "m_PathID": 0
    },
    "IncludedCards": [],
    "IncludedCardsWarpData": [],
    "IncludedCardsWarpType": 3,
    "ShopSortingList": [],
    "SubGroups": [],
    "TabIcon": {
        "m_FileID": 0,
        "m_PathID": 0
    },
    "TabIconWarpData": "基础",
    "TabIconWarpType": 3,
    "TabName": {
        "DefaultText": "基础",
        "LocalizationKey": "",
        "ParentObjectID": "ab7d3c56d544b3c4eaf02088e34562dc"
    }
}