{
    "AssociatedEntry": {
        "m_FileID": 0,
        "m_PathID": 0
    },
    "IncludedCards": [],
    "IncludedCardsWarpData": [
        "d2f87113098849c680732cb0b41246a0",
        "fd1995b40cbe4117829d2c25e17b3fd1",
        "7e52633d875e44858868bf2bef1135da",
        "9e19dbcfd8a541dc819f85984243329e",
        "b8fbb03b73d34315a10c34176439e14d",
        "da67c8c62d964535b38410931f9124e5",
        "65ba26a98c034450995d9ce7f584e8e6",
        "3240b2b29b974096a27d69a18828aabd",
        "3d3e46a5e5d7436a878fc2a0d3131b37",
        "74f92ca4c497484884b2557afb645083",
        "32bcd8b7a8a84eb59b2186bc144cb47a"
    ],
    "IncludedCardsWarpType": 3,
    "ShopSortingList": [],
    "SubGroups": [],
    "TabIcon": {
        "m_FileID": 0,
        "m_PathID": 0
    },
    "TabIconWarpData": "调查成果4",
    "TabIconWarpType": 3,
    "TabName": {
        "DefaultText": "洞穴之主",
        "LocalizationKey": "",
        "ParentObjectID": "ab7d3c56d544b3c4eaf02088e34562dc"
    }
}