{
    "AssociatedEntry": {
        "m_FileID": 0,
        "m_PathID": 0
    },
    "IncludedCards": [],
    "IncludedCardsWarpData": [],
    "IncludedCardsWarpType": 3,
    "ShopSortingList": [],
    "SubGroups": [],
    "TabIcon": {
        "m_FileID": 0,
        "m_PathID": 0
    },
    "TabIconWarpData": "电力",
    "TabIconWarpType": 3,
    "TabName": {
        "DefaultText": "电力",
        "LocalizationKey": "",
        "ParentObjectID": "abf2e5c37c244b545a059d0a5577bdec"
    }
}