{
    "AssociatedEntry": {
        "m_FileID": 0,
        "m_PathID": 0
    },
    "IncludedCards": [],
    "IncludedCardsWarpData": [],
    "IncludedCardsWarpType": 3,
    "ShopSortingList": [],
    "SubGroups": [],
    "TabIcon": {
        "m_FileID": 0,
        "m_PathID": 0
    },
    "TabIconWarpData": "厨具",
    "TabIconWarpType": 3,
    "TabName": {
        "DefaultText": "厨具",
        "LocalizationKey": "",
        "ParentObjectID": "846cfb9c88638da4cbad9b0ded6ee242"
    }
}