{
    "AssociatedEntry": {
        "m_FileID": 0,
        "m_PathID": 0
    },
    "IncludedCards": [],
    "ShopSortingList": [],
    "ShopSortingListWarpData": [],
    "ShopSortingListWarpType": 3,
    "SubGroups": [],
    "SubGroupsWarpData": [
        "Tab_Ending_基础",
        "Tab_Ending_田园"
    ],
    "SubGroupsWarpType": 3,
    "TabIcon": {
        "m_FileID": 0,
        "m_PathID": 0
    },
    "TabIconWarpData": "结局",
    "TabIconWarpType": 3,
    "TabName": {
        "DefaultText": "结局",
        "LocalizationKey": "",
        "ParentObjectID": "a1de87df6d41f544293327c6867f37ef"
    }
}