{"CardInteractionsWarpData":[{"ActionDescription":{"DefaultText":"","LocalizationKey":"","ParentObjectID":""},"ActionLog":{"Category":{"m_FileID":0,"m_PathID":0},"LogText":{"DefaultText":"","LocalizationKey":"","ParentObjectID":""}},"ActionName":{"DefaultText":"\u6dfb\u5165\u5e72\u6728","LocalizationKey":"","ParentObjectID":""},"ActionSounds":[],"ActionTags":[],"ActionTagsWarpData":[],"ActionTagsWarpType":3,"BlueprintsFullUnlock":[],"Cancellable":false,"CarryOverGivenCard":false,"CompatibleCards":{"TriggerCards":[],"TriggerTags":[],"TriggerCardsWarpData":["896ed318e88cff02d8179a2c4efde44c"],"TriggerCardsWarpType":3},"ConfirmPopup":false,"CreatedLiquidInGivenCard":{"LiquidCard":{"m_FileID":0,"m_PathID":0},"Quantity":{"x":0.0,"y":0.0}},"CustomDestroyMessage":{"DefaultText":"","LocalizationKey":"","ParentObjectID":""},"CustomWindowPrefab":{"m_FileID":0,"m_PathID":0},"DaytimeCost":0,"DisablePitchVariation":false,"DontShowDestroyMessage":false,"ExtraDurabilityModifications":[],"FadeMessage":{"DefaultText":"","LocalizationKey":"","ParentObjectID":""},"FadeTips":false,"FadeToBlack":0,"StackStopConditions":{"SpoilageIsFull":false,"SpoilageIsEmpty":false,"UsageIsFull":false,"UsageIsEmpty":false,"FuelIsFull":false,"FuelIsEmpty":false,"ProgressIsFull":false,"ProgressIsEmpty":false,"Special1IsFull":false,"Special1IsEmpty":false,"Special2IsFull":false,"Special2IsEmpty":false,"Special3IsFull":false,"Special3IsEmpty":false,"Special4IsFull":false,"Special4IsEmpty":false,"LocationWeightIsFull":false},"GivenCardChanges":{"ChargesChange":{"x":0.0,"y":0.0},"DropOnDestroyList":false,"FuelChange":{"x":0.0,"y":0.0},"LiquidEffectScaling":0,"LiquidQuantityChange":{"x":0.0,"y":0.0},"ModType":3,"ModifyDurability":false,"ModifyLiquid":false,"Special1Change":{"x":0.0,"y":0.0},"Special2Change":{"x":0.0,"y":0.0},"Special3Change":{"x":0.0,"y":0.0},"Special4Change":{"x":0.0,"y":0.0},"SpoilageChange":{"x":0.0,"y":0.0},"TransformIntoWarpData":"","TransferCharges":false,"TransferFuel":false,"TransferInventory":false,"TransferLiquid":false,"TransferSpecial1":false,"TransferSpecial2":false,"TransferSpecial3":false,"TransferSpecial4":false,"TransferSpoilage":false,"TransferUsage":false,"TransformInto":{"m_FileID":0,"m_PathID":0},"UsageChange":{"x":0.0,"y":0.0}},"InstantStatModifications":false,"NoCardsAffectedMessage":{"DefaultText":"","LocalizationKey":"","ParentObjectID":""},"NotBaseAction":false,"NoveltyShared":false,"ProducedCards":[],"ReceivingCardChanges":{"ChargesChange":{"x":0.0,"y":0.0},"DropOnDestroyList":false,"FuelChange":{"x":32.0,"y":32.0},"LiquidEffectScaling":0,"LiquidQuantityChange":{"x":0.0,"y":0.0},"ModType":1,"ModifyDurability":false,"ModifyLiquid":false,"Special1Change":{"x":0.0,"y":0.0},"Special2Change":{"x":0.0,"y":0.0},"Special3Change":{"x":0.0,"y":0.0},"Special4Change":{"x":0.0,"y":0.0},"SpoilageChange":{"x":0.0,"y":0.0},"TransformIntoWarpData":"","TransferCharges":false,"TransferFuel":false,"TransferInventory":false,"TransferLiquid":false,"TransferSpecial1":false,"TransferSpecial2":false,"TransferSpecial3":false,"TransferSpecial4":false,"TransferSpoilage":false,"TransferUsage":false,"TransformInto":{"m_FileID":0,"m_PathID":0},"UsageChange":{"x":0.0,"y":0.0}},"RequiredCardsOnBoard":[],"RequiredGivenContainer":[],"RequiredGivenContainerTag":[],"RequiredGivenDurabilities":{"FailMessage":{"DefaultText":"","LocalizationKey":"","ParentObjectID":""},"HideActionIfNotMet":false,"RequiredFuelPercent":{"Active":false,"FloatValue":0.0,"MaxValue":0.0},"RequiredLiquidQuantity":0.0,"RequiredProgressPercent":{"Active":false,"FloatValue":0.0,"MaxValue":0.0},"RequiredSpecial1Percent":{"Active":false,"FloatValue":0.0,"MaxValue":0.0},"RequiredSpecial2Percent":{"Active":false,"FloatValue":0.0,"MaxValue":0.0},"RequiredSpecial3Percent":{"Active":false,"FloatValue":0.0,"MaxValue":0.0},"RequiredSpecial4Percent":{"Active":false,"FloatValue":0.0,"MaxValue":0.0},"RequiredSpoilagePercent":{"Active":false,"FloatValue":0.0,"MaxValue":0.0},"RequiredUsagePercent":{"Active":false,"FloatValue":0.0,"MaxValue":0.0}},"RequiredGivenLiquidContent":{"IsActive":false,"RequiredGroup":{"m_FileID":0,"m_PathID":0},"RequiredLiquid":{"m_FileID":0,"m_PathID":0},"RequiredQuantity":{"x":0.0,"y":0.0}},"RequiredReceivingContainer":[],"RequiredReceivingContainerTag":[],"RequiredReceivingDurabilities":{"FailMessage":{"DefaultText":"","LocalizationKey":"","ParentObjectID":""},"HideActionIfNotMet":false,"RequiredFuelPercent":{"Active":false,"FloatValue":0.0,"MaxValue":0.0},"RequiredLiquidQuantity":0.0,"RequiredProgressPercent":{"Active":false,"FloatValue":0.0,"MaxValue":0.0},"RequiredSpecial1Percent":{"Active":false,"FloatValue":0.0,"MaxValue":0.0},"RequiredSpecial2Percent":{"Active":false,"FloatValue":0.0,"MaxValue":0.0},"RequiredSpecial3Percent":{"Active":false,"FloatValue":0.0,"MaxValue":0.0},"RequiredSpecial4Percent":{"Active":false,"FloatValue":0.0,"MaxValue":0.0},"RequiredSpoilagePercent":{"Active":false,"FloatValue":0.0,"MaxValue":0.0},"RequiredUsagePercent":{"Active":false,"FloatValue":0.0,"MaxValue":0.0}},"RequiredReceivingLiquidContent":{"IsActive":false,"RequiredGroup":{"m_FileID":0,"m_PathID":0},"RequiredLiquid":{"m_FileID":0,"m_PathID":0},"RequiredQuantity":{"x":0.0,"y":0.0}},"RequiredStatValues":[],"RequiredTagsOnBoard":[],"ResetWhenDone":{"m_FileID":0,"m_PathID":0},"SaveGame":false,"StackCompatible":true,"StatInterruptions":[],"StatModifications":[],"TravelToPreviousEnv":false,"UnavailableInDemo":false,"UseMiniTicks":2,"VictorySettings":{"SpecialEnding":false,"Victory":false,"VictoryMessage":{"DefaultText":"","LocalizationKey":"","ParentObjectID":""}},"WorksBothWays":false}],"CardInteractionsWarpType":4,"CookingRecipesWarpData":[{"ActionName":{"DefaultText":"\u65a7\u5b50\u5934","LocalizationKey":"","ParentObjectID":""},"CannotCookText":{"DefaultText":"\u9700\u8981\u66f4\u9ad8\u7684\u6e29\u5ea6\uff01","LocalizationKey":"","ParentObjectID":""},"CompatibleCards":[],"CompatibleTags":[],"Conditions":{"NotInBackground":false,"RequiredCardsInInventory":[],"RequiredCardsNOTOnBoard":[],"RequiredCardsOnBoard":[],"RequiredContainer":[],"RequiredContainerTags":[],"RequiredDurabilityRanges":{"FuelRange":{"x":0.0,"y":0.0},"LiquidQuantityRange":{"x":0.0,"y":0.0},"ProgressRange":{"x":0.0,"y":0.0},"Special1Range":{"x":0.0,"y":0.0},"Special2Range":{"x":0.0,"y":0.0},"Special3Range":{"x":0.0,"y":0.0},"Special4Range":{"x":0.0,"y":0.0},"SpoilageRange":{"x":1400.0,"y":3000.0},"UsageRange":{"x":0.0,"y":0.0}},"RequiredEnvironment":{"m_FileID":0,"m_PathID":0},"RequiredEnvironmentTags":[],"RequiredLiquidContainers":[],"RequiredStatValues":[],"RequiredTagsInInventory":[],"RequiredTagsNOTOnBoard":[],"RequiredTagsOnBoard":[]},"ConditionsCard":0,"CookerChanges":{"ChargesChange":{"x":0.0,"y":0.0},"DropOnDestroyList":false,"FuelChange":{"x":0.0,"y":0.0},"LiquidEffectScaling":0,"LiquidQuantityChange":{"x":0.0,"y":0.0},"ModType":0,"ModifyDurability":false,"ModifyLiquid":false,"Special1Change":{"x":0.0,"y":0.0},"Special2Change":{"x":0.0,"y":0.0},"Special3Change":{"x":0.0,"y":0.0},"Special4Change":{"x":0.0,"y":0.0},"SpoilageChange":{"x":0.0,"y":0.0},"TransferCharges":false,"TransferFuel":false,"TransferInventory":false,"TransferLiquid":false,"TransferSpecial1":false,"TransferSpecial2":false,"TransferSpecial3":false,"TransferSpecial4":false,"TransferSpoilage":false,"TransferUsage":false,"TransformInto":{"m_FileID":0,"m_PathID":0},"UsageChange":{"x":0.0,"y":0.0}},"CustomCompleteSound":{"m_FileID":0,"m_PathID":0},"CustomCookingText":{"DefaultText":"{0}\u540e\u5b8c\u6210","LocalizationKey":"","ParentObjectID":""},"CustomNotification":{"DefaultText":"","LocalizationKey":"","ParentObjectID":""},"Drops":[{"DroppedCard":{"m_FileID":0,"m_PathID":0},"DroppedCardWarpData":"d630560a86eff54c75f9b59b459d9ff4","DroppedCardWarpType":3,"Quantity":{"x":1.0,"y":1.0}}],"DropsAsCollection":[],"Duration":32,"DurationRdmVariation":0,"HideCookingProgress":false,"HideResultNotification":false,"IngredientChanges":{"ChargesChange":{"x":0.0,"y":0.0},"DropOnDestroyList":false,"FuelChange":{"x":0.0,"y":0.0},"LiquidEffectScaling":0,"LiquidQuantityChange":{"x":0.0,"y":0.0},"ModType":0,"ModifyDurability":false,"ModifyLiquid":false,"Special1Change":{"x":0.0,"y":0.0},"Special2Change":{"x":0.0,"y":0.0},"Special3Change":{"x":0.0,"y":0.0},"Special4Change":{"x":0.0,"y":0.0},"SpoilageChange":{"x":0.0,"y":0.0},"TransferCharges":false,"TransferFuel":false,"TransferInventory":false,"TransferLiquid":false,"TransferSpecial1":false,"TransferSpecial2":false,"TransferSpecial3":false,"TransferSpecial4":false,"TransferSpoilage":false,"TransferUsage":false,"TransformInto":{"m_FileID":0,"m_PathID":0},"UsageChange":{"x":0.0,"y":0.0}},"Notification":0,"RandomSingleDrop":false,"ScaleDropsPerLiquidQuantity":{"Active":false,"FloatValue":0.0},"StatModifications":[{"ApplyEachTick":false,"InstantModifier":false,"IsInverse":false,"RateModifier":{"x":0,"y":0},"Stat":{"m_FileID":0,"m_PathID":0},"StatWarpData":"e347b21369b355e4d89011407ec7726b","StatWarpType":3,"ValueModifier":{"x":2.0,"y":2.0}}],"CompatibleCardsWarpType":3,"CompatibleCardsWarpData":["d5e58262d7abc200bbd3d87176bc2dec"]},{"ActionName":{"DefaultText":"\u94f2\u5b50\u5934","LocalizationKey":"","ParentObjectID":""},"CannotCookText":{"DefaultText":"\u9700\u8981\u66f4\u9ad8\u7684\u6e29\u5ea6\uff01","LocalizationKey":"","ParentObjectID":""},"CompatibleCards":[],"CompatibleTags":[],"Conditions":{"NotInBackground":false,"RequiredCardsInInventory":[],"RequiredCardsNOTOnBoard":[],"RequiredCardsOnBoard":[],"RequiredContainer":[],"RequiredContainerTags":[],"RequiredDurabilityRanges":{"FuelRange":{"x":0.0,"y":0.0},"LiquidQuantityRange":{"x":0.0,"y":0.0},"ProgressRange":{"x":0.0,"y":0.0},"Special1Range":{"x":0.0,"y":0.0},"Special2Range":{"x":0.0,"y":0.0},"Special3Range":{"x":0.0,"y":0.0},"Special4Range":{"x":0.0,"y":0.0},"SpoilageRange":{"x":1400.0,"y":3000.0},"UsageRange":{"x":0.0,"y":0.0}},"RequiredEnvironment":{"m_FileID":0,"m_PathID":0},"RequiredEnvironmentTags":[],"RequiredLiquidContainers":[],"RequiredStatValues":[],"RequiredTagsInInventory":[],"RequiredTagsNOTOnBoard":[],"RequiredTagsOnBoard":[]},"ConditionsCard":0,"CookerChanges":{"ChargesChange":{"x":0.0,"y":0.0},"DropOnDestroyList":false,"FuelChange":{"x":0.0,"y":0.0},"LiquidEffectScaling":0,"LiquidQuantityChange":{"x":0.0,"y":0.0},"ModType":0,"ModifyDurability":false,"ModifyLiquid":false,"Special1Change":{"x":0.0,"y":0.0},"Special2Change":{"x":0.0,"y":0.0},"Special3Change":{"x":0.0,"y":0.0},"Special4Change":{"x":0.0,"y":0.0},"SpoilageChange":{"x":0.0,"y":0.0},"TransferCharges":false,"TransferFuel":false,"TransferInventory":false,"TransferLiquid":false,"TransferSpecial1":false,"TransferSpecial2":false,"TransferSpecial3":false,"TransferSpecial4":false,"TransferSpoilage":false,"TransferUsage":false,"TransformInto":{"m_FileID":0,"m_PathID":0},"UsageChange":{"x":0.0,"y":0.0}},"CustomCompleteSound":{"m_FileID":0,"m_PathID":0},"CustomCookingText":{"DefaultText":"{0}\u540e\u5b8c\u6210","LocalizationKey":"","ParentObjectID":""},"CustomNotification":{"DefaultText":"","LocalizationKey":"","ParentObjectID":""},"Drops":[{"DroppedCard":{"m_FileID":0,"m_PathID":0},"DroppedCardWarpData":"874a7c9287df2f4583a073aef9096cb9","DroppedCardWarpType":3,"Quantity":{"x":1.0,"y":1.0}}],"DropsAsCollection":[],"Duration":32,"DurationRdmVariation":0,"HideCookingProgress":false,"HideResultNotification":false,"IngredientChanges":{"ChargesChange":{"x":0.0,"y":0.0},"DropOnDestroyList":false,"FuelChange":{"x":0.0,"y":0.0},"LiquidEffectScaling":0,"LiquidQuantityChange":{"x":0.0,"y":0.0},"ModType":0,"ModifyDurability":false,"ModifyLiquid":false,"Special1Change":{"x":0.0,"y":0.0},"Special2Change":{"x":0.0,"y":0.0},"Special3Change":{"x":0.0,"y":0.0},"Special4Change":{"x":0.0,"y":0.0},"SpoilageChange":{"x":0.0,"y":0.0},"TransferCharges":false,"TransferFuel":false,"TransferInventory":false,"TransferLiquid":false,"TransferSpecial1":false,"TransferSpecial2":false,"TransferSpecial3":false,"TransferSpecial4":false,"TransferSpoilage":false,"TransferUsage":false,"TransformInto":{"m_FileID":0,"m_PathID":0},"UsageChange":{"x":0.0,"y":0.0}},"Notification":0,"RandomSingleDrop":false,"ScaleDropsPerLiquidQuantity":{"Active":false,"FloatValue":0.0},"StatModifications":[{"ApplyEachTick":false,"InstantModifier":false,"IsInverse":false,"RateModifier":{"x":0,"y":0},"Stat":{"m_FileID":0,"m_PathID":0},"StatWarpData":"e347b21369b355e4d89011407ec7726b","StatWarpType":3,"ValueModifier":{"x":2.0,"y":2.0}}],"CompatibleCardsWarpType":3,"CompatibleCardsWarpData":["dda5db4763e08eac6dee93c7eb38f448"]},{"ActionName":{"DefaultText":"\u77db\u5934","LocalizationKey":"","ParentObjectID":""},"CannotCookText":{"DefaultText":"\u9700\u8981\u66f4\u9ad8\u7684\u6e29\u5ea6\uff01","LocalizationKey":"","ParentObjectID":""},"CompatibleCards":[],"CompatibleTags":[],"Conditions":{"NotInBackground":false,"RequiredCardsInInventory":[],"RequiredCardsNOTOnBoard":[],"RequiredCardsOnBoard":[],"RequiredContainer":[],"RequiredContainerTags":[],"RequiredDurabilityRanges":{"FuelRange":{"x":0.0,"y":0.0},"LiquidQuantityRange":{"x":0.0,"y":0.0},"ProgressRange":{"x":0.0,"y":0.0},"Special1Range":{"x":0.0,"y":0.0},"Special2Range":{"x":0.0,"y":0.0},"Special3Range":{"x":0.0,"y":0.0},"Special4Range":{"x":0.0,"y":0.0},"SpoilageRange":{"x":1400.0,"y":3000.0},"UsageRange":{"x":0.0,"y":0.0}},"RequiredEnvironment":{"m_FileID":0,"m_PathID":0},"RequiredEnvironmentTags":[],"RequiredLiquidContainers":[],"RequiredStatValues":[],"RequiredTagsInInventory":[],"RequiredTagsNOTOnBoard":[],"RequiredTagsOnBoard":[]},"ConditionsCard":0,"CookerChanges":{"ChargesChange":{"x":0.0,"y":0.0},"DropOnDestroyList":false,"FuelChange":{"x":0.0,"y":0.0},"LiquidEffectScaling":0,"LiquidQuantityChange":{"x":0.0,"y":0.0},"ModType":0,"ModifyDurability":false,"ModifyLiquid":false,"Special1Change":{"x":0.0,"y":0.0},"Special2Change":{"x":0.0,"y":0.0},"Special3Change":{"x":0.0,"y":0.0},"Special4Change":{"x":0.0,"y":0.0},"SpoilageChange":{"x":0.0,"y":0.0},"TransferCharges":false,"TransferFuel":false,"TransferInventory":false,"TransferLiquid":false,"TransferSpecial1":false,"TransferSpecial2":false,"TransferSpecial3":false,"TransferSpecial4":false,"TransferSpoilage":false,"TransferUsage":false,"TransformInto":{"m_FileID":0,"m_PathID":0},"UsageChange":{"x":0.0,"y":0.0}},"CustomCompleteSound":{"m_FileID":0,"m_PathID":0},"CustomCookingText":{"DefaultText":"{0}\u540e\u5b8c\u6210","LocalizationKey":"","ParentObjectID":""},"CustomNotification":{"DefaultText":"","LocalizationKey":"","ParentObjectID":""},"Drops":[{"DroppedCard":{"m_FileID":0,"m_PathID":0},"DroppedCardWarpData":"4503757a6079fd1d87d7f168bf056c75","DroppedCardWarpType":3,"Quantity":{"x":1.0,"y":1.0}}],"DropsAsCollection":[],"Duration":24,"DurationRdmVariation":0,"HideCookingProgress":false,"HideResultNotification":false,"IngredientChanges":{"ChargesChange":{"x":0.0,"y":0.0},"DropOnDestroyList":false,"FuelChange":{"x":0.0,"y":0.0},"LiquidEffectScaling":0,"LiquidQuantityChange":{"x":0.0,"y":0.0},"ModType":0,"ModifyDurability":false,"ModifyLiquid":false,"Special1Change":{"x":0.0,"y":0.0},"Special2Change":{"x":0.0,"y":0.0},"Special3Change":{"x":0.0,"y":0.0},"Special4Change":{"x":0.0,"y":0.0},"SpoilageChange":{"x":0.0,"y":0.0},"TransferCharges":false,"TransferFuel":false,"TransferInventory":false,"TransferLiquid":false,"TransferSpecial1":false,"TransferSpecial2":false,"TransferSpecial3":false,"TransferSpecial4":false,"TransferSpoilage":false,"TransferUsage":false,"TransformInto":{"m_FileID":0,"m_PathID":0},"UsageChange":{"x":0.0,"y":0.0}},"Notification":0,"RandomSingleDrop":false,"ScaleDropsPerLiquidQuantity":{"Active":false,"FloatValue":0.0},"StatModifications":[{"ApplyEachTick":false,"InstantModifier":false,"IsInverse":false,"RateModifier":{"x":0,"y":0},"Stat":{"m_FileID":0,"m_PathID":0},"StatWarpData":"e347b21369b355e4d89011407ec7726b","StatWarpType":3,"ValueModifier":{"x":2.0,"y":2.0}}],"CompatibleCardsWarpType":3,"CompatibleCardsWarpData":["a4ff0fc7d2d1ee7924d00977873f4f87"]},{"ActionName":{"DefaultText":"\u5200","LocalizationKey":"","ParentObjectID":""},"CannotCookText":{"DefaultText":"\u9700\u8981\u66f4\u9ad8\u7684\u6e29\u5ea6\uff01","LocalizationKey":"","ParentObjectID":""},"CompatibleCards":[],"CompatibleTags":[],"Conditions":{"NotInBackground":false,"RequiredCardsInInventory":[],"RequiredCardsNOTOnBoard":[],"RequiredCardsOnBoard":[],"RequiredContainer":[],"RequiredContainerTags":[],"RequiredDurabilityRanges":{"FuelRange":{"x":0.0,"y":0.0},"LiquidQuantityRange":{"x":0.0,"y":0.0},"ProgressRange":{"x":0.0,"y":0.0},"Special1Range":{"x":0.0,"y":0.0},"Special2Range":{"x":0.0,"y":0.0},"Special3Range":{"x":0.0,"y":0.0},"Special4Range":{"x":0.0,"y":0.0},"SpoilageRange":{"x":1400.0,"y":3000.0},"UsageRange":{"x":0.0,"y":0.0}},"RequiredEnvironment":{"m_FileID":0,"m_PathID":0},"RequiredEnvironmentTags":[],"RequiredLiquidContainers":[],"RequiredStatValues":[],"RequiredTagsInInventory":[],"RequiredTagsNOTOnBoard":[],"RequiredTagsOnBoard":[]},"ConditionsCard":0,"CookerChanges":{"ChargesChange":{"x":0.0,"y":0.0},"DropOnDestroyList":false,"FuelChange":{"x":0.0,"y":0.0},"LiquidEffectScaling":0,"LiquidQuantityChange":{"x":0.0,"y":0.0},"ModType":0,"ModifyDurability":false,"ModifyLiquid":false,"Special1Change":{"x":0.0,"y":0.0},"Special2Change":{"x":0.0,"y":0.0},"Special3Change":{"x":0.0,"y":0.0},"Special4Change":{"x":0.0,"y":0.0},"SpoilageChange":{"x":0.0,"y":0.0},"TransferCharges":false,"TransferFuel":false,"TransferInventory":false,"TransferLiquid":false,"TransferSpecial1":false,"TransferSpecial2":false,"TransferSpecial3":false,"TransferSpecial4":false,"TransferSpoilage":false,"TransferUsage":false,"TransformInto":{"m_FileID":0,"m_PathID":0},"UsageChange":{"x":0.0,"y":0.0}},"CustomCompleteSound":{"m_FileID":0,"m_PathID":0},"CustomCookingText":{"DefaultText":"{0}\u540e\u5b8c\u6210","LocalizationKey":"","ParentObjectID":""},"CustomNotification":{"DefaultText":"","LocalizationKey":"","ParentObjectID":""},"Drops":[{"DroppedCard":{"m_FileID":0,"m_PathID":0},"DroppedCardWarpData":"178fdb73e522a7ede7116742b3757a51","DroppedCardWarpType":3,"Quantity":{"x":1.0,"y":1.0}}],"DropsAsCollection":[],"Duration":24,"DurationRdmVariation":0,"HideCookingProgress":false,"HideResultNotification":false,"IngredientChanges":{"ChargesChange":{"x":0.0,"y":0.0},"DropOnDestroyList":false,"FuelChange":{"x":0.0,"y":0.0},"LiquidEffectScaling":0,"LiquidQuantityChange":{"x":0.0,"y":0.0},"ModType":0,"ModifyDurability":false,"ModifyLiquid":false,"Special1Change":{"x":0.0,"y":0.0},"Special2Change":{"x":0.0,"y":0.0},"Special3Change":{"x":0.0,"y":0.0},"Special4Change":{"x":0.0,"y":0.0},"SpoilageChange":{"x":0.0,"y":0.0},"TransferCharges":false,"TransferFuel":false,"TransferInventory":false,"TransferLiquid":false,"TransferSpecial1":false,"TransferSpecial2":false,"TransferSpecial3":false,"TransferSpecial4":false,"TransferSpoilage":false,"TransferUsage":false,"TransformInto":{"m_FileID":0,"m_PathID":0},"UsageChange":{"x":0.0,"y":0.0}},"Notification":0,"RandomSingleDrop":false,"ScaleDropsPerLiquidQuantity":{"Active":false,"FloatValue":0.0},"StatModifications":[{"ApplyEachTick":false,"InstantModifier":false,"IsInverse":false,"RateModifier":{"x":0,"y":0},"Stat":{"m_FileID":0,"m_PathID":0},"StatWarpData":"e347b21369b355e4d89011407ec7726b","StatWarpType":3,"ValueModifier":{"x":2.0,"y":2.0}}],"CompatibleCardsWarpType":3,"CompatibleCardsWarpData":["d14a6d2a1218c106249af5379183e79f"]},{"ActionName":{"DefaultText":"cook_4","LocalizationKey":"","ParentObjectID":""},"CannotCookText":{"DefaultText":"\u9700\u8981\u66f4\u9ad8\u7684\u6e29\u5ea6\uff01","LocalizationKey":"","ParentObjectID":""},"CompatibleCards":[],"CompatibleTags":[],"Conditions":{"NotInBackground":false,"RequiredCardsInInventory":[],"RequiredCardsNOTOnBoard":[],"RequiredCardsOnBoard":[],"RequiredContainer":[],"RequiredContainerTags":[],"RequiredDurabilityRanges":{"FuelRange":{"x":0.0,"y":0.0},"LiquidQuantityRange":{"x":0.0,"y":0.0},"ProgressRange":{"x":0.0,"y":0.0},"Special1Range":{"x":0.0,"y":0.0},"Special2Range":{"x":0.0,"y":0.0},"Special3Range":{"x":0.0,"y":0.0},"Special4Range":{"x":0.0,"y":0.0},"SpoilageRange":{"x":1400.0,"y":3000.0},"UsageRange":{"x":0.0,"y":0.0}},"RequiredEnvironment":{"m_FileID":0,"m_PathID":0},"RequiredEnvironmentTags":[],"RequiredLiquidContainers":[],"RequiredStatValues":[],"RequiredTagsInInventory":[],"RequiredTagsNOTOnBoard":[],"RequiredTagsOnBoard":[]},"ConditionsCard":0,"CookerChanges":{"ChargesChange":{"x":0.0,"y":0.0},"DropOnDestroyList":false,"FuelChange":{"x":0.0,"y":0.0},"LiquidEffectScaling":0,"LiquidQuantityChange":{"x":0.0,"y":0.0},"ModType":0,"ModifyDurability":false,"ModifyLiquid":false,"Special1Change":{"x":0.0,"y":0.0},"Special2Change":{"x":0.0,"y":0.0},"Special3Change":{"x":0.0,"y":0.0},"Special4Change":{"x":0.0,"y":0.0},"SpoilageChange":{"x":0.0,"y":0.0},"TransferCharges":false,"TransferFuel":false,"TransferInventory":false,"TransferLiquid":false,"TransferSpecial1":false,"TransferSpecial2":false,"TransferSpecial3":false,"TransferSpecial4":false,"TransferSpoilage":false,"TransferUsage":false,"TransformInto":{"m_FileID":0,"m_PathID":0},"UsageChange":{"x":0.0,"y":0.0}},"CustomCompleteSound":{"m_FileID":0,"m_PathID":0},"CustomCookingText":{"DefaultText":"{0}\u540e\u5b8c\u6210","LocalizationKey":"","ParentObjectID":""},"CustomNotification":{"DefaultText":"","LocalizationKey":"","ParentObjectID":""},"Drops":[{"DroppedCard":{"m_FileID":0,"m_PathID":0},"DroppedCardWarpData":"71a1b9fed14f92b7441104fc5fca7e23","DroppedCardWarpType":3,"Quantity":{"x":1.0,"y":1.0}}],"DropsAsCollection":[],"Duration":16,"DurationRdmVariation":0,"HideCookingProgress":false,"HideResultNotification":false,"IngredientChanges":{"ChargesChange":{"x":0.0,"y":0.0},"DropOnDestroyList":false,"FuelChange":{"x":0.0,"y":0.0},"LiquidEffectScaling":0,"LiquidQuantityChange":{"x":0.0,"y":0.0},"ModType":0,"ModifyDurability":false,"ModifyLiquid":false,"Special1Change":{"x":0.0,"y":0.0},"Special2Change":{"x":0.0,"y":0.0},"Special3Change":{"x":0.0,"y":0.0},"Special4Change":{"x":0.0,"y":0.0},"SpoilageChange":{"x":0.0,"y":0.0},"TransferCharges":false,"TransferFuel":false,"TransferInventory":false,"TransferLiquid":false,"TransferSpecial1":false,"TransferSpecial2":false,"TransferSpecial3":false,"TransferSpecial4":false,"TransferSpoilage":false,"TransferUsage":false,"TransformInto":{"m_FileID":0,"m_PathID":0},"UsageChange":{"x":0.0,"y":0.0}},"Notification":0,"RandomSingleDrop":false,"ScaleDropsPerLiquidQuantity":{"Active":false,"FloatValue":0.0},"StatModifications":[{"ApplyEachTick":false,"InstantModifier":false,"IsInverse":false,"RateModifier":{"x":0,"y":0},"Stat":{"m_FileID":0,"m_PathID":0},"StatWarpData":"e347b21369b355e4d89011407ec7726b","StatWarpType":3,"ValueModifier":{"x":1.0,"y":1.0}}],"CompatibleCardsWarpType":3,"CompatibleCardsWarpData":["0f7e919b48a9aa75606eead9d2ff8014"]}],"CookingRecipesWarpType":4}