{"Blood":{"MaxValue":0.0,"Name":"\u8840\u91cf","OnZeroEncounterResult":1,"StartingValue":{"x":200.0,"y":200.0}},"UsesPlural":false,"EncounterStartingLog":{"LogText":{"ParentObjectID":"","LocalizationKey":"","DefaultText":""},"AlternateLogTexts":[],"TextSettings":{"Active":false,"Bold":false,"Italics":false,"Underlined":false},"TextColor":{"Active":false,"ColorValue":{"r":0.0,"g":0.0,"b":0.0,"a":0.0}},"ScreenShake":false,"SoundEffects":[]},"DefaultPlayerWounds":{"MediumWounds":[],"MinorWounds":[],"SeriousWounds":[],"UnharmedResults":[]},"EncounterImage":{"m_FileID":0,"m_PathID":0},"EncounterImageWarpData":"\u9a86\u9a7c","EncounterImageWarpType":3,"EncounterTitle":{"DefaultText":"\u906d\u9047\u9a86\u9a7c","LocalizationKey":"","ParentObjectID":""},"EnemyActions":[{"ActionLog":{"AlternateLogTexts":[{"DefaultText":"\u5b83\u731b\u51b2\u4e86\u8fc7\u6765\uff01","LocalizationKey":"","ParentObjectID":""},{"DefaultText":"\u9a86\u9a7c\u53d1\u51fa\u6124\u6012\u7684\u5636\u543c","LocalizationKey":"","ParentObjectID":""},{"DefaultText":"\u9a86\u9a7c\u4e1d\u6beb\u6ca1\u6709\u56e0\u4e3a\u53d7\u4f24\u800c\u9000\u7f29","LocalizationKey":"","ParentObjectID":""}],"TextSettings":{"Active":false,"Bold":false,"Italics":false,"Underlined":false},"TextColor":{"Active":false,"ColorValue":{"r":0.0,"g":0.0,"b":0.0,"a":0.0}},"LogText":{"DefaultText":"\u9a86\u9a7c\u671d\u4f60\u53d1\u8d77\u4e86\u8fdb\u653b","LocalizationKey":"","ParentObjectID":""},"ScreenShake":false,"SoundEffects":[]},"ActionRange":0,"AddedPlayerLocationHitProbabilities":{"TorsoHitProbabilityModifier":0.0,"HeadHitProbabilityModifier":-1000.0,"LArmHitProbabilityModifier":0.0,"RArmHitProbabilityModifier":0.0,"LLegHitProbabilityModifier":0.0,"RLegHitProbabilityModifier":0.0},"ArmorDurabilityDamage":{"Active":false,"FloatValue":0.0},"BaseClashValue":0.0,"BaseWeight":1,"CannotFailClash":false,"CardsOnBoardWeightModifiers":[],"EnemyStatsClashModifiers":[],"EnemyStatsDamageModifier":[],"DmgVsEscapeModifier":{"x":0.0,"y":0.0},"ClashRangedInaccuracy":{"x":0.0,"y":0.0},"ClashStealthBonus":{"x":175.0,"y":175.0},"ClashVsEscapeModifier":{"x":-50.0,"y":-100.0},"CloseRangeWeightModifier":0,"Damage":{"x":100.0,"y":100.0},"DamageTypes":[],"DamageTypesWarpData":["DMG_Piercing"],"DamageTypesWarpType":3,"DistanceWeightModifier":0,"DoesNotAttack":false,"EncounterResult":0,"EnemyHiddenWeightModifier":0,"EnemySkillClashModifier":{"EnemyMeleeSkillMod":{"InterpolatedAddedValue":{"Active":true,"InputValueRange":{"x":0.0,"y":100.0},"OutputValueRange":{"x":0.0,"y":150.0},"WhenOutOfRange":0},"RandomAddedValue":{"x":0.0,"y":0.0}},"EnemyRangedSkillMod":{"InterpolatedAddedValue":{"Active":false,"InputValueRange":{"x":0.0,"y":0.0},"OutputValueRange":{"x":0.0,"y":0.0},"WhenOutOfRange":0},"RandomAddedValue":{"x":0.0,"y":0.0}},"EnemyBloodMod":{"InterpolatedAddedValue":{"Active":true,"InputValueRange":{"x":0.0,"y":100.0},"OutputValueRange":{"x":-100.0,"y":0.0},"WhenOutOfRange":0},"RandomAddedValue":{"x":0.0,"y":0.0}},"EnemyStaminaMod":{"InterpolatedAddedValue":{"Active":true,"InputValueRange":{"x":0.0,"y":100.0},"OutputValueRange":{"x":-50.0,"y":0.0},"WhenOutOfRange":0},"RandomAddedValue":{"x":0.0,"y":0.0}},"EnemyMoraleMod":{"InterpolatedAddedValue":{"Active":false,"InputValueRange":{"x":0.0,"y":0.0},"OutputValueRange":{"x":0.0,"y":0.0},"WhenOutOfRange":0},"RandomAddedValue":{"x":0.0,"y":0.0}},"EnemyValue1Mod":{"InterpolatedAddedValue":{"Active":false,"InputValueRange":{"x":0.0,"y":0.0},"OutputValueRange":{"x":0.0,"y":0.0},"WhenOutOfRange":0},"RandomAddedValue":{"x":0.0,"y":0.0}},"EnemyValue2Mod":{"InterpolatedAddedValue":{"Active":false,"InputValueRange":{"x":0.0,"y":0.0},"OutputValueRange":{"x":0.0,"y":0.0},"WhenOutOfRange":0},"RandomAddedValue":{"x":0.0,"y":0.0}},"EnemyValue3Mod":{"InterpolatedAddedValue":{"Active":false,"InputValueRange":{"x":0.0,"y":0.0},"OutputValueRange":{"x":0.0,"y":0.0},"WhenOutOfRange":0},"RandomAddedValue":{"x":0.0,"y":0.0}},"EnemyValue4Mod":{"InterpolatedAddedValue":{"Active":false,"InputValueRange":{"x":0.0,"y":0.0},"OutputValueRange":{"x":0.0,"y":0.0},"WhenOutOfRange":0},"RandomAddedValue":{"x":0.0,"y":0.0}}},"EnemySkillDamageModifier":{"EnemyMeleeSkillMod":{"InterpolatedAddedValue":{"Active":true,"InputValueRange":{"x":0.0,"y":100.0},"OutputValueRange":{"x":0.0,"y":25.0},"WhenOutOfRange":0},"RandomAddedValue":{"x":0.0,"y":0.0}},"EnemyRangedSkillMod":{"InterpolatedAddedValue":{"Active":false,"InputValueRange":{"x":0.0,"y":0.0},"OutputValueRange":{"x":0.0,"y":0.0},"WhenOutOfRange":0},"RandomAddedValue":{"x":0.0,"y":0.0}},"EnemyBloodMod":{"InterpolatedAddedValue":{"Active":true,"InputValueRange":{"x":0.0,"y":100.0},"OutputValueRange":{"x":-25.0,"y":0.0},"WhenOutOfRange":0},"RandomAddedValue":{"x":0.0,"y":0.0}},"EnemyStaminaMod":{"InterpolatedAddedValue":{"Active":true,"InputValueRange":{"x":0.0,"y":100.0},"OutputValueRange":{"x":-25.0,"y":0.0},"WhenOutOfRange":0},"RandomAddedValue":{"x":0.0,"y":0.0}},"EnemyMoraleMod":{"InterpolatedAddedValue":{"Active":false,"InputValueRange":{"x":0.0,"y":0.0},"OutputValueRange":{"x":0.0,"y":0.0},"WhenOutOfRange":0},"RandomAddedValue":{"x":0.0,"y":0.0}},"EnemyValue1Mod":{"InterpolatedAddedValue":{"Active":false,"InputValueRange":{"x":0.0,"y":0.0},"OutputValueRange":{"x":0.0,"y":0.0},"WhenOutOfRange":0},"RandomAddedValue":{"x":0.0,"y":0.0}},"EnemyValue2Mod":{"InterpolatedAddedValue":{"Active":false,"InputValueRange":{"x":0.0,"y":0.0},"OutputValueRange":{"x":0.0,"y":0.0},"WhenOutOfRange":0},"RandomAddedValue":{"x":0.0,"y":0.0}},"EnemyValue3Mod":{"InterpolatedAddedValue":{"Active":false,"InputValueRange":{"x":0.0,"y":0.0},"OutputValueRange":{"x":0.0,"y":0.0},"WhenOutOfRange":0},"RandomAddedValue":{"x":0.0,"y":0.0}},"EnemyValue4Mod":{"InterpolatedAddedValue":{"Active":false,"InputValueRange":{"x":0.0,"y":0.0},"OutputValueRange":{"x":0.0,"y":0.0},"WhenOutOfRange":0},"RandomAddedValue":{"x":0.0,"y":0.0}}},"EnemyValueChanges":{"BloodApplies":0,"BloodModifier":{"x":0.0,"y":0.0},"MeleeApplies":0,"MeleeSkillModifier":{"x":0.0,"y":0.0},"MoraleApplies":0,"MoraleModifier":{"x":0.0,"y":0.0},"RangedApplies":0,"RangedSkillModifier":{"x":0.0,"y":0.0},"StaminaApplies":0,"StaminaModifier":{"x":-50.0,"y":-50.0},"Value1Applies":0,"Value1Modifier":{"x":0.0,"y":0.0},"Value2Applies":0,"Value2Modifier":{"x":0.0,"y":0.0},"Value3Applies":0,"Value3Modifier":{"x":0.0,"y":0.0},"Value4Applies":0,"Value4Modifier":{"x":0.0,"y":0.0}},"EnemyWoundClashModifier":{"AllWoundModifier":{"InterpolatedAddedValue":{"Active":false,"InputValueRange":{"x":0.0,"y":0.0},"OutputValueRange":{"x":0.0,"y":0.0},"WhenOutOfRange":0},"RandomAddedValue":{"x":0.0,"y":0.0}},"HeadWoundModifier":{"InterpolatedAddedValue":{"Active":false,"InputValueRange":{"x":0.0,"y":0.0},"OutputValueRange":{"x":0.0,"y":0.0},"WhenOutOfRange":0},"RandomAddedValue":{"x":0.0,"y":0.0}},"LArmWoundModifier":{"InterpolatedAddedValue":{"Active":false,"InputValueRange":{"x":0.0,"y":0.0},"OutputValueRange":{"x":0.0,"y":0.0},"WhenOutOfRange":0},"RandomAddedValue":{"x":0.0,"y":0.0}},"LLegWoundModifier":{"InterpolatedAddedValue":{"Active":false,"InputValueRange":{"x":0.0,"y":0.0},"OutputValueRange":{"x":0.0,"y":0.0},"WhenOutOfRange":0},"RandomAddedValue":{"x":0.0,"y":0.0}},"RArmWoundModifier":{"InterpolatedAddedValue":{"Active":false,"InputValueRange":{"x":0.0,"y":0.0},"OutputValueRange":{"x":0.0,"y":0.0},"WhenOutOfRange":0},"RandomAddedValue":{"x":0.0,"y":0.0}},"RLegWoundModifier":{"InterpolatedAddedValue":{"Active":false,"InputValueRange":{"x":0.0,"y":0.0},"OutputValueRange":{"x":0.0,"y":0.0},"WhenOutOfRange":0},"RandomAddedValue":{"x":0.0,"y":0.0}},"TorsoWoundModifier":{"InterpolatedAddedValue":{"Active":false,"InputValueRange":{"x":0.0,"y":0.0},"OutputValueRange":{"x":0.0,"y":0.0},"WhenOutOfRange":0},"RandomAddedValue":{"x":0.0,"y":0.0}}},"EnemyWoundDamageModifier":{"AllWoundModifier":{"InterpolatedAddedValue":{"Active":false,"InputValueRange":{"x":0.0,"y":0.0},"OutputValueRange":{"x":0.0,"y":0.0},"WhenOutOfRange":0},"RandomAddedValue":{"x":0.0,"y":0.0}},"HeadWoundModifier":{"InterpolatedAddedValue":{"Active":false,"InputValueRange":{"x":0.0,"y":0.0},"OutputValueRange":{"x":0.0,"y":0.0},"WhenOutOfRange":0},"RandomAddedValue":{"x":0.0,"y":0.0}},"LArmWoundModifier":{"InterpolatedAddedValue":{"Active":false,"InputValueRange":{"x":0.0,"y":0.0},"OutputValueRange":{"x":0.0,"y":0.0},"WhenOutOfRange":0},"RandomAddedValue":{"x":0.0,"y":0.0}},"LLegWoundModifier":{"InterpolatedAddedValue":{"Active":false,"InputValueRange":{"x":0.0,"y":0.0},"OutputValueRange":{"x":0.0,"y":0.0},"WhenOutOfRange":0},"RandomAddedValue":{"x":0.0,"y":0.0}},"RArmWoundModifier":{"InterpolatedAddedValue":{"Active":false,"InputValueRange":{"x":0.0,"y":0.0},"OutputValueRange":{"x":0.0,"y":0.0},"WhenOutOfRange":0},"RandomAddedValue":{"x":0.0,"y":0.0}},"RLegWoundModifier":{"InterpolatedAddedValue":{"Active":false,"InputValueRange":{"x":0.0,"y":0.0},"OutputValueRange":{"x":0.0,"y":0.0},"WhenOutOfRange":0},"RandomAddedValue":{"x":0.0,"y":0.0}},"TorsoWoundModifier":{"InterpolatedAddedValue":{"Active":false,"InputValueRange":{"x":0.0,"y":0.0},"OutputValueRange":{"x":0.0,"y":0.0},"WhenOutOfRange":0},"RandomAddedValue":{"x":0.0,"y":0.0}}},"FailureLog":{"AlternateLogTexts":[{"DefaultText":"\u4f60\u654f\u6377\u5730\u95ea\u5230\u4e86\u4e00\u8fb9\u2026\u2026","LocalizationKey":"","ParentObjectID":""},{"DefaultText":"\u4f60\u975e\u5e38\u53ca\u65f6\u5730\u8fdb\u884c\u4e86\u95ea\u907f\u2026\u2026","LocalizationKey":"","ParentObjectID":""},{"DefaultText":"\u8fc5\u6377\u7684\u672c\u80fd\u53cd\u5e94\u4f7f\u4f60\u9003\u8fc7\u4e00\u52ab\u2026\u2026","LocalizationKey":"","ParentObjectID":""},{"DefaultText":"\u4f60\u5de7\u5999\u5730\u907f\u5f00\u4e86\u653b\u51fb\u2026\u2026","LocalizationKey":"","ParentObjectID":""},{"DefaultText":"\u4f60\u52c9\u5f3a\u8eb2\u8fc7\u4e86\u903c\u8fd1\u7684\u4e00\u54ac\u2026\u2026","LocalizationKey":"","ParentObjectID":""},{"DefaultText":"\u4f60\u719f\u7ec3\u5730\u95ea\u5f00\u4e86\u88ad\u51fb\u2026\u2026","LocalizationKey":"","ParentObjectID":""},{"DefaultText":"\u7247\u523b\u53cd\u5e94\u4e4b\u540e\uff0c\u4f60\u987a\u52bf\u8eb2\u8fc7\u4e86\u653b\u51fb\u2026\u2026","LocalizationKey":"","ParentObjectID":""},{"DefaultText":"\u4f60\u5728\u6700\u540e\u4e00\u523b\u8df3\u51fa\u4e86\u653b\u51fb\u8303\u56f4\u2026\u2026","LocalizationKey":"","ParentObjectID":""},{"DefaultText":"\u4f60\u7075\u6d3b\u5730\u907f\u8fc7\u4e86\u5371\u9669\u2026\u2026","LocalizationKey":"","ParentObjectID":""},{"DefaultText":"\u7075\u5de7\u7684\u8d70\u4f4d\u4f7f\u4f60\u89c4\u907f\u4e86\u4f24\u5bb3\u2026\u2026","LocalizationKey":"","ParentObjectID":""}],"TextSettings":{"Active":false,"Bold":false,"Italics":false,"Underlined":false},"TextColor":{"Active":false,"ColorValue":{"r":0.0,"g":0.0,"b":0.0,"a":0.0}},"LogText":{"DefaultText":"\u4f60\u6210\u529f\u7684\u8eb2\u5f00\u4e86\u5b83\u7684\u653b\u51fb","LocalizationKey":"","ParentObjectID":""},"ScreenShake":false,"SoundEffects":[]},"IneffectiveRangeMalus":{"x":0.0,"y":0.0},"IsEscapeAction":false,"PlayerHiddenWeightModifier":0,"PlayerWounds":{"MediumWounds":[{"WoundLog":{"AlternateLogTexts":[],"TextSettings":{"Active":false,"Bold":false,"Italics":false,"Underlined":false},"TextColor":{"Active":false,"ColorValue":{"r":0.0,"g":0.0,"b":0.0,"a":0.0}},"LogText":{"DefaultText":"\u9a86\u9a7c\u7684\u53ef\u6015\u529b\u91cf\u65e0\u6cd5\u963b\u6321\uff01","LocalizationKey":"","ParentObjectID":""},"ScreenShake":false,"SoundEffects":[]},"LocationFilter":{"Head":false,"Torso":false,"LArm":false,"RArm":false,"LLeg":false,"RLeg":false},"DroppedCards":[],"StatChanges":[{"ApplyEachTick":false,"InstantModifier":false,"IsInverse":false,"RateModifier":{"x":0,"y":0},"Stat":{"m_FileID":0,"m_PathID":0},"StatWarpData":"0ab6ca761e532cc4daa991e207d01bba","StatWarpType":3,"ValueModifier":{"x":-10.0,"y":-10.0}}],"WoundSelectionWeight":1.0,"EncounterResult":0,"DroppedCardsWarpData":["fd639a4053f778e4a8882f485f251e32"],"DroppedCardsWarpType":3},{"WoundLog":{"AlternateLogTexts":[],"TextSettings":{"Active":false,"Bold":false,"Italics":false,"Underlined":false},"TextColor":{"Active":false,"ColorValue":{"r":0.0,"g":0.0,"b":0.0,"a":0.0}},"LogText":{"DefaultText":"\u9a86\u9a7c\u91cd\u4f24\u4e86\u4f60\uff01","LocalizationKey":"","ParentObjectID":""},"ScreenShake":false,"SoundEffects":[]},"LocationFilter":{"Head":false,"Torso":false,"LArm":false,"RArm":false,"LLeg":false,"RLeg":false},"DroppedCards":[],"StatChanges":[{"ApplyEachTick":false,"InstantModifier":false,"IsInverse":false,"RateModifier":{"x":0,"y":0},"Stat":{"m_FileID":0,"m_PathID":0},"StatWarpData":"0ab6ca761e532cc4daa991e207d01bba","StatWarpType":3,"ValueModifier":{"x":-10.0,"y":-10.0}}],"WoundSelectionWeight":1.0,"EncounterResult":0,"DroppedCardsWarpData":["e101ac0a96b59c64b85c14532f0f938f"],"DroppedCardsWarpType":3},{"WoundLog":{"AlternateLogTexts":[],"TextSettings":{"Active":false,"Bold":false,"Italics":false,"Underlined":false},"TextColor":{"Active":false,"ColorValue":{"r":0.0,"g":0.0,"b":0.0,"a":0.0}},"LogText":{"DefaultText":"\u4e00\u8bb0\u91cd\u51fb\u72e0\u72e0\u7684\u51fb\u4e2d\u4e86\u4f60\u7684\u811a\u8e1d\uff01","LocalizationKey":"","ParentObjectID":""},"ScreenShake":false,"SoundEffects":[]},"LocationFilter":{"Head":false,"Torso":false,"LArm":false,"RArm":false,"LLeg":false,"RLeg":false},"DroppedCards":[],"StatChanges":[{"ApplyEachTick":false,"InstantModifier":false,"IsInverse":false,"RateModifier":{"x":0,"y":0},"Stat":{"m_FileID":0,"m_PathID":0},"StatWarpData":"0ab6ca761e532cc4daa991e207d01bba","StatWarpType":3,"ValueModifier":{"x":-10.0,"y":-10.0}}],"WoundSelectionWeight":1.0,"EncounterResult":0,"DroppedCardsWarpData":["7ce09284e23cbaf419565098f28b8977"],"DroppedCardsWarpType":3},{"WoundLog":{"AlternateLogTexts":[],"TextSettings":{"Active":false,"Bold":false,"Italics":false,"Underlined":false},"TextColor":{"Active":false,"ColorValue":{"r":0.0,"g":0.0,"b":0.0,"a":0.0}},"LogText":{"DefaultText":"\u4e00\u8bb0\u91cd\u51fb\u72e0\u72e0\u7684\u51fb\u4e2d\u4e86\u4f60\u7684\u811a\u8e1d\uff01","LocalizationKey":"","ParentObjectID":""},"ScreenShake":false,"SoundEffects":[]},"LocationFilter":{"Head":false,"Torso":false,"LArm":false,"RArm":false,"LLeg":false,"RLeg":false},"DroppedCards":[],"StatChanges":[{"ApplyEachTick":false,"InstantModifier":false,"IsInverse":false,"RateModifier":{"x":0,"y":0},"Stat":{"m_FileID":0,"m_PathID":0},"StatWarpData":"0ab6ca761e532cc4daa991e207d01bba","StatWarpType":3,"ValueModifier":{"x":-10.0,"y":-10.0}}],"WoundSelectionWeight":1.0,"EncounterResult":0,"DroppedCardsWarpData":["2ea6f63fca2f43c448b39448ba4495eb"],"DroppedCardsWarpType":3}],"MinorWounds":[{"WoundLog":{"AlternateLogTexts":[],"TextSettings":{"Active":false,"Bold":false,"Italics":false,"Underlined":false},"TextColor":{"Active":false,"ColorValue":{"r":0.0,"g":0.0,"b":0.0,"a":0.0}},"LogText":{"DefaultText":"\u9a86\u9a7c\u7684\u653b\u51fb\u4e0d\u5bb9\u5c0f\u89d1","LocalizationKey":"","ParentObjectID":""},"ScreenShake":false,"SoundEffects":[]},"LocationFilter":{"Head":false,"Torso":false,"LArm":false,"RArm":false,"LLeg":false,"RLeg":false},"DroppedCards":[],"StatChanges":[{"ApplyEachTick":false,"InstantModifier":false,"IsInverse":false,"RateModifier":{"x":0,"y":0},"Stat":{"m_FileID":0,"m_PathID":0},"StatWarpData":"0ab6ca761e532cc4daa991e207d01bba","StatWarpType":3,"ValueModifier":{"x":-5.0,"y":-5.0}}],"WoundSelectionWeight":1.0,"EncounterResult":0,"DroppedCardsWarpData":["bba6c3d6db035214ba684d9b490e8355"],"DroppedCardsWarpType":3},{"WoundLog":{"AlternateLogTexts":[],"TextSettings":{"Active":false,"Bold":false,"Italics":false,"Underlined":false},"TextColor":{"Active":false,"ColorValue":{"r":0.0,"g":0.0,"b":0.0,"a":0.0}},"LogText":{"DefaultText":"\u4f60\u5728\u9632\u5fa1\u7684\u65f6\u5019\u8fd8\u662f\u53d7\u5230\u4e86\u4e00\u4e9b\u4f24\u5bb3","LocalizationKey":"","ParentObjectID":""},"ScreenShake":false,"SoundEffects":[]},"LocationFilter":{"Head":false,"Torso":false,"LArm":false,"RArm":false,"LLeg":false,"RLeg":false},"DroppedCards":[],"StatChanges":[{"ApplyEachTick":false,"InstantModifier":false,"IsInverse":false,"RateModifier":{"x":0,"y":0},"Stat":{"m_FileID":0,"m_PathID":0},"StatWarpData":"0ab6ca761e532cc4daa991e207d01bba","StatWarpType":3,"ValueModifier":{"x":-5.0,"y":-5.0}}],"WoundSelectionWeight":1.0,"EncounterResult":0,"DroppedCardsWarpData":["5ce7e11b3b068784ab27b8c69a77cae8"],"DroppedCardsWarpType":3}],"SeriousWounds":[{"WoundLog":{"AlternateLogTexts":[],"TextSettings":{"Active":false,"Bold":false,"Italics":false,"Underlined":false},"TextColor":{"Active":false,"ColorValue":{"r":0.0,"g":0.0,"b":0.0,"a":0.0}},"LogText":{"DefaultText":"\u4f60\u88ab\u6beb\u65e0\u9632\u5907\u7684\u649e\u65ad\u4e86\u817f\uff01","LocalizationKey":"","ParentObjectID":""},"ScreenShake":false,"SoundEffects":[]},"LocationFilter":{"Head":false,"Torso":false,"LArm":false,"RArm":false,"LLeg":false,"RLeg":false},"DroppedCards":[],"StatChanges":[{"ApplyEachTick":false,"InstantModifier":false,"IsInverse":false,"RateModifier":{"x":0,"y":0},"Stat":{"m_FileID":0,"m_PathID":0},"StatWarpData":"0ab6ca761e532cc4daa991e207d01bba","StatWarpType":3,"ValueModifier":{"x":-20.0,"y":-20.0}}],"WoundSelectionWeight":1.0,"EncounterResult":0,"DroppedCardsWarpData":["d3687a12709bbda4db2e4ce1d651ac6b"],"DroppedCardsWarpType":3},{"WoundLog":{"AlternateLogTexts":[],"TextSettings":{"Active":false,"Bold":false,"Italics":false,"Underlined":false},"TextColor":{"Active":false,"ColorValue":{"r":0.0,"g":0.0,"b":0.0,"a":0.0}},"LogText":{"DefaultText":"\u4f60\u88ab\u6beb\u65e0\u9632\u5907\u7684\u649e\u65ad\u4e86\u624b\uff01","LocalizationKey":"","ParentObjectID":""},"ScreenShake":false,"SoundEffects":[]},"LocationFilter":{"Head":false,"Torso":false,"LArm":false,"RArm":false,"LLeg":false,"RLeg":false},"DroppedCards":[],"StatChanges":[{"ApplyEachTick":false,"InstantModifier":false,"IsInverse":false,"RateModifier":{"x":0,"y":0},"Stat":{"m_FileID":0,"m_PathID":0},"StatWarpData":"0ab6ca761e532cc4daa991e207d01bba","StatWarpType":3,"ValueModifier":{"x":-20.0,"y":-20.0}}],"WoundSelectionWeight":1.0,"EncounterResult":0,"DroppedCardsWarpData":["1168bf2a942f41f4f9d25b54c23f965c"],"DroppedCardsWarpType":3},{"WoundLog":{"AlternateLogTexts":[],"TextSettings":{"Active":false,"Bold":false,"Italics":false,"Underlined":false},"TextColor":{"Active":false,"ColorValue":{"r":0.0,"g":0.0,"b":0.0,"a":0.0}},"LogText":{"DefaultText":"\u4f60\u88ab\u6beb\u65e0\u9632\u5907\u7684\u649e\u65ad\u4e86\u624b\uff01","LocalizationKey":"","ParentObjectID":""},"ScreenShake":false,"SoundEffects":[]},"LocationFilter":{"Head":false,"Torso":false,"LArm":false,"RArm":false,"LLeg":false,"RLeg":false},"DroppedCards":[],"StatChanges":[{"ApplyEachTick":false,"InstantModifier":false,"IsInverse":false,"RateModifier":{"x":0,"y":0},"Stat":{"m_FileID":0,"m_PathID":0},"StatWarpData":"0ab6ca761e532cc4daa991e207d01bba","StatWarpType":3,"ValueModifier":{"x":-20.0,"y":-20.0}}],"WoundSelectionWeight":1.0,"EncounterResult":0,"DroppedCardsWarpData":["1eec4a516a9c1884081d1353c2b589c4"],"DroppedCardsWarpType":3},{"WoundLog":{"AlternateLogTexts":[],"TextSettings":{"Active":false,"Bold":false,"Italics":false,"Underlined":false},"TextColor":{"Active":false,"ColorValue":{"r":0.0,"g":0.0,"b":0.0,"a":0.0}},"LogText":{"DefaultText":"\u4f60\u88ab\u6beb\u65e0\u9632\u5907\u7684\u649e\u65ad\u4e86\u817f\uff01","LocalizationKey":"","ParentObjectID":""},"ScreenShake":false,"SoundEffects":[]},"LocationFilter":{"Head":false,"Torso":false,"LArm":false,"RArm":false,"LLeg":false,"RLeg":false},"DroppedCards":[],"StatChanges":[{"ApplyEachTick":false,"InstantModifier":false,"IsInverse":false,"RateModifier":{"x":0,"y":0},"Stat":{"m_FileID":0,"m_PathID":0},"StatWarpData":"0ab6ca761e532cc4daa991e207d01bba","StatWarpType":3,"ValueModifier":{"x":-20.0,"y":-20.0}}],"WoundSelectionWeight":1.0,"EncounterResult":0,"DroppedCardsWarpData":["03a068232487a994fb37af2bf51074fc"],"DroppedCardsWarpType":3}],"UnharmedResults":[{"WoundLog":{"AlternateLogTexts":[],"TextSettings":{"Active":false,"Bold":false,"Italics":false,"Underlined":false},"TextColor":{"Active":false,"ColorValue":{"r":0.0,"g":0.0,"b":0.0,"a":0.0}},"LogText":{"DefaultText":"\u5e78\u8fd0\u7684\u662f\uff0c\u8fd9\u6b21\u7684\u653b\u51fb\u6ca1\u6709\u4f24\u5230\u4f60","LocalizationKey":"","ParentObjectID":""},"ScreenShake":false,"SoundEffects":[]},"LocationFilter":{"Head":false,"Torso":false,"LArm":false,"RArm":false,"LLeg":false,"RLeg":false},"DroppedCards":[],"StatChanges":[{"ApplyEachTick":false,"InstantModifier":false,"IsInverse":false,"RateModifier":{"x":0,"y":0},"Stat":{"m_FileID":0,"m_PathID":0},"StatWarpData":"0ab6ca761e532cc4daa991e207d01bba","StatWarpType":3,"ValueModifier":{"x":-5.0,"y":-5.0}},{"ApplyEachTick":false,"InstantModifier":false,"IsInverse":false,"RateModifier":{"x":0,"y":0},"Stat":{"m_FileID":0,"m_PathID":0},"StatWarpData":"86b0a8ee877e33945b0104fcbc404680","StatWarpType":3,"ValueModifier":{"x":1.0,"y":1.0}}],"WoundSelectionWeight":0.0,"EncounterResult":0,"DroppedCardsWarpData":[],"DroppedCardsWarpType":3}]},"PreClashDistanceChange":0,"Reach":25.0,"RequiredDistance":0,"StatsWeightModifiers":[],"SuccessLog":{"AlternateLogTexts":[{"DefaultText":"\u4e00\u9635\u523a\u75db\u88ad\u6765\u2026\u2026","LocalizationKey":"","ParentObjectID":""},{"DefaultText":"\u4e00\u9635\u5267\u70c8\u7684\u4e0d\u9002\u904d\u5386\u5168\u8eab\u2026\u2026","LocalizationKey":"","ParentObjectID":""},{"DefaultText":"\u7a81\u7136\u7684\u5267\u75db\u4f7f\u4f60\u5472\u7259\u54a7\u5634\u2026\u2026","LocalizationKey":"","ParentObjectID":""},{"DefaultText":"\u4f60\u54ac\u7259\u9876\u7740\u9635\u75db\u2026\u2026","LocalizationKey":"","ParentObjectID":""},{"DefaultText":"\u4e00\u9635\u610f\u6599\u4e4b\u5916\u7684\u5267\u75db\u523a\u6fc0\u7740\u4f60\u2026\u2026","LocalizationKey":"","ParentObjectID":""},{"DefaultText":"\u4e00\u9635\u707c\u70ed\u7684\u523a\u75db\u6d41\u7ecf\u5168\u8eab\u2026\u2026","LocalizationKey":"","ParentObjectID":""},{"DefaultText":"\u4f60\u56e0\u6025\u5267\u7684\u523a\u75db\u800c\u8e09\u8dc4\u2026\u2026","LocalizationKey":"","ParentObjectID":""},{"DefaultText":"\u523a\u75db\u7684\u4e0d\u9002\u611f\u5e2d\u5377\u4e86\u4f60\u2026\u2026","LocalizationKey":"","ParentObjectID":""},{"DefaultText":"\u4f60\u56e0\u5267\u70c8\u75db\u82e6\u800c\u754f\u7f29\u2026\u2026","LocalizationKey":"","ParentObjectID":""},{"DefaultText":"\u5267\u70c8\u7684\u75bc\u75db\u8ba9\u4f60\u5012\u5438\u4e00\u53e3\u51c9\u6c14\u2026\u2026","LocalizationKey":"","ParentObjectID":""}],"TextSettings":{"Active":false,"Bold":false,"Italics":false,"Underlined":false},"TextColor":{"Active":false,"ColorValue":{"r":0.0,"g":0.0,"b":0.0,"a":0.0}},"LogText":{"DefaultText":"\u4f60\u611f\u5230\u4e00\u9635\u5267\u75db\u2026\u2026","LocalizationKey":"","ParentObjectID":""},"ScreenShake":true,"SoundEffects":[]},"TransferValuesToStats":[],"ValuesWeightModifiers":{"WeightPerMeleeSkill":{"Active":false,"DurabilityRange":{"x":0.0,"y":0.0},"InterpWeightRange":{"x":0,"y":0},"WhenOutOfRange":0},"WeightPerRangedSkill":{"Active":false,"DurabilityRange":{"x":0.0,"y":0.0},"InterpWeightRange":{"x":0,"y":0},"WhenOutOfRange":0},"WeightPerBlood":{"Active":false,"DurabilityRange":{"x":0.0,"y":0.0},"InterpWeightRange":{"x":0,"y":0},"WhenOutOfRange":0},"WeightPerStamina":{"Active":false,"DurabilityRange":{"x":0.0,"y":0.0},"InterpWeightRange":{"x":0.0,"y":0.0},"WhenOutOfRange":0},"WeightPerMorale":{"Active":true,"DurabilityRange":{"x":0,"y":0},"InterpWeightRange":{"x":-1.0,"y":-1.0},"WhenOutOfRange":0},"WeightPerValue1":{"Active":false,"DurabilityRange":{"x":0.0,"y":0.0},"InterpWeightRange":{"x":0,"y":0},"WhenOutOfRange":0},"WeightPerValue2":{"Active":false,"DurabilityRange":{"x":0.0,"y":0.0},"InterpWeightRange":{"x":0,"y":0},"WhenOutOfRange":0},"WeightPerValue3":{"Active":false,"DurabilityRange":{"x":0.0,"y":0.0},"InterpWeightRange":{"x":0,"y":0},"WhenOutOfRange":0},"WeightPerValue4":{"Active":false,"DurabilityRange":{"x":0.0,"y":0.0},"InterpWeightRange":{"x":0,"y":0},"WhenOutOfRange":0}},"WoundsWeightModifiers":{"WeightPerAllWounds":{"Active":false,"DurabilityRange":{"x":0.0,"y":0.0},"InterpWeightRange":{"x":0,"y":0},"WhenOutOfRange":0},"WeightPerHeadWounds":{"Active":false,"DurabilityRange":{"x":0.0,"y":0.0},"InterpWeightRange":{"x":0,"y":0},"WhenOutOfRange":0},"WeightPerLArmWounds":{"Active":false,"DurabilityRange":{"x":0.0,"y":0.0},"InterpWeightRange":{"x":0,"y":0},"WhenOutOfRange":0},"WeightPerLLegWounds":{"Active":false,"DurabilityRange":{"x":0.0,"y":0.0},"InterpWeightRange":{"x":0,"y":0},"WhenOutOfRange":0},"WeightPerRArmWounds":{"Active":false,"DurabilityRange":{"x":0.0,"y":0.0},"InterpWeightRange":{"x":0,"y":0},"WhenOutOfRange":0},"WeightPerRLegWounds":{"Active":false,"DurabilityRange":{"x":0.0,"y":0.0},"InterpWeightRange":{"x":0,"y":0},"WhenOutOfRange":0},"WeightPerTorsoWounds":{"Active":false,"DurabilityRange":{"x":0.0,"y":0.0},"InterpWeightRange":{"x":0,"y":0},"WhenOutOfRange":0}}}],"EnemyArmor":{"HeadArmor":0.0,"HeadArmorModifiers":[],"HeadHitProbabilityModifier":0.0,"LArmArmor":0.0,"LArmArmorModifiers":[],"LArmHitProbabilityModifier":0.0,"LLegArmor":0.0,"LLegArmorModifiers":[],"LLegHitProbabilityModifier":0.0,"RArmArmor":0.0,"RArmArmorModifiers":[],"RArmHitProbabilityModifier":0.0,"RLegArmor":0.0,"RLegArmorModifiers":[],"RLegHitProbabilityModifier":0.0,"TorsoArmor":0.0,"TorsoArmorModifiers":[],"TorsoHitProbabilityModifier":0.0},"EnemyAwareness":{"x":150.0,"y":200.0},"EnemyBodyTemplate":{"m_FileID":0,"m_PathID":0},"EnemyBodyTemplateWarpData":"\u9a86\u9a7c\u8eab\u4f53\u6a21\u677f","EnemyBodyTemplateWarpType":3,"EnemyCover":{"x":100.0,"y":100.0},"EnemyGettingCloseLog":{"AlternateLogTexts":[],"TextSettings":{"Active":false,"Bold":false,"Italics":false,"Underlined":false},"TextColor":{"Active":false,"ColorValue":{"r":0.0,"g":0.0,"b":0.0,"a":0.0}},"LogText":{"DefaultText":"\u9a86\u9a7c\u5c31\u5728\u773c\u524d\uff01","LocalizationKey":"","ParentObjectID":""},"ScreenShake":false,"SoundEffects":[]},"EnemyName":{"DefaultText":"\u9a86\u9a7c","LocalizationKey":"","ParentObjectID":""},"EnemySize":{"x":75.0,"y":75.0},"EnemyStealth":{"x":50.0,"y":50.0},"MeleeSkill":{"MaxValue":0.0,"Name":"Melee Skill","OnZeroEncounterResult":0,"StartingValue":{"x":100.0,"y":100.0}},"Morale":{"MaxValue":0.0,"Name":"Morale","OnZeroEncounterResult":0,"StartingValue":{"x":1000.0,"y":1000.0}},"OverrideEscapeActionName":{"DefaultText":"","LocalizationKey":"","ParentObjectID":""},"PlayerActions":[],"PlayerCover":{"x":75.0,"y":75.0},"RangedSkill":{"MaxValue":0.0,"Name":"","OnZeroEncounterResult":0,"StartingValue":{"x":0,"y":0}},"Special1Effects":{"ResultLog":{"AlternateLogTexts":[],"TextSettings":{"Active":false,"Bold":false,"Italics":false,"Underlined":false},"TextColor":{"Active":false,"ColorValue":{"r":0.0,"g":0.0,"b":0.0,"a":0.0}},"LogText":{"DefaultText":"\u9a86\u9a7c\u5012\u4e0b\u4e86","LocalizationKey":"","ParentObjectID":""},"ScreenShake":false,"SoundEffects":[]},"DroppedCards":[],"StatChanges":[{"ApplyEachTick":false,"InstantModifier":false,"IsInverse":false,"RateModifier":{"x":0,"y":0},"Stat":{"m_FileID":0,"m_PathID":0},"StatWarpData":"4a27fb5da9326b545a5ef73f2b80316e","StatWarpType":3,"ValueModifier":{"x":20.0,"y":20.0}},{"ApplyEachTick":false,"InstantModifier":false,"IsInverse":false,"RateModifier":{"x":0,"y":0},"Stat":{"m_FileID":0,"m_PathID":0},"StatWarpData":"77901371f1d4bf620243bf100b91baf8","StatWarpType":3,"ValueModifier":{"x":-1000.0,"y":-1000.0}}],"TransferValuesToStats":[],"AmmoRecovery":0,"DroppedCardsWarpType":3,"DroppedCardsWarpData":["a1ef9e810e3959aed9797f7cb20ac6b3"]},"Special2Effects":{"ResultLog":{"LogText":{"ParentObjectID":"","LocalizationKey":"","DefaultText":""},"AlternateLogTexts":[],"TextSettings":{"Active":false,"Bold":false,"Italics":false,"Underlined":false},"TextColor":{"Active":false,"ColorValue":{"r":0.0,"g":0.0,"b":0.0,"a":0.0}},"ScreenShake":false,"SoundEffects":[]},"DroppedCards":[],"StatChanges":[],"TransferValuesToStats":[],"AmmoRecovery":0},"Special3Effects":{"ResultLog":{"LogText":{"ParentObjectID":"","LocalizationKey":"","DefaultText":""},"AlternateLogTexts":[],"TextSettings":{"Active":false,"Bold":false,"Italics":false,"Underlined":false},"TextColor":{"Active":false,"ColorValue":{"r":0.0,"g":0.0,"b":0.0,"a":0.0}},"ScreenShake":false,"SoundEffects":[]},"DroppedCards":[],"StatChanges":[],"TransferValuesToStats":[],"AmmoRecovery":0},"Special4Effects":{"ResultLog":{"LogText":{"ParentObjectID":"","LocalizationKey":"","DefaultText":""},"AlternateLogTexts":[],"TextSettings":{"Active":false,"Bold":false,"Italics":false,"Underlined":false},"TextColor":{"Active":false,"ColorValue":{"r":0.0,"g":0.0,"b":0.0,"a":0.0}},"ScreenShake":false,"SoundEffects":[]},"DroppedCards":[],"StatChanges":[],"TransferValuesToStats":[],"AmmoRecovery":0},"Stamina":{"MaxValue":0.0,"Name":"\u8010\u529b","OnZeroEncounterResult":0,"StartingValue":{"x":100.0,"y":100.0}},"UniqueID":"a920cb788ad1328db86d1b5fd9d98fa2","Value1":{"MaxValue":0.0,"Name":"","OnZeroEncounterResult":0,"StartingValue":{"x":0,"y":0}},"Value2":{"MaxValue":0.0,"Name":"","OnZeroEncounterResult":0,"StartingValue":{"x":0,"y":0}},"Value3":{"MaxValue":0.0,"Name":"","OnZeroEncounterResult":0,"StartingValue":{"x":0,"y":0}},"Value4":{"MaxValue":0.0,"Name":"","OnZeroEncounterResult":0,"StartingValue":{"x":0,"y":0}},"OverrideEscapeActionLog":{"LogText":{"ParentObjectID":"","LocalizationKey":"","DefaultText":""},"AlternateLogTexts":[],"TextSettings":{"Active":false,"Bold":false,"Italics":false,"Underlined":false},"TextColor":{"Active":false,"ColorValue":{"r":0.0,"g":0.0,"b":0.0,"a":0.0}},"ScreenShake":false,"SoundEffects":[]},"PlayerDemoralizedEffects":{"ResultLog":{"LogText":{"ParentObjectID":"","LocalizationKey":"","DefaultText":""},"AlternateLogTexts":[],"TextSettings":{"Active":false,"Bold":false,"Italics":false,"Underlined":false},"TextColor":{"Active":false,"ColorValue":{"r":0.0,"g":0.0,"b":0.0,"a":0.0}},"ScreenShake":false,"SoundEffects":[]},"DroppedCards":[],"StatChanges":[],"TransferValuesToStats":[],"AmmoRecovery":0},"EnemyDefeatedEffects":{"ResultLog":{"AlternateLogTexts":[],"TextSettings":{"Active":false,"Bold":false,"Italics":false,"Underlined":false},"TextColor":{"Active":false,"ColorValue":{"r":0.0,"g":0.0,"b":0.0,"a":0.0}},"LogText":{"DefaultText":"\u9a86\u9a7c\u5f7b\u5e95\u5012\u4e0b\u4e86","LocalizationKey":"","ParentObjectID":""},"ScreenShake":false,"SoundEffects":[]},"DroppedCards":[],"StatChanges":[{"ApplyEachTick":false,"InstantModifier":false,"IsInverse":false,"RateModifier":{"x":0,"y":0},"Stat":{"m_FileID":0,"m_PathID":0},"StatWarpData":"4a27fb5da9326b545a5ef73f2b80316e","StatWarpType":3,"ValueModifier":{"x":20.0,"y":20.0}},{"ApplyEachTick":false,"InstantModifier":false,"IsInverse":false,"RateModifier":{"x":0,"y":0},"Stat":{"m_FileID":0,"m_PathID":0},"StatWarpData":"1cfd30cf13b69b949a0ac521f55a59a2","StatWarpType":3,"ValueModifier":{"x":-8.0,"y":-8.0}},{"ApplyEachTick":false,"InstantModifier":false,"IsInverse":false,"RateModifier":{"x":0,"y":0},"Stat":{"m_FileID":0,"m_PathID":0},"StatWarpData":"3b79a4c6d7e151044a1c56fbbd401d78","StatWarpType":3,"ValueModifier":{"x":-10.0,"y":-10.0}},{"ApplyEachTick":false,"InstantModifier":false,"IsInverse":false,"RateModifier":{"x":0,"y":0},"Stat":{"m_FileID":0,"m_PathID":0},"StatWarpData":"86b0a8ee877e33945b0104fcbc404680","StatWarpType":3,"ValueModifier":{"x":1.0,"y":1.0}}],"TransferValuesToStats":[],"AmmoRecovery":0,"DroppedCardsWarpType":3,"DroppedCardsWarpData":["580e5578f4bb68f8a60ae6fa64a6c654"]},"EnemyEscapedEffects":{"ResultLog":{"AlternateLogTexts":[],"TextSettings":{"Active":false,"Bold":false,"Italics":false,"Underlined":false},"TextColor":{"Active":false,"ColorValue":{"r":0.0,"g":0.0,"b":0.0,"a":0.0}},"LogText":{"DefaultText":"\u9a86\u9a7c\u53d7\u5230\u4e86\u91cd\u4f24","LocalizationKey":"","ParentObjectID":""},"ScreenShake":false,"SoundEffects":[]},"DroppedCards":[],"StatChanges":[],"TransferValuesToStats":[],"AmmoRecovery":0},"PlayerEscapedEffects":{"ResultLog":{"AlternateLogTexts":[],"TextSettings":{"Active":false,"Bold":false,"Italics":false,"Underlined":false},"TextColor":{"Active":false,"ColorValue":{"r":0.0,"g":0.0,"b":0.0,"a":0.0}},"LogText":{"DefaultText":"\u4f60\u8bd5\u56fe\u9003\u79bb\u9a86\u9a7c","LocalizationKey":"","ParentObjectID":""},"ScreenShake":false,"SoundEffects":[]},"DroppedCards":[],"StatChanges":[{"ApplyEachTick":false,"InstantModifier":false,"IsInverse":false,"RateModifier":{"x":0,"y":0},"Stat":{"m_FileID":0,"m_PathID":0},"StatWarpData":"5a2a36248a42f4f4698f5735a9c99138","StatWarpType":3,"ValueModifier":{"x":3.0,"y":3.0}}],"TransferValuesToStats":[],"AmmoRecovery":0}}