﻿内部名,Guid,卡牌名,卡牌描述,配料1,配料2,配料3,配料4,饱食,胃,肠道,水分,压力,情绪,世界观,冰食,烫食,咖啡因,食用次数,腐烂时间
GuilPack-京酱肉丝,8b3c3ed3bd0da53f6e562aef3714c80e,京酱肉丝,好吃的,肉,糖,葱,油,45,25,25,15,-15,15,15,0,0,0,3,3
GuilPack-章鱼烧,859f76ab81b64b74b11b39fe2508cb76,章鱼烧,好吃的！,面粉,蛋,鱼,蔬菜,30,10,10,10,-10,10,10,0,0,0,3,3
GuilPack-冬阴功汤,84bde4e7cc6b6de60f8d1cba3ae25f3d,冬阴功汤,好吃的！,柠檬草,虾,辣椒,水,50,20,20,30,-10,10,10,0,0,0,3,3
GuilPack-炖肉,ffbd7d31fed9d7e1fd34cecf920cde2d,炖肉,好吃的！,肉,肉,肉,水,75,30,10,30,-10,10,10,0,0,0,3,3
GuilPack-番茄炒蛋,34d6daff2e281acfd31c4d7bc99a0840,番茄炒蛋,好吃的！,番茄,蛋,油,葱,40,20,20,10,-10,10,10,0,0,0,3,3
GuilPack-佛跳墙,ee99f11541dfae8ebfac468849db93bf,佛跳墙,好吃的！,海鲜,蘑菇,蛋,水,50,20,20,30,-10,10,10,0,0,0,3,3
GuilPack-海鲜杂烩,a2edde557beea831cc4b5b476dccb2e5,海鲜杂烩,好吃的！,虾,螃蟹,海胆肉,牡蛎肉,30,10,10,10,-10,10,10,0,0,0,3,3
GuilPack-咖喱鸡,dbc04e1cc2ed49d467bdf36e25dccf5d,咖喱鸡,好吃的！,土豆,胡萝卜,洋葱,鸡,75,30,10,30,-10,10,10,0,0,0,3,3
GuilPack-辣龙椒沙拉,0e5f566cffca2b9b049882ae659b5f3d,辣龙椒沙拉,好吃的！,辣椒,生菜,火龙果,油,50,20,20,30,-10,10,10,0,20,0,3,3
GuilPack-莲白回锅肉,45efeceedfa36a147988a383ee4e4a2f,莲白回锅肉,好吃的！,白菜,肉,油,辣椒,50,30,10,30,-10,10,10,0,0,0,3,3
GuilPack-芦荟冷汤,ec9bbcf9cecacacf0e5e2cfaba7aaa60,芦荟冷汤,好吃的！,芦荟叶,芦荟叶,水,,10,10,20,30,-10,10,10,20,0,0,3,3
GuilPack-奶油蘑菇面,a04dd82941de60881bf4edf209fdfcc7,奶油蘑菇面,好吃的！,奶,蘑菇,面粉,鸡,75,30,20,30,-10,10,10,0,0,0,3,3
GuilPack-酿茄子,f587c8147f7e90f5c2a8d17a96eb5a63,酿茄子,好吃的！,茄子,茄子,油,辣椒,50,30,10,30,-10,10,10,0,0,0,3,3
GuilPack-披萨,a082edc2f28a161a947dbacfdfca92ab,披萨,好吃的！,面粉,肉,番茄,洋葱,50,30,20,30,-10,10,10,0,0,0,3,3
GuilPack-肉丸,f159fbcae0ca5d5caba6d24a9a9fe91c,肉丸,好吃的！,肉,肉,任意,任意,30,10,10,10,-10,10,10,0,0,0,3,3
GuilPack-蛇羹,e00129dafe204a728ccfed389ef87cfa,蛇羹,好吃的！,剥皮的蛇,稻米,蔬菜,水,50,20,20,30,-10,10,10,0,0,0,3,3
GuilPack-什锦肉串,d3833aa89aeb3bba23dd217ef2142258,什锦肉串,好吃的！,肉,辣椒,生菜,小树枝,30,10,10,10,-10,10,10,0,0,0,3,3
GuilPack-土豆蛋奶酥,8db05f93e0a5d93035efb22ba123be53,土豆蛋奶酥,好吃的！,土豆,蛋,奶,面粉,50,30,10,30,-10,10,10,0,0,0,3,3
GuilPack-丸子汤,fff50d7b939ea2d2fb7e7c8cec0fa81d,丸子汤,好吃的！,肉,生菜,番茄,水,75,30,10,30,-10,10,10,0,0,0,3,3
GuilPack-扬州炒饭,dadc8b16ed0e03f5bb28505906731db7,扬州炒饭,好吃的！,稻米,蛋,虾,豌豆,50,30,10,30,-10,10,10,0,0,0,3,3
GuilPack-鲜果可丽饼,cc5eda2acfbee5b9cf49df4e2813f6ea,鲜果可丽饼,好吃的！,水果,水果,水果,面粉,50,30,10,30,-10,10,10,0,0,0,3,3
GuilPack-快乐水,5d6afe08af2c40a0a6fd93d5643d12dd,快乐水,一种用水、可可粉、糖、小苏打制成的饮料，可以达成“快乐肥宅每一天”的效果。,水,可可粉,糖,小苏打,5,5,20,30,-30,30,30,0,0,10,3,3
GuilPack-花菜肉片,0b13d5e1d1b0baef49fc9dd372d7fdee,花菜肉片,好吃的！,花菜,肉,油,葱,65,30,10,30,-10,10,10,0,0,0,3,3
GuilPack-肉末豌豆,aa2fa0f1f44b6fc6464478a39bada0ea,肉末豌豆,好吃的！,豌豆,肉,油,辣椒,65,30,10,30,-10,10,10,0,0,0,3,3
GuilPack-麻婆豆腐,e348cefee4dfc74e5223a2a6740918a5,麻婆豆腐,好吃的！,豆腐,胡椒,肉,辣椒,65,30,10,30,-10,10,10,0,0,0,3,3
GuilPack-水煮肉片,f2c97f9e49e87c50e46f71e3350524a1,水煮肉片,好吃的！,豆芽,肉,辣椒,胡椒,65,30,10,30,-10,10,10,0,0,0,3,3
GuilPack-糖渍番茄,e922b6db2d111ef03753cdb4bb6e5d7e,糖渍番茄,好吃的！,糖,糖,番茄,番茄,65,30,10,30,-10,10,10,0,0,0,3,3
GuilPack-土豆泥饭,9d227d33b78757b8fa066de89e0f5ee4,土豆泥饭,好吃的！,土豆,稻米,肉,盐,65,30,10,30,-10,10,10,0,0,0,3,3
GuilPack-葱爆虾仁,93cfa1ee14d185bf5ae01c8a93d0f4f8,葱爆虾仁,好吃的！,葱,姜,蒜,虾,65,30,10,30,-10,10,10,0,0,0,3,3
GuilPack-蟹黄豆腐,5a00cdf74ccd5285e4b11aceb7fbf214,蟹黄豆腐,好吃的！,螃蟹,豆腐,豌豆,肉,65,30,10,30,-10,10,10,0,0,0,3,3
GuilPack-鱼香肉丝,bb203fc7ba4637916ef6f30a497a9545,鱼香肉丝,好吃的！,木耳,肉,辣椒,糖,65,30,10,30,-10,10,10,0,0,0,3,3
GuilPack-宫保鸡丁,4a3e11b87810beb548d6e2c5364de636,宫保鸡丁,好吃的！,花生,葱,糖,鸡,65,30,10,30,-10,10,10,0,0,0,3,3
GuilPack-夫妻肺片,76919c1372ffcc35bb8bd1465f1bce8f,夫妻肺片,好吃的！,肉,蒜,辣椒,花生,65,30,10,30,-10,10,10,0,0,0,3,3
GuilPack-红烧肥肠,c04adf5fb1b63d0dda23c16fcbefbff4,红烧肥肠,好吃的！,肉,土豆,辣椒,油,65,30,10,30,-10,10,10,0,0,0,3,3
GuilPack-肉末茄子,0ac8125ff3c5b9140a37cbf07941f66c,肉末茄子,好吃的！,肉,茄子,蒜,油,65,30,10,30,-10,10,10,0,0,0,3,3
GuilPack-辣子鸡丁,3e09f0dc0ab13fae6b5a072a2475718c,辣子鸡丁,好吃的！,辣椒,蒜,鸡,油,65,30,10,30,-10,10,10,0,10,0,3,3
GuilPack-蜜汁火腿,11ac1acdcaa97568e0fba7caca9cff31,蜜汁火腿,好吃的！,肉,肉,蜂蜜,水果,75,30,15,10,-10,20,20,0,0,0,3,3
GuilPack-蜜汁卤肉,fba93a0e186eeb6dc183bdde6e0eddbb,蜜汁卤肉,好吃的！,肉,肉,蜂蜜,蜂蜜,75,30,15,10,-10,20,20,0,0,0,3,3
GuilPack-蜂蜜柚子茶,98d4e6c42503aaafbc20dfd3dceb68cd,蜂蜜柚子茶,好吃的！,水,蜂蜜,柠檬,水果,10,10,5,75,-20,20,10,0,0,0,3,3
GuilPack-南瓜饼干,9d3dab6784e6d08cfb1f5fdda16fac23,南瓜饼干,好吃的！,南瓜,面粉,糖,热带杏仁核,50,15,10,5,-5,5,5,0,0,0,3,3
GuilPack-包子,6ee73a2893f211ed953d047c16184f06,包子,好吃的！,水,肉,蒸笼,面粉,40,20,20,10,-15,15,15,0,0,0,3,3
GuilPack-馒头,3420b3f493f211edb72d047c16184f06,馒头,好吃的！,水,面粉,面粉,蒸笼,40,20,20,10,-5,5,5,0,0,0,3,3
GuilPack-糖醋里脊,36f5c536ca0cfbf19043c15173dc18d0,糖醋里脊,好吃的！,糖,果醋,肉,油,50,20,20,5,-10,10,10,0,0,0,3,3
GuilPack-梅菜扣肉,b2588014cda9b14f375d856cf047e8af,梅菜扣肉,好吃的！,梅菜,梅菜,肉,肉,50,15,15,0,-10,10,10,0,0,0,3,3
GuilPack-梅菜肉饼,95c5ef12b402d070f625d5563cdd6aff,梅菜肉饼,好吃的！,面粉,梅菜,肉,面粉,50,15,15,0,-10,10,10,0,0,0,3,3
GuilPack-杨枝甘露,0b2aebc9fdbbf27aa0b714bd3fe5f14c,杨枝甘露,好吃的！,芒果,椰肉,椰肉,水,5,10,5,72,-10,10,10,0,10,0,3,3
GuilPack-草莓啵啵,3cfde57ad4be2574cba133c74057f2b7,草莓啵啵,好吃的！,草莓,橙子,椰肉,水,5,10,5,72,-10,10,10,0,10,0,3,3
