﻿植株Guid,植株丛Guid,植株田Guid,植株名称,植株描述,发现地点Guid,作物等级,植株可否食用,植株标签,植株腐坏时间
cfdb86b0112b3d80eae53abf0ccfc9a0,104a4eba1ecdb837a565a6e3e8fbcfc6,75ed9ea6eb53fd5fcf782322dc0ef27e,生菜,一颗生菜,069b4c17f9d7634479e1bde8c256f89a,1,是,蔬菜,3
b31b9fc7d267853d377a13bd5211d05e,3419cf79311cff975ce87f791c2220fc,d090258bb8bd17508046caa41cb33cb7,花菜,一朵花菜,069b4c17f9d7634479e1bde8c256f89a,1,是,蔬菜,3
57317302fd16fb42bb93350e806ab678,c3c4c8ce50af3d8d41cf3625ee5be01e,2a01ac2f78dbdaf0ce9433a6b0cf332c,番茄,一个番茄,069b4c17f9d7634479e1bde8c256f89a,1,是,蔬菜,3
49066cdeefe40c6c20e0490d12b7b472,3b2758fe40281affad681ea959babb98,6653271011c872f946fc5c1571a8c815,梅菜,一颗梅菜,069b4c17f9d7634479e1bde8c256f89a,1,是,蔬菜,3
8a82603c8023afa67546f01edeeb0cf2,478ee61f8fa7e740e9c9d0783dea6732,887a109fa80c13360b70668987a212fa,豌豆,一些豌豆,069b4c17f9d7634479e1bde8c256f89a,1,是,蔬菜,3
f5aed7e9058186bfdd739fabb8df7eea,658f3085f4a8ba89f32247215caf5b06,4bb91ebfaac0bbe026518080dee2b136,花生,一些花生,069b4c17f9d7634479e1bde8c256f89a,1,是,蔬菜,5
f0ed5c43b06462015de4b3eda8abff04,669750c3136a82affaeec939c2e853e7,35940caf9b8f8bd429824024ba2cdd88,胡椒,一些胡椒,069b4c17f9d7634479e1bde8c256f89a,1,是,蔬菜,5
c2980afdfa628d7409448c2679a174d8,d60e6659a405f902ffd76554c51c72aa,109992fcfc8aa3955688265e34f10f48,洋葱,一个洋葱,069b4c17f9d7634479e1bde8c256f89a,1,是,蔬菜,3
