﻿Mod包,植物名,内部名,水培仓uid,原料uid,产物uid,植物类型,每次产出,成熟天数
原版自带,金鸡纳树,GuilPack-Loc-金鸡纳树水培仓,0dfda0bfab44430b8a2797213791e55b,34ea590c18a216b4c94a513d93f21739,887b2d53873fd3f42abad80eab73fdaa,木本,4,3
原版自带,野枣,GuilPack-Loc-野枣水培仓,e3006e49efba4937b349976d00754e93,596ca0beb56c1104e886b92f32d43e7f,0e50d549c9292f340bc5b3eb619c0431,草本,8,3
原版自带,稻米,GuilPack-Loc-稻米水培仓,88b191f04ebc413cbdbd434e4246f254,475f97589fb884941ab2e973aa6f9986,b32169d90c4f5164785b756f136a3cc9,草本,8,3
原版自带,咖啡豆,GuilPack-Loc-咖啡豆水培仓,ee0a2ba6014c4e4aa8bb8990ef74f1f0,9b27135122a91774b80c8f37c09f9604,c02d3c7f54064ef41834c98d5327371c,草本,8,3
原版自带,柠檬草,GuilPack-Loc-柠檬草水培仓,705ddd16ca7544bfbd9882e1f1f12830,2219f9587f2d4f64ebaeb84e037a9f97,71a5d49f33b914c4ca6818bc3a47ebc1,草本,8,3
原版自带,蛇草,GuilPack-Loc-蛇草水培仓,fffd8f4752e54629a2ce6b693451299a,9ed326f71c815044a88ba97f43ee7bfa,b20900c4253b6b44ab6e6c88e341551c,草本,8,3
原版自带,芦荟,GuilPack-Loc-芦荟水培仓,05b00f39fe094e799b7865d27e0f2c62,14f95d9891100414d9ba4086658865fd,e6cd6acb31ddb0e4ea3ee52c2d3025d3,草本,8,3
原版自带,卡瓦,GuilPack-Loc-卡瓦水培仓,671bf1ede95f48e7ab3f8bf356749c21,f9738d8fa8283574e9d103bdf91946c9,469f669ca5e588a49a84b158531b7a40,草本,8,3
原版自带,蜘蛛兰,GuilPack-Loc-蜘蛛兰水培仓,965b23f08a0941859bd1bcd2ef4df57c,4a78651425538d2448f9ce65d70f0e4f,f581ff24c48ac0e4e82b742cd94f8f36,草本,8,3
原版自带,姜,GuilPack-Loc-姜水培仓,4a61b021fb124e2aae531090972169bd,f692b854d6acd85479ce782426f405ed,0d9f0aa1886c2fc45a29a81662d07d0e,草本,8,3
原版自带,参薯,GuilPack-Loc-参薯水培仓,edb507f8f7504092b46002b483e4998c,1c286b7bcd400344e8b55e9c8770f560,0167b06e12bb7fa42922e1d54e881160,草本,8,3
原版自带,大叶仙茅,GuilPack-Loc-大叶仙茅水培仓,3c32b64d5cb743869d34f813e357c324,b8d70ee0e005bd44dbbb782a2342f9b8,baad529fcfd32614cbd60b9b25c4740a,草本,8,3
原版自带,辣椒,GuilPack-Loc-辣椒水培仓,65bd2cdb6227475db9bc6bad99c39fbc,03bfc9df4f1e3834d85ceaa408541aa5,cda0585e31f03fe4fbb6d8d09b12c64b,草本,8,3
原版自带,茉莉花,GuilPack-Loc-茉莉花水培仓,d3b7bda66f3542e69ef437b2ae440903,36ea39962fe6818429d2ad7e71145c48,dcbc12faf8773454b98abd3eae104b89,草本,8,3
原版自带,月季,GuilPack-Loc-月季水培仓,b7bd042307f64d61b3cea811c7e624bc,baf833c64860dfe4cbf1d2ae95141b35,785681d1c0c0d33418f1249d4607a89a,草本,8,3
原版自带,热带杏仁,GuilPack-Loc-热带杏仁水培仓,29b25a04fb4a40fbae3a58acba7a450d,6d115580637b2304faa8d01f0dcd6b8c,af07e66ab8280934b842e115124f3809,木本,4,3
原版自带,香蕉,GuilPack-Loc-香蕉水培仓,8715362ebf334cc2b6ab63500f4b512d,acefe4809985cf44db1fa3c9c3f518ac,c45212817788f264fb79d28a8c9101cf,木本,4,3
原版自带,水椰,GuilPack-Loc-水椰水培仓,783072a8cebc49538bb6b026628daae3,b02091822dd7013408b88d59602e20a8,acc79a9a8a8f34247a2ce138caa0ec31,草本,8,3
原版自带,西米,GuilPack-Loc-西米水培仓,6e82f5c39b1140c59bd31cd17b05a3e1,165f200cdbcfee243940fc9e1cff7abf,5a5e627aa2e1bba4d9c8eff19bd1b207,木本,4,3
原版自带,椰子,GuilPack-Loc-椰子水培仓,a000c711f9c8464894dbe34ed29771b8,9a53c7766c482b94a9ce1b2148ddb522,1b410aa04bace934488e9cd5c82233d2,木本,4,3
原版自带,芒果,GuilPack-Loc-芒果水培仓,598db75d1c5b4a0e83cece3ca1801787,190a9472029cca9438d492b2c798c478,787540fc7bb997a4b970243eaa6ac441,木本,4,3
原版自带,棕榈丛,GuilPack-Loc-棕榈丛水培仓,dcfc663597c04ad885dbd71423ebda66,fbc421798c401eb43b5f0d4de4d20963,ac10282ecd6c66b4182667426de14a90,草本,8,3
风与叶,橙子,GuilPack-Loc-橙子水培仓,534010fbb730415ab247143266facd29,1e2786fb14984286a110c9b8eda0c49b,3850d17c45534adba232dcc1cb6acd58,木本,4,3
养殖拓展,虾,GuilPack-Loc-虾水培仓,435c5f6588f14a538be7eb6b5a275691,54e7924d2d7b47a49b90b679c479ba07,058fac94d52d449fb10ceb0dab18d846,草本,8,3
养殖拓展,螃蟹,GuilPack-Loc-螃蟹水培仓,33ce9fce5388457bae9fdaee0e3f61dc,46620746a81bd124fb0066e38db287a0,5abc22d384a148678691454f74e9f5d5,草本,8,3
养殖拓展,牡蛎,GuilPack-Loc-牡蛎水培仓,1aa8193a342446a9835973a467bb9695,38122e8f6fc3e2d49bdb96594442234b,8f33f9f6f7ac4455a432c79dfd36f3b7,草本,8,3
养殖拓展,海胆,GuilPack-Loc-海胆水培仓,aa79b14b65884b11b0ac464f26c7f697,c89261b57bb42b848a09f47f5dec2456,8e7680a0c86f4f4696def56a911e8db9,草本,8,3
养殖拓展,海藻,GuilPack-Loc-海藻水培仓,8844d688d11747088a2e4e32253ad70a,c0b50b10716beba4cbf6aa3f8ff20f0e,0396b496118d476eba66ac17b90bcde3,草本,8,3
养殖拓展,海螺,GuilPack-Loc-海螺水培仓,53718b5a0fda4364ac4b63a5f4996381,6a49525d9b7db284f88e6523e0251abf,aa17c9f994e644f6ba9eca08b62ecc04,草本,8,3
食物拓展,白菜,GuilPack-Loc-白菜水培仓,1e90c23bf4dd4ecc8d65e6c62732a086,6234f3559bb611edafa9002b67846b5f,961980e59bb611eda1f9002b67846b5f,草本,8,3
食物拓展,土豆,GuilPack-Loc-土豆水培仓,82eb1e609c7346fb88f1125d1c926439,3b89226c9bd211ed8879002b67846b5f,4a7d842c9bd211ed8a0f002b67846b5f,草本,8,3
食物拓展,茄子,GuilPack-Loc-茄子水培仓,7f3a6992f1d64749a2cdea6fda2a36d9,d89b2e74de524fb386eb4a86ff91da8d,6ac0e23c946d47fab94dd3e6d4ced977,草本,8,3
食物拓展,胡萝卜,GuilPack-Loc-胡萝卜水培仓,18d244542a81474fa9dada5398d3363f,40187c1b7048491484dcf46e0f67f1b4,f1185dd836474228ac24b04cb71d1a7a,草本,8,3
食物拓展,莲藕,GuilPack-Loc-莲藕水培仓,991e6332a75a42268a3a6687e238aa20,dd43438d21d94aab8210a6dc8e62e679,e56421e364324367b5a74845a21b06d5,草本,8,3
食物拓展,苹果,GuilPack-Loc-苹果水培仓,35e8cd08b7174f61a888f2185515355d,26479cc7cf1f4299bc4e9dab466cfe0e,67f0de8482164007b94dd59c08527d54,木本,4,3
食物拓展,梨,GuilPack-Loc-梨水培仓,247421fa740c4879adf5c5ae1642c869,7fe1d9dc438041d0ba50adae52cfd56e,b86dd93baa0b491a97ebde9778b995ed,木本,4,3
食物拓展,葱,GuilPack-Loc-葱水培仓,3c886e57be3a46e7834e35459f36d622,53c04be9d8ea407bb9405c8d3ecd41fa,70842410c8a24369a4e3b487a27d446d,草本,8,3
食物拓展,大蒜,GuilPack-Loc-大蒜水培仓,0351f5aa85214e7ca2af7813a6de525c,403a87ad0e274687a1aa1eb8a92afd54,65a5f1045eb54481be616c7c298ad00c,草本,8,3
食物拓展,香菜,GuilPack-Loc-香菜水培仓,79b56c48e7c8429487524b6b98d66add,96db825c1a834a62b822d43aca6c59b0,39275249f0464248b1c44fced00e9b70,草本,8,3
食物拓展,孜然,GuilPack-Loc-孜然水培仓,1d6fc47cca604a48af39457013f7a1ca,34e9f2af3c4c46e3b5d41fe99018cf3d,3be9ed7fa011414b8e2bdebae0216b12,草本,8,3
食物拓展,八角,GuilPack-Loc-八角水培仓,8a450aca64ce43cc92be7e419fcf6a39,8441d9d3bb5a49f5b3e25378edaf418f,5fa187a01a464239870334cb85c76d50,木本,4,3
食物拓展,桂皮,GuilPack-Loc-桂皮水培仓,26c312e1f3b34013bad09bfbb441dfd6,8b3ae28064d74ad1850b97d9e5a98a2d,70e5d08cd6dc40c292c2aa2c3bcf07e7,木本,4,3
食物拓展,紫苏,GuilPack-Loc-紫苏水培仓,fdf08948d9a14187acb3f51317753e58,47c09171ea224b3bb142a5958789f74d,b72b19dfa8d642e5bec3abdd3d784b07,草本,8,3
食物拓展,瓜子,GuilPack-Loc-瓜子水培仓,690cfcf05f844586badc0067490ce358,e3e98191e23143e999fc713be7803713,944a44fd8017460aaffe0d3f674c54d8,草本,8,3
食物拓展,猴面包,GuilPack-Loc-猴面包水培仓,a5b742be5d384461ba305f84bd811102,aad88fba0b65493889a8787b5158a0eb,628b7e543187444c95339d99e17b523d,木本,4,3
食物拓展,榴莲,GuilPack-Loc-榴莲水培仓,50ff74ee01d94e6e9c0e85688410c28f,61ef06d0a1c5492aa36134c50714ca74,5fc332547d684fc29e342d8292ffd434,木本,4,3
食物拓展,葡萄,GuilPack-Loc-葡萄水培仓,4dc4469fb1a748f388b27e54ae9b189c,f644e1296864430fbabdc3ffe630132c,993d0bea31ce4b5a82a5c758b0ddf68e,草本,8,3
食物拓展,葫芦籽,GuilPack-Loc-葫芦籽水培仓,aeb0a5c4f88048d3b77594452b8e0b9a,21041458e2694199aeb981a94c498a56,c7d86f9247f54e20b6fab192e4967c57,木本,4,3
基尔整合,草莓,GuilPack-Loc-草莓水培仓,980419a4ba154d49ba06012406fbb8f8,bed82c4591b511ed8fb6c475ab46ec3f,8027530491b611edbe5fc475ab46ec3f,草本,8,3
基尔整合,菠萝,GuilPack-Loc-菠萝水培仓,64f7718111a5409eadae15cb3894b18f,005bc580a23311edb167c475ab46ec3f,5d02cea6a23311ed897bc475ab46ec3f,草本,8,3
基尔整合,西瓜,GuilPack-Loc-西瓜水培仓,5b0687d76bc1441086e1f59b31b4357f,eb1c2d24e3a74870af79ba7fd8ba2868,bfd1aca084f2429fa7c421c190ae5730,草本,8,3
基尔整合,火龙果,GuilPack-Loc-火龙果水培仓,ba7f92f5c5924d62b16becbbdf54a32e,711a40d1a20e11ed82bbc475ab46ec3f,ac1adb30a22311eda4e3c475ab46ec3f,木本,4,3
基尔整合,荔枝,GuilPack-Loc-荔枝水培仓,a9eea9f63cf7451786844839f5274e8f,12b21ab9a20e11ed95c7c475ab46ec3f,6d66fe0ed7e2416eb4ab95ac63bf7dc2,木本,4,3
基尔整合,柠檬,GuilPack-Loc-柠檬水培仓,016a4353d9704c56aa0e0597625aff2c,7ef9b514a20e11ed8801c475ab46ec3f,b2bd9ce3a22311ed879fc475ab46ec3f,木本,4,3
基尔整合,奇异果,GuilPack-Loc-奇异果水培仓,598e20c78bd24dc4a7ca2c3756eee385,8d7fa532a20e11edae2ec475ab46ec3f,bab8eb7ea22311ed90e8c475ab46ec3f,木本,4,3
基尔整合,玉米,GuilPack-Loc-玉米水培仓,5f994ac47f49486091be4fae22f4a339,16003de4934411edb96ec475ab46ec3f,77c6a06f935411ed97dfc475ab46ec3f,草本,8,3
基尔整合,南瓜,GuilPack-Loc-南瓜水培仓,5015da1c0913437a98d987bc58f72a9d,D866F761-A2B2-40FE-A40E-71D506DC7C45,5035180A-DD54-4A90-8CCB-F5AD577FAB30,草本,8,3
基尔整合,甘蔗,GuilPack-Loc-甘蔗水培仓,8feaa2c7d0b54e8984b7d3d849efc5e3,72778049964f11edaf91047c16184f06,f5a297ba964f11edbb51047c16184f06,草本,8,3
基尔整合,油菜,GuilPack-Loc-油菜水培仓,ed0a49eb96e646eb90d00b5257393e37,d5e4f81c8f6211edafa0c475ab46ec3f,7427b5fd3eae40d59fae27190aef49c0,草本,8,3
基尔整合,棉花,GuilPack-Loc-棉花水培仓,c19f00695c6f4611b8a84cb84b81cb6c,63b68ec48fec11ed82c1c475ab46ec3f,3633d0b08fed11edb1d2c475ab46ec3f,草本,8,3
基尔整合,小麦,GuilPack-Loc-小麦水培仓,2e6f8f3c9af8426a82bde83bfe746d79,9276c90d937011eda1e0c475ab46ec3f,9d73d4328f5f11ed90b5c475ab46ec3f,草本,8,3
基尔整合,兰花,GuilPack-Loc-兰花水培仓,a529172e34c341ca8c94b4333a29d39b,FF9E2956-E37C-4A48-9EA6-3FA00F798C63,FB53D091-3DF5-41AE-B657-157C867C1958,草本,8,3
基尔整合,菊花,GuilPack-Loc-菊花水培仓,a035dece035c45ada0083f3c2ad599be,BB955E0C-5881-44E1-9E4F-ADD5F65B660D,B1287A23-F72B-4231-8B62-3D7B20CA52EA,草本,8,3
基尔整合,薄荷,GuilPack-Loc-薄荷水培仓,7102eb7dd94b4e8b8d74f07159ccb519,3D220F85-6F90-4BC0-9213-DFB386D31F1C,DC355CC8-5949-4EB5-926F-9EF0415206E3,草本,8,3
基尔整合,生菜,GuilPack-Loc-生菜水培仓,77e933ed152b4c15b2ae7d35a860ab0b,cfdb86b0112b3d80eae53abf0ccfc9a0,104a4eba1ecdb837a565a6e3e8fbcfc6,草本,8,3
基尔整合,花菜,GuilPack-Loc-花菜水培仓,85d2bb4f48714c1bba4d5440dd401929,b31b9fc7d267853d377a13bd5211d05e,3419cf79311cff975ce87f791c2220fc,草本,8,3
基尔整合,番茄,GuilPack-Loc-番茄水培仓,9bf3769e10cc4fc0bd7971a0525545ca,57317302fd16fb42bb93350e806ab678,c3c4c8ce50af3d8d41cf3625ee5be01e,草本,8,3
基尔整合,梅菜,GuilPack-Loc-梅菜水培仓,e8f2a0eebe104997b9a2c8927d93f5dc,49066cdeefe40c6c20e0490d12b7b472,3b2758fe40281affad681ea959babb98,草本,8,3
基尔整合,豌豆,GuilPack-Loc-豌豆水培仓,9a8c6bc0b6f34d6c827849a55c10d065,8a82603c8023afa67546f01edeeb0cf2,478ee61f8fa7e740e9c9d0783dea6732,草本,8,3
基尔整合,花生,GuilPack-Loc-花生水培仓,6a84d234f49d4bb4912b6721f05d22a2,f5aed7e9058186bfdd739fabb8df7eea,658f3085f4a8ba89f32247215caf5b06,草本,8,3
基尔整合,胡椒,GuilPack-Loc-胡椒水培仓,ba3c77d4f2f4402ca5d8e1bde20ab1b5,f0ed5c43b06462015de4b3eda8abff04,669750c3136a82affaeec939c2e853e7,草本,8,3
基尔整合,洋葱,GuilPack-Loc-洋葱水培仓,586c3baabc6c44b595b2b70d2466dc74,c2980afdfa628d7409448c2679a174d8,d60e6659a405f902ffd76554c51c72aa,草本,8,3
原版自带,杂菌,GuilPack-Loc-杂菌水培仓,f9f6d21b4c5913f8121e1c98cacd5397,a76f3327e04ab7b479bce43d6aceb9e1,d00e0aa10e28896458e0f954ef8acabb,菌类,8,3
原版自带,迷幻菇,GuilPack-Loc-迷幻菇水培仓,856b2fbc59de32276042a519f4f48bc5,e41ab416339b3c9459a37b4942f8f57b,3e6b1fe5131781b4daf4754c97a9f6b9,菌类,8,3
原版自带,马勃菌,GuilPack-Loc-马勃菌水培仓,bf801f1172534e5e6b3907225f6e4359,d847ac5a587e25943b1b73657d2231b0,ba5dcce34f8b3f943889c533f6bff123,菌类,8,3
食物拓展,红蘑菇,GuilPack-Loc-红蘑菇水培仓,1618455ce2025f0b83853778bd41a1ba,52e3ddcdeadb47d283e94f8d6e4fede2,52e3ddcdeadb47d283e94f8d6e4fede2,菌类,16,3
食物拓展,蓝蘑菇,GuilPack-Loc-蓝蘑菇水培仓,17d4b790b5351fc27604160c9516e4ce,e95f9b7ea25640009a8b024e40b27ac5,e95f9b7ea25640009a8b024e40b27ac5,菌类,16,3
食物拓展,绿蘑菇,GuilPack-Loc-绿蘑菇水培仓,20e5b52cc656039cbc49826943ddce68,96c2bd30891a4a2281cf7cf222b77930,96c2bd30891a4a2281cf7cf222b77930,菌类,16,3
风与叶,燕麦,GuilPack-Loc-燕麦水培仓,6bbd14870101b65c29b9468195dc18ad,92a10a94fc2449b9a78fa45b1d8e4df3,7c22131872034859b653353fe7172dfe,草本,8,3
风与叶,蓝莓,GuilPack-Loc-蓝莓水培仓,6bbd14870101b65c29b9468195dc18ae,2dfd663c53a34e498acbfe5f42819495,a79049bd9c8c4cbfbbbc841c7b7ce52a,草本,8,3
风与叶,覆盆子,GuilPack-Loc-覆盆子水培仓,6bbd14870101b65c29b9468195dc18af,9a21045fa31d4fc198c02a9af8d2a47f,caf848a961f54fdd8c3aa4c580c0881c,草本,8,3
