﻿Mod包,动物名称,养殖场Guid,主产物名称,主产物Guid,主产物产量,主产物收获周期,副产物名称,副产物Guid,副产物产量,副产物收获周期
原版,野猪,7661cb811fe23beba142508b9eed0d59,野猪尸体,24a35218ec733854387c5a66ef3e6628,1,1,,,,
原版,山羊,7d39155af9f8cea54c2685e7ab44e5bd,山羊尸体,7427208a72572844eaff23fe433d62f7,1,1,全脂羊奶,b27730511b22d7a4faf1de7704ee201f,1200,1
原版,海怪,4a06c04687e0cf7e61a4d75161a8db7c,海怪尸体,b1a84d593297e5345bb3102c080ce1ac,1,2,珍珠,210c3d3e3a7bb164bb285f4574506d6d,1,3
原版,鲨鱼,dca375d304af8a29c49c0c93ce9ff0b9,鲨鱼尸体,c2cb2677af4043f4e9e62df4fb89b06d,1,2,珍珠,210c3d3e3a7bb164bb285f4574506d6d,1,3
原版,猕猴,acc886366e867876d76e815074d59e42,猕猴尸体,9d4972b777d238249a27d8cda18f564a,2,1,,,,
原版,灰山鹑,ecb59d5b560dcd630eef134c6b5ff591,灰山鹑尸体,f72ca8f6249870d4b9306c2d779c93a9,2,1,蛋,1d091a9f6afe9c449a8b738742008d5e,4,1
原版,巨蜥,18ef74b7a4e2b5169770592cc5f51040,巨蜥尸体,a547948e1b6bdf84aa5076bf2b5f4cf8,1,1,,,,
原版,海胆,6d0efac0af9a275e61789417f1e11a1b,海胆,c89261b57bb42b848a09f47f5dec2456,8,1,,,,
原版,虾,8cdc48121ac10e718553b3f0cddebed5,虾,54e7924d2d7b47a49b90b679c479ba07,8,1,,,,
原版,螃蟹,3c574f1f40984543e6b80a5657e29c20,螃蟹,46620746a81bd124fb0066e38db287a0,8,1,,,,
原版,北梭鱼,2a4b7322f01286ba0d14ef940f87d498,北梭鱼,7ec4b8ebf03b43345b77438480b78214,2,1,,,,
原版,椰子鱼,a2df16de4071223430c5e42f943ab3ae,椰子鱼,ee106dd0ba9e48e45b62360d832a5ecc,2,1,,,,
原版,海蛇,049a7d6eba03ab8de4c24be75a34c513,海蛇尸体,d44b060fa57187f409f3d7359a9457ed,3,1,,,,
原版,眼镜蛇,6110ef7075248009fbeabcce72963c79,眼镜蛇尸体,89d3f4138a34e72418c5d86edc24e768,3,1,,,,
原版,蜜蜂,b8c9c7d4911d34ec2a26af65ff1353f0,蜂蜡,a4a6ae891a9665a479350796d1e6cfcf,2,1,蜂蜜,151ebcdc07ef37e47b54b2867e2a93e7,1200,1
原版,牡蛎,b36536c8973217a2fa1fb8debe476bc0,牡蛎,38122e8f6fc3e2d49bdb96594442234b,6,1,,,,
原版,海藻,c400906c91b5f7b1dca0fa73ec9e727d,海藻,c0b50b10716beba4cbf6aa3f8ff20f0e,8,1,,,,
原版,海螺,4856339941607f96eb2f0d27c7c7fcb8,海螺,6a49525d9b7db284f88e6523e0251abf,8,1,,,,
食物拓展,奶牛,2e1e546b9a5186cf018d54d05b057e8c,奶牛尸体,5ade339ad5d64bd9912b0aa0fbd1f360,1,2,全脂牛奶,b0dd396b7fcc43bf8b22fe99df7a3213,1200,1
食物拓展,青蛙,fdd6a555a353944c1116885a1d420e79,青蛙尸体,f826fbd6f06c43a09ddfa898ceae3ef5,3,1,,,,
食物拓展,兔子,dd6c9a753b05b7cabdf4de9bb7d9bafd,兔子尸体,aeeae99aa51b40668df5e71972c57409,2,1,,,,
食物拓展,熊,277caa97b233c53e24c14737adf18394,熊尸体,a521da9b9d784f4687c4266d897c52c3,1,1,,,,
远星号,无人机,70c865be8ded25e9f19c657ae3610eb5,无人机残骸,90eae2444c3e4f458f605cecce61cab2,2,1,,,,
