{
    "AssociatedCards": [],
    "AssociatedCardsWarpData": [
        "05f0ad7b99b511ed9f47c475ab46ec3f",
        "9e71b5d893ec11edb374047c16184f06",
        "fb3d9ffaa5a547609c3ddd9869a5ffb6",
        "a4494b5a50ae41478114ac3525984997",
        "d2fff23a3737420fa90e3af40315b406"
    ],
    "AssociatedCardsWarpType": 3,
    "AssociatedStats": [],
    "ExplicitPage": {
        "m_FileID": 0,
        "m_PathID": 0
    },
    "OverrideDescription": {
        "DefaultText": "1.\u53d1\u7535\u673a\u662f\u63a8\u52a8\u79d1\u6280\u8fdb\u5165\u7535\u529b\u65f6\u4ee3\u7684\u91cc\u7a0b\u7891\u30022.\u5927\u90e8\u5206\u7684\u53d1\u7535\u673a\u5728\u5236\u9020\u8fc7\u7a0b\u4e2d\uff0c\u9700\u8981\u7528\u5230\u201c\u78c1\u77f3\u201d\u30023.\u53ea\u6709\u592a\u9633\u80fd\u53d1\u7535\u673a\u72ec\u7279\u7684\u4f7f\u7528\u5230\u4e86\u950c\u548c\u7845\u30024.\u6c34\u529b\u53d1\u7535\u673a\u4ec5\u80fd\u5728\u201c\u7965\u548c\u6eaa\u8c37\u201d\u5efa\u9020\uff08\u9700\u8981\u81ea\u7136\u9882\u6b4cmod\uff09\u3002",
        "LocalizationKey": "",
        "ParentObjectID": "d007ca9e4fbcd274ea78f41766fe54bd"
    },
    "OverrideIllustration": {
        "m_FileID": 0,
        "m_PathID": 0
    },
    "OverrideIllustrationWarpData": "Digi_\u7535\u529b",
    "OverrideIllustrationWarpType": 3,
    "OverrideTitle": {
        "DefaultText": "\u53d1\u7535\u673a",
        "LocalizationKey": "",
        "ParentObjectID": "d007ca9e4fbcd274ea78f41766fe54bd"
    },
    "RelatedEntries": [],
    "RelatedEntriesWarpData": [
        "GE_\u78c1\u77f3",
        "GE_\u7845"
    ],
    "RelatedEntriesWarpType": 3
}