{
    "AssociatedCards": [],
    "AssociatedCardsWarpData": [
        "afc4cf9a426046708a1492e88e8d7d96"
    ],
    "AssociatedCardsWarpType": 3,
    "AssociatedStats": [],
    "ExplicitPage": {
        "m_FileID": 0,
        "m_PathID": 0
    },
    "OverrideDescription": {
        "DefaultText": "硅是各种微电子原件及太阳能科技的重要组成部分，你可以在“诺菲卡岛”发现它。为了前往“诺菲卡岛”，你需要在“沙滩”修建“栈桥”，然后在“栈桥”中修建“船只”。",
        "LocalizationKey": "",
        "ParentObjectID": "0d820eb3097c45949abfe1b123a7a15e"
    },
    "OverrideIllustration": {
        "m_FileID": 0,
        "m_PathID": 0
    },
    "OverrideIllustrationWarpData": "硅",
    "OverrideIllustrationWarpType": 3,
    "OverrideTitle": {
        "DefaultText": "硅",
        "LocalizationKey": "",
        "ParentObjectID": ""
    },
    "RelatedEntries": [],
    "RelatedEntriesWarpData": [],
    "RelatedEntriesWarpType": 3
}