{
    "AssociatedCards": [],
    "AssociatedCardsWarpData": [
        "faa4e561935d11eda07dc475ab46ec3f"
    ],
    "AssociatedCardsWarpType": 3,
    "AssociatedStats": [],
    "ExplicitPage": {
        "m_FileID": 0,
        "m_PathID": 0
    },
    "OverrideDescription": {
        "DefaultText": "\u78c1\u77f3\u662f\u5404\u79cd\u53d1\u7535\u673a\u7684\u91cd\u8981\u539f\u6599\uff0c\u4f60\u53ef\u4ee5\u5728\u201c\u7eb3\u5c14\u4e4b\u8c37\u201d\u627e\u5230\u5b83\u3002",
        "LocalizationKey": "",
        "ParentObjectID": "a08e8330b22d0c3478b6628f2d21aff8"
    },
    "OverrideIllustration": {
        "m_FileID": 0,
        "m_PathID": 0
    },
    "OverrideIllustrationWarpData": "\u78c1\u77f3",
    "OverrideIllustrationWarpType": 3,
    "OverrideTitle": {
        "DefaultText": "\u78c1\u77f3",
        "LocalizationKey": "",
        "ParentObjectID": "a08e8330b22d0c3478b6628f2d21aff8"
    },
    "RelatedEntries": [],
    "RelatedEntriesWarpData": [
        "GE_\u7eb3\u5c14\u4e4b\u8c37",
        "GE_\u53d1\u7535\u673a"
    ],
    "RelatedEntriesWarpType": 3
}