{
    "AssociatedCards": [],
    "AssociatedCardsWarpData": [
        "c478676f90504a738ced41730d344998"
    ],
    "AssociatedCardsWarpType": 3,
    "AssociatedStats": [],
    "ExplicitPage": {
        "m_FileID": 0,
        "m_PathID": 0
    },
    "OverrideDescription": {
        "DefaultText": "纳尔之谷是位于岩滩和隐秘港湾之间的一道美丽的峡谷，在这里可以发现“磁石”。",
        "LocalizationKey": "",
        "ParentObjectID": "6bf7796cedb9dfa4592555b7f5c04741"
    },
    "OverrideIllustration": {
        "m_FileID": 0,
        "m_PathID": 0
    },
    "OverrideIllustrationWarpData": "纳尔之谷",
    "OverrideIllustrationWarpType": 3,
    "OverrideTitle": {
        "DefaultText": "纳尔之谷",
        "LocalizationKey": "",
        "ParentObjectID": "6bf7796cedb9dfa4592555b7f5c04741"
    },
    "RelatedEntries": [],
    "RelatedEntriesWarpData": [
        "GE_磁石",
        "GE_Rocks"
    ],
    "RelatedEntriesWarpType": 3
}