{
    "AssociatedCards": [],
    "AssociatedCardsWarpData": [
        "6dbd8622757f432f908944ff4547b974"
    ],
    "AssociatedCardsWarpType": 3,
    "AssociatedStats": [],
    "ExplicitPage": {
        "m_FileID": 0,
        "m_PathID": 0
    },
    "OverrideDescription": {
        "DefaultText": "这里记录了当前可用的菜谱：",
        "LocalizationKey": "",
        "ParentObjectID": "40ebba142baa71e4e826aa4a6801a236"
    },
    "OverrideIllustration": {
        "m_FileID": 0,
        "m_PathID": 0
    },
    "OverrideIllustrationWarpData": "CookingPotClosed",
    "OverrideIllustrationWarpType": 3,
    "OverrideTitle": {
        "DefaultText": "烹饪说明",
        "LocalizationKey": "",
        "ParentObjectID": ""
    },
    "RelatedEntries": []
}