{
    "AssociatedCards": [],
    "AssociatedCardsWarpData": [
        "389fec323e6b458f91ded3acd244fe20"
    ],
    "AssociatedCardsWarpType": 3,
    "AssociatedStats": [],
    "ExplicitPage": {
        "m_FileID": 0,
        "m_PathID": 0
    },
    "OverrideDescription": {
        "DefaultText": "玻璃是用沙子在烤制台烤出来的！",
        "LocalizationKey": "",
        "ParentObjectID": "d007ca9e4fbcd274ea78f41766fe54bd"
    },
    "OverrideIllustration": {
        "m_FileID": 0,
        "m_PathID": 0
    },
    "OverrideIllustrationWarpData": "玻璃",
    "OverrideIllustrationWarpType": 3,
    "OverrideTitle": {
        "DefaultText": "玻璃",
        "LocalizationKey": "",
        "ParentObjectID": "d007ca9e4fbcd274ea78f41766fe54bd"
    },
    "RelatedEntries": [],
    "RelatedEntriesWarpData": [],
    "RelatedEntriesWarpType": 3
}