{
    "AssociatedCards": [],
    "AssociatedCardsWarpData": [
        "a42283f66f2a49d6bdf3fa625beb13bb",
        "78bcb6ee5ece411f98eabe473de40b86"
    ],
    "AssociatedCardsWarpType": 3,
    "AssociatedStats": [],
    "ExplicitPage": {
        "m_FileID": 0,
        "m_PathID": 0
    },
    "OverrideDescription": {
        "DefaultText": "铁是各种金属原件的重要组成部分，你可以在“阿尔基克岛”发现它。为了前往“阿尔基克岛”，你需要在“沙滩”修建“栈桥”，然后在“栈桥”中修建“船只”。",
        "LocalizationKey": "",
        "ParentObjectID": "0d820eb3097c45949abfe1b123a7a15e"
    },
    "OverrideIllustration": {
        "m_FileID": 0,
        "m_PathID": 0
    },
    "OverrideIllustrationWarpData": "铁",
    "OverrideIllustrationWarpType": 3,
    "OverrideTitle": {
        "DefaultText": "铁",
        "LocalizationKey": "",
        "ParentObjectID": ""
    },
    "RelatedEntries": [],
    "RelatedEntriesWarpData": [],
    "RelatedEntriesWarpType": 3
}