{
    "BaseSet": {
        "ImageName": "木地板",
        "Priority": 0
    },
    "BookmarkLeftSet": {
        "ImageName": "",
        "Priority": 0
    },
    "BookmarkRightSet": {
        "ImageName": "",
        "Priority": 0
    },
    "Card": {
        "m_FileID": 0,
        "m_PathID": 0
    },
    "CardWarpData": "bf9d97eb236044779b5f283a32de4e12",
    "CardWarpType": 3,
    "ConditionSets": [],
    "EnvSet": {
        "ImageName": "原木墙",
        "Priority": 0
    },
    "ExpSet": {
        "ImageName": "",
        "Priority": 0
    },
    "FilterLeftSet": {
        "ImageName": "",
        "Priority": 0
    },
    "FilterRightSet": {
        "ImageName": "",
        "Priority": 0
    },
    "HandSet": {
        "ImageName": "",
        "Priority": 0
    }
}