{"BarColor":{"r":0.0,"g":0.0,"b":0.0,"a":0.0},"BarHighlightColor":{"r":0.0,"g":0.0,"b":0.0,"a":0.0},"BaseRatePerTick":0.0,"BaseValue":30000.0,"CannotBeInspected":false,"DefaultStatusDescription":{"DefaultText":"","LocalizationKey":"","ParentObjectID":""},"DefaultStatusIcon":{"m_FileID":0,"m_PathID":0},"DefaultStatusIconWarpData":"","DefaultStatusIconWarpType":3,"DefaultStatusName":{"DefaultText":"","LocalizationKey":"","ParentObjectID":""},"Description":{"DefaultText":"","LocalizationKey":"","ParentObjectID":""},"FeedbackInfo":{"Icon":{"m_FileID":0,"m_PathID":0},"Inverted":false,"NegativeIcon":{"m_FileID":0,"m_PathID":0},"StepValue":1.0},"GameName":{"DefaultText":"\u54cd\u5c3e\u86c7\u79cd\u7fa4\u6570\u91cf","LocalizationKey":"","ParentObjectID":""},"InvertedDirection":false,"MaxStalenessStack":0,"MinMaxRate":{"x":0.0,"y":0.0},"MinMaxValue":{"x":0.0,"y":30000.0},"NotEnoughIcon":{"m_FileID":0,"m_PathID":0},"NotEnoughText":{"DefaultText":"","LocalizationKey":"","ParentObjectID":""},"NoveltyCooldownDuration":0,"OverrideFeedbackPrefab":{"m_FileID":0,"m_PathID":0},"RequiredPerks":[],"ShowActionEffects":false,"StalenessMultiplier":0.0,"StatPriority":0,"StatusDebugMode":false,"Statuses":[{"ActionsMaxTicks":0,"AlertLevel":0,"AlertSounds":[],"ConfidenceModifier":0.0,"Description":{"DefaultText":"","LocalizationKey":"","ParentObjectID":""},"EffectsOnActions":[],"EffectsOnStats":[{"ApplyEachTick":false,"InstantModifier":false,"IsInverse":false,"RateModifier":{"x":5.0,"y":5.0},"Stat":{"m_FileID":0,"m_PathID":0},"StatWarpData":"0111f8e36ee5556717c970a99be7dd25","StatWarpType":3,"ValueModifier":{"x":0.0,"y":0.0}}],"GameName":{"DefaultText":"\u4f4e\u5bc6\u5ea6","LocalizationKey":"","ParentObjectID":""},"GameOver":false,"Icon":{"m_FileID":0,"m_PathID":0},"IconWarpData":"","IconWarpType":3,"NotifyPlayer":0,"PreventingActionMessage":{"DefaultText":"","LocalizationKey":"","ParentObjectID":""},"RepeatAlertSounds":0,"RepeatTextNotification":0,"StatusLog":{"Category":{"m_FileID":0,"m_PathID":0},"LogText":{"DefaultText":"","LocalizationKey":"","ParentObjectID":""},"TicksToRegister":0},"ValueRange":{"x":2000.0,"y":10000.0}},{"ActionsMaxTicks":0,"AlertLevel":0,"AlertSounds":[],"ConfidenceModifier":0.0,"Description":{"DefaultText":"","LocalizationKey":"","ParentObjectID":""},"EffectsOnActions":[],"EffectsOnStats":[{"ApplyEachTick":false,"InstantModifier":false,"IsInverse":false,"RateModifier":{"x":3.0,"y":3.0},"Stat":{"m_FileID":0,"m_PathID":0},"StatWarpData":"0111f8e36ee5556717c970a99be7dd25","StatWarpType":3,"ValueModifier":{"x":0.0,"y":0.0}}],"GameName":{"DefaultText":"\u4e2d\u7b49\u5bc6\u5ea6","LocalizationKey":"","ParentObjectID":""},"GameOver":false,"Icon":{"m_FileID":0,"m_PathID":0},"IconWarpData":"","IconWarpType":3,"NotifyPlayer":0,"PreventingActionMessage":{"DefaultText":"","LocalizationKey":"","ParentObjectID":""},"RepeatAlertSounds":0,"RepeatTextNotification":0,"StatusLog":{"Category":{"m_FileID":0,"m_PathID":0},"LogText":{"DefaultText":"","LocalizationKey":"","ParentObjectID":""},"TicksToRegister":0},"ValueRange":{"x":10001.0,"y":20000.0}},{"ActionsMaxTicks":0,"AlertLevel":0,"AlertSounds":[],"ConfidenceModifier":0.0,"Description":{"DefaultText":"","LocalizationKey":"","ParentObjectID":""},"EffectsOnActions":[],"EffectsOnStats":[{"ApplyEachTick":false,"InstantModifier":false,"IsInverse":false,"RateModifier":{"x":2.0,"y":2.0},"Stat":{"m_FileID":0,"m_PathID":0},"StatWarpData":"0111f8e36ee5556717c970a99be7dd25","StatWarpType":3,"ValueModifier":{"x":0.0,"y":0.0}}],"GameName":{"DefaultText":"\u9ad8\u5bc6\u5ea6","LocalizationKey":"","ParentObjectID":""},"GameOver":false,"Icon":{"m_FileID":0,"m_PathID":0},"IconWarpData":"","IconWarpType":3,"NotifyPlayer":0,"PreventingActionMessage":{"DefaultText":"","LocalizationKey":"","ParentObjectID":""},"RepeatAlertSounds":0,"RepeatTextNotification":0,"StatusLog":{"Category":{"m_FileID":0,"m_PathID":0},"LogText":{"DefaultText":"","LocalizationKey":"","ParentObjectID":""},"TicksToRegister":0},"ValueRange":{"x":20001.0,"y":30000.0}}],"StatusesHaveNoBar":false,"TimeOfDayMods":[],"TooMuchText":{"DefaultText":"","LocalizationKey":"","ParentObjectID":""},"TrendIndicatorRateRange":{"x":0.0,"y":0.0},"UniqueID":"0111f8e36ee5556717c970a99be7dd25","UsesNovelty":false,"Visibility":2,"VisibleInDetailedList":false,"VisibleValueRange":{"x":0.0,"y":0.0}}