{"BarColor":{"a":0.0,"b":0.264437615871429,"g":0.0293698757886887,"r":0.415094316005707},"BarHighlightColor":{"a":0.0,"b":0.0,"g":0.0,"r":0.0},"BaseRatePerTick":0.0,"BaseValue":0.0,"CannotBeInspected":false,"DefaultStatusDescription":{"DefaultText":"","LocalizationKey":"","ParentObjectID":""},"DefaultStatusIcon":{"m_FileID":0,"m_PathID":0},"DefaultStatusIconWarpData":"\u66b4\u6652","DefaultStatusIconWarpType":3,"DefaultStatusName":{"DefaultText":"","LocalizationKey":"","ParentObjectID":""},"Description":{"DefaultText":"","LocalizationKey":"","ParentObjectID":""},"FeedbackInfo":{"Icon":{"m_FileID":0,"m_PathID":0},"Inverted":false,"NegativeIcon":{"m_FileID":0,"m_PathID":0},"StepValue":1.0},"GameName":{"DefaultText":"\u66b4\u6652","LocalizationKey":"","ParentObjectID":""},"InvertedDirection":false,"MaxStalenessStack":0,"MinMaxRate":{"x":0.0,"y":0.0},"MinMaxValue":{"x":0.0,"y":1.0},"NotEnoughIcon":{"m_FileID":0,"m_PathID":0},"NotEnoughText":{"DefaultText":"","LocalizationKey":"","ParentObjectID":""},"NoveltyCooldownDuration":0,"OverrideFeedbackPrefab":{"m_FileID":0,"m_PathID":0},"RequiredPerks":[],"ShowActionEffects":false,"StalenessMultiplier":0.0,"StatPriority":0,"StatusDebugMode":false,"Statuses":[],"StatusesHaveNoBar":false,"TimeOfDayMods":[],"TooMuchText":{"DefaultText":"","LocalizationKey":"","ParentObjectID":""},"TrendIndicatorRateRange":{"x":0.0,"y":0.0},"UniqueID":"87b257f0886526fcbc5011fe33f577fd","UsesNovelty":false,"Visibility":0,"VisibleInDetailedList":false,"VisibleValueRange":{"x":0.0,"y":0.0}}